| Run on Wed Aug 19 20:30:06 2026
| GB non-polar solvation energies calculated with gbsa=2
idecomp = 2: Per-residue decomp adding 1-4 interactions to EEL and VDW.
Energy Decomposition Analysis (All units kcal/mol): Generalized Born model

Complex:
Total Energy Decomposition:
Residue,Internal,,,van der Waals,,,Electrostatic,,,Polar Solvation,,,Non-Polar Solv.,,,TOTAL,,
,Avg.,Std. Dev.,Std. Err. of Mean,Avg.,Std. Dev.,Std. Err. of Mean,Avg.,Std. Dev.,Std. Err. of Mean,Avg.,Std. Dev.,Std. Err. of Mean,Avg.,Std. Dev.,Std. Err. of Mean,Avg.,Std. Dev.,Std. Err. of Mean
R:A:LYS:27,25.791260923845197,3.149672011631937,0.11128818850150735,-5.892555555555555,1.385063744111857,0.04893882108107466,-76.3171847690387,7.1180239504807945,0.25150300991147123,46.35222222222223,6.347927017639614,0.22429297270443618,0.1487598202247191,0.07073023723949394,0.0024991300508736825,-9.917497358302123,10.139343198820516,0.35825607651355507
R:A:SER:28,17.106960049937577,2.1426083071701543,0.07570534210947931,-2.4994744069912613,0.7808846065173839,0.02759120091460092,-16.9208202247191,2.268988347257531,0.08017076126173725,-6.045192259675407,1.8240310575388867,0.06444896846856596,0.5634254921348315,0.06799235509599132,0.0024023917419463475,-7.7951013493133585,3.6987256597183245,0.13068804526755165
R:A:GLN:31,28.361026217228467,2.9326034166866726,0.10361844681957603,-3.912700374531835,1.2158211920954594,0.042958929536266406,-71.83313732833957,2.1517553067187642,0.07602853544714416,-12.047503121098625,1.6646947781567103,0.05881909785679235,0.7891883595505618,0.1289468872061469,0.004556114235731164,-58.643126247191006,4.182854393215894,0.14779389297280457
R:A:TRP:35,26.528745318352062,3.3948572522055493,0.11995138300873663,-11.402746566791508,1.2066373077485875,0.04263443293833615,4.6713208489388265,1.5334008398027874,0.054180054646364224,-8.013762796504368,1.1917317150111704,0.04210776971493947,0.07453240449438203,0.04179916173698447,0.0014769007609082166,11.858089208489387,4.093204019016967,0.1446262527530499
R:A:VAL:36,19.6716404494382,2.52571427418429,0.08924172587123833,-2.621421972534332,1.5076399914392264,0.05326983982461289,-28.51903870162297,1.428967745866541,0.050490092707200014,-0.42034456928838954,0.5570771848552386,0.01968335449821547,0.4368076943820225,0.12916104236090534,0.00456368103606571,-11.452357099625468,3.319815856652601,0.11729992566877516
R:A:ALA:37,16.126675405742823,2.024223160314451,0.07152240861976975,-4.484857677902622,0.8321830051296217,0.02940374070715736,-3.2043308364544316,1.1917169693310927,0.04210724870195209,-3.2729088639200996,1.0665199994829966,0.037683631281212014,0.11396270561797753,0.057913427952116805,0.002046270361771496,5.278540733083645,2.7112757451439817,0.09579821806550949
R:A:SER:38,16.09510736579276,2.1130119608097395,0.07465960662954686,-2.471516853932584,1.2914924492984254,0.045632641943351746,-6.55814357053683,4.382752574347746,0.1548569479133676,-4.967907615480649,2.147806716592448,0.07588901887504719,0.30503667415730334,0.08980064058451925,0.0031729496214267833,2.402576,5.47379486900639,0.1934070318912155
R:A:LYS:39,24.068885143570533,3.161918725514314,0.11172090485991948,-1.8415268414481896,1.217208571366623,0.04300795017247302,-23.951538077403246,9.604810893816614,0.33936930617692007,-9.721375780274657,8.924456188448586,0.3153301546655047,1.142764188764045,0.10345071134058108,0.003655251156872195,-10.30279136679151,13.542095087103762,0.4784864027724844
R:A:GLY:40,11.007875156054933,1.7627689819683605,0.062284379460914384,-2.5764756554307113,0.7953383028304148,0.028101897162936536,-11.299369538077404,1.7862407265971232,0.06311371277913236,-3.5485555555555557,1.353389209275179,0.047819656421839114,0.06808682247191011,0.04197081119836122,0.0014829656964136695,-6.348438770536831,2.960404927348334,0.10460076489832054
R:A:ILE:51,20.154518102372034,2.6726351386326708,0.09443291936603783,-6.508900124843946,1.3982284796880378,0.04940397414112786,-10.114063670411985,1.042027511883256,0.03681823178348512,-1.0415717852684145,0.6359963411612293,0.02247182577742349,0.03142351460674157,0.016448193923841715,0.000581168356306857,2.521406036454432,3.2540136278510317,0.11497491823446326
R:A:ASP:54,12.39807365792759,2.6161773021380736,0.09243807979957054,-3.800458177278402,1.5375041495225061,0.0543250379664946,6.066702871410737,9.092427132243639,0.32126511614301884,-77.5179925093633,9.843435659132155,0.34780069768863636,0.2751652494382022,0.11115388257264266,0.00392742932938257,-62.57850890786517,13.739945946118825,0.4854771191429311
R:A:ILE:55,21.735642946317103,2.902475529544358,0.10255393026957856,-1.7610886392009988,1.4736336072351246,0.052068283319178565,-6.276146067415731,1.808464983871758,0.06389896829899332,-6.5225056179775285,1.3004979763720181,0.04595083659689668,0.6414748674157305,0.08485021808115595,0.0029980350428034206,7.817377489138576,3.9452503535166206,0.13939856702739867
R:A:PHE:56,22.418319600499377,2.93583093240198,0.10373248548010645,-7.564913857677903,1.1825885375982008,0.04178471142579715,-8.33103870162297,1.1928433847637308,0.04214704863430551,-0.26972284644194755,0.9393361393088329,0.03318981054269072,0.04730773932584269,0.02037398069630472,0.0007198792115124501,6.299951934082397,3.510450360734725,0.124035664674879
R:A:SER:57,17.11811235955056,2.19199585938252,0.07745036546427302,-2.749023720349563,0.957804092618551,0.03384234358790265,-8.014300873907615,2.0759984636519793,0.07335179901225194,-6.515024968789014,1.3440996195006725,0.04749142490626893,0.3927603775280899,0.06423980811535726,0.002269802013809802,0.23252317403245945,3.4413274602340427,0.12159332707519188
R:A:ASN:58,24.87461797752809,2.6809976288722974,0.09472839343022377,-5.358116104868913,1.1672600193666338,0.04124310486482715,-85.1341722846442,2.0411139287636932,0.07211921457803225,-6.348024968789014,1.4222963854681048,0.050254371777896656,0.19503066966292135,0.037136863777830306,0.00131216656248617,-71.77066471111111,3.8393614656334094,0.1356571671383175
R:A:ARG:59,31.0503670411985,4.010058350902179,0.141688445021937,-6.372534332084894,1.6559858627597819,0.05851138346152906,-247.75395380774034,7.498938488449326,0.2649619633351461,44.1956429463171,5.890371553735129,0.20812604531363352,0.3874826876404494,0.08252418979029529,0.00291584887423185,-178.49299546466915,10.476651320522208,0.3701742729773124
R:A:GLU:60,18.71020224719101,2.8451608098668943,0.1005288142245362,-1.9883058676654182,1.3889993344631608,0.04907787832870651,8.719555555555555,8.596446195419,0.3037404914244293,-84.53546317103621,8.626498505093561,0.30480233757590697,0.6309759011235955,0.10800679044266177,0.003816232296517089,-58.46303533483146,12.58377082996343,0.44462568007490366
R:A:GLY:61,10.379573033707866,1.6620840579532319,0.058726852594093125,-1.4605031210986268,0.6013995352936617,0.02124940774826972,-3.3725667915106117,1.3626153611961112,0.048145646471065943,-3.16365418227216,0.9438001261723311,0.0333475377630802,0.3900927280898876,0.03348138838980525,0.0011830066904287707,2.772941666916355,2.4233871174149506,0.08562617356315239
R:A:LYS:62,25.21918352059925,3.1805354557521395,0.11237869467941099,-3.2331760299625465,1.3755572254995205,0.048602924761897405,-63.5798277153558,10.467264402063346,0.36984260252177287,32.97723096129838,10.916106358509994,0.385701653264818,0.6792737528089887,0.12033749635625135,0.004251916367429984,-7.937315510611736,15.516038369118405,0.5482322592454283
R:A:GLU:73,18.885139825218477,2.6878378922018387,0.09497008225115706,-5.636350811485642,1.4545109995176448,0.05139261919782118,0.5015593008739075,4.632970759859635,0.16369797278608894,-74.12189762796504,4.225484792877419,0.14930016408163924,0.05375264719101123,0.035150511184046745,0.00124198224454098,-60.31779666616729,6.975704275373421,0.2464743914482376
R:A:ASP:75,11.625289637952559,2.550219152122064,0.09010756316003349,-5.439111111111111,1.3431686003728662,0.04745852896287826,-11.245810237203496,5.0076155864461125,0.17693539685065615,-59.8097390761548,4.322712808012804,0.15273554707899706,0.03504473707865168,0.026313610152454692,0.0009297456992305268,-64.8343260494382,7.215987243692509,0.2549643726822332
R:A:PHE:82,21.46057927590512,2.697410281406442,0.0953083059932729,-1.2444344569288388,1.3038196046843624,0.046068200562538485,3.0913483146067415,1.8587284485552065,0.06567494049920097,-5.725536828963796,1.360856719199965,0.048083507911479105,0.8530775460674157,0.10203590089825902,0.003605261287889787,18.435033850686644,3.7806324297038882,0.13358207868564717
R:A:ARG:83,29.752596754057432,3.9139398803131953,0.13829226585347779,-5.881199750312111,1.6483221515092226,0.058240599538909935,-254.21121722846442,7.98336209405829,0.2820782298341641,50.666601747815236,5.498435407916342,0.19427766252477427,0.13923168539325842,0.06018447893034177,0.0021265140025149903,-179.5339867915106,10.5833064650534,0.37394274721380694
R:A:ASN:84,24.22058551810237,2.9994323184061242,0.10597972995776843,-3.6532421972534337,1.5665189758314821,0.05535022644570351,-98.1148302122347,4.047573971506581,0.14301399429886327,-5.488749063670412,2.506350224209349,0.08855753080717917,0.3001994337078651,0.12237229135194251,0.0043238123134859896,-82.73603652134831,5.8421055633428765,0.206420650397227
R:A:SER:85,17.460539325842696,2.387770082902255,0.08436770752730002,-4.686278401997503,1.187642260309203,0.041963275937790555,-18.64216354556804,3.636666298584507,0.12849528555967177,-1.0197615480649187,1.661446411743614,0.05870432247308016,0.1294271370786517,0.03612032493334498,0.0012762489284828848,-6.758237032709114,4.806140939621387,0.1698166402336815
R:A:ARG:87,29.280488139825216,3.7774687794470307,0.13347029660013549,-10.981543071161049,1.618644425510051,0.05719198865082555,-257.5064269662921,5.8911339865862855,0.20815298455382927,58.62619725343321,4.430349726057016,0.1565387105769065,0.0077097797752808984,0.0065501335325642345,0.00023143758860922194,-180.5735748644195,8.439359063534779,0.2981900905319775
R:A:THR:100,18.73070911360799,2.4442869743573628,0.08636463369819881,-2.4893770287141073,1.1557202941990898,0.04083536872437873,-32.96264918851436,2.742066464349256,0.09688615463489154,-5.6749151061173535,2.3623153014161526,0.08346830704692357,0.5241019505617978,0.05672253154509104,0.002004192106213013,-21.87213025917603,4.518064600604478,0.15963796327908428
R:A:ASP:101,9.92688888888889,2.58032900163778,0.09117144238183247,-2.0923483146067414,1.5080116944794966,0.05328297330576883,0.7651660424469413,6.559555801329614,0.23177050810642702,-70.45385143570537,5.33211470315873,0.18840100937663318,0.361208,0.03630988759603717,0.0012829467958356208,-61.49293681897629,8.966199582527464,0.3168050849731007
R:A:HIS:102,40.485588014981275,2.7336665312682085,0.09658935759295469,-10.593769038701623,1.3248095909506605,0.04680984526065977,-22.224529338327095,2.0374863781199632,0.07199104137829992,-3.871425717852684,1.0522670727041654,0.037180028875563785,0.03204302921348314,0.021890646562669886,0.0007734679649466197,3.827906949313358,3.806198771764232,0.13448542096509655
R:A:TYR:103,25.247852684144817,3.1377707905220853,0.11086767952997635,-7.793956304619227,1.5054042619338224,0.05319084420674636,-35.06533208489388,3.40180984944295,0.12019704095314272,-1.8784494382022472,1.862898855968393,0.065822294599759,0.008363451685393259,0.0088587337616248,0.00031300796689543516,-19.481521691885142,5.211010305324812,0.18412199587785316
R:A:GLN:104,27.754,2.8550245036346986,0.10087733070729969,-4.505411985018727,1.1354867776765751,0.040120452570414085,-80.99425093632958,3.4016603980809736,0.12019176034891409,-5.585098626716604,2.380093100605767,0.08409645469532923,0.6150032539325843,0.0637571616781638,0.002252748540469212,-62.715758294132335,5.16533607287287,0.18250817622552065
R:A:PHE:106,21.3167240948814,3.011414196967778,0.10640308882022999,-5.475514357053682,1.0766586136715417,0.03804186159941402,-2.0923058676654183,1.0647864128297486,0.03762237800863701,-5.516714107365794,0.8498118918906319,0.030026626793608794,0.21076129438202248,0.03829204264707583,0.00135298280090045,8.442951057178528,3.476381146129963,0.1228318881663947
L:B:ILE:13,23.461927590511863,2.879592736714454,0.10174540653996779,-3.413609238451935,1.4926957828002185,0.05274181217542219,-11.674807740324596,1.443864620277089,0.05101644788366341,-1.6496941323345817,0.677079308198854,0.0239234210428986,0.44025048988764043,0.07578781499993141,0.0026778307743413835,7.164066969288389,3.61512382270782,0.1277341196010259
L:B:HIS:17,39.78564794007491,2.806556694652453,0.09916480488164191,-12.023687890137328,1.0242994707157338,0.03619184224834381,-21.15799875156055,1.629712233430705,0.05758305041523258,-0.4546791510611735,1.1696518238095908,0.041327615119457956,0.016708485393258428,0.01634065323579456,0.00057736859292871,6.165990632709113,3.598647559249169,0.1271519594564727
L:B:LEU:26,22.414118601747813,2.725648191181032,0.09630604347650212,-4.941551810237203,1.4431412160329555,0.05099088765149111,-18.39207365792759,2.355954021013847,0.08324354225557125,-3.565230961298377,1.8542854121879089,0.06551795352819675,0.08403082247191011,0.03706874642259185,0.0013097597540813568,-4.400707005243445,4.301404708051435,0.1519826623861299
L:B:PRO:27,27.665560549313355,2.35012533926467,0.08303759591232591,-4.723573033707866,1.0269992639295173,0.03628723475111269,-8.657700374531835,1.7838344929503858,0.0630286926936543,-2.9829612983770293,1.315723811563399,0.04648881503103634,0.171088997752809,0.06710809961086008,0.002371148110625577,11.472414840449439,3.390503611847879,0.11979755469042193
L:B:GLU:28,20.277364544319603,2.8207549749411953,0.099666476448502,-0.26601123595505616,1.233743181673434,0.04359217190153805,12.064350811485646,10.698634611941268,0.37801766692068034,-87.48290511860175,10.431884215022793,0.3685925050798657,1.1984272898876402,0.10977512573856094,0.0038787133520102064,-54.20877370886392,15.256992569988407,0.5390793259820166
L:B:TYR:29,23.651543071161047,3.0592661435030584,0.10809385421628248,-4.03643570536829,2.068704059445569,0.07309406391242847,-23.27623595505618,1.9071700392354693,0.06738653994670812,-8.3321797752809,1.8007297023191546,0.06362565556409291,0.5802058966292134,0.2669644334257232,0.00943272444894552,-11.413102467915106,4.537602985105333,0.16032831815073945
L:B:TYR:30,22.565671660424474,2.9540906344360502,0.10437766032829521,-8.845485642946318,1.1272522867391617,0.03982950113919442,-21.63040574282147,1.9070958492415206,0.06738391857216469,-8.439735330836454,1.605636450709768,0.05673237446044301,0.07027132584269663,0.030471689938900304,0.0010766642245148483,-16.279683730337076,4.026581764766647,0.14227227114416377
L:B:GLY:31,11.359558052434458,1.7639515471271985,0.062326163346292304,-3.412132334581773,0.8471159561486938,0.02993137058790587,-12.613093632958801,1.8913760700014666,0.0668284874832105,-2.1901061173533085,1.0541761242074164,0.03724748189377275,0.013801375280898875,0.012906158124868455,0.00045601667504624737,-6.841972657178527,2.9185420695468585,0.10312161354763481
L:B:GLU:32,19.814857677902623,2.8483655351695423,0.10064204762542986,-4.109598002496879,1.3662665069399977,0.04827465336266974,21.55194132334582,11.633340003767133,0.41104385804621135,-91.82064669163545,10.793755500705299,0.38137859826848675,0.41688277752808983,0.0713309367510414,0.0025203547244990543,-54.1465629153558,16.180998607772022,0.5717274740208068
L:B:ASN:33,22.600971285892633,2.6515888625604087,0.09368928576541695,-7.385917602996256,1.1743978575391332,0.04149530797584974,-94.19017353308364,2.4490802765216917,0.08653399670261278,0.18188888888888888,1.0157543392925523,0.035889914875245545,0.06895558651685393,0.03321345918344181,0.001173539877404203,-78.72427537478153,3.9295022631825844,0.13884213561512443
L:B:LEU:34,22.666953807740324,2.897275952801227,0.1023702122587569,-6.896383270911362,1.3232188864254644,0.04675364047984562,-33.46185642946317,2.175281369000074,0.07685978798524704,-0.11924968789013736,1.0821655336755016,0.03823643905039943,0.08305027415730337,0.04458339762694843,0.0015752768989348638,-17.72748530636704,4.006249508456917,0.1415538661913618
L:B:ASP:35,12.887345817727839,2.4582192709419908,0.08685690719297634,-8.57362047440699,1.1145271787803,0.039379881557219575,-5.484930087390762,6.106069583243533,0.21574736044698212,-64.06083395755306,4.701041506633034,0.16610313436176402,0.020666283146067416,0.014987352441902666,0.0005295520605108323,-65.2113724184769,8.165115702762712,0.2885001778311705
L:B:ALA:36,15.255792759051188,1.98573220350013,0.07016239753234985,-6.412700374531836,0.9034541429297274,0.0319219825396158,-4.778808988764045,1.1829595420475922,0.04179782022345808,0.5897403245942572,0.570762564559919,0.02016690361401691,1.4831460674157303e-06,4.194970567039291e-05,1.482219969250242e-06,4.65402520349563,2.5464730427355033,0.08997520089309928
L:B:LEU:37,23.431865168539325,2.6588489346381112,0.09394580779911889,-7.586464419475655,1.355629112693058,0.047898799517651476,-32.70462297128589,1.0885388700373462,0.038461629818136854,-0.1150174781523096,0.48004978122436986,0.0169617250131783,0.0004693662921348315,0.0022416464421152697,7.920468254553285e-05,-16.973770334082396,3.2128768475342633,0.11352142157026121
L:B:TRP:38,27.830605493133582,3.2867026202605025,0.1161299269895827,-10.385656679151062,1.2848594392034953,0.04539827605539552,-10.3865468164794,2.0747964683642,0.07330932859702449,-1.8414157303370786,1.4319186366462233,0.0505943573062198,0.19623229662921346,0.06528287132750937,0.0023066568402629307,5.413218563795256,4.3373622298509575,0.15325315894872243
L:B:ASP:39,14.89119475655431,2.4204139939573954,0.08552112341108553,-5.35049063670412,1.4430110962653018,0.05098629009556244,-23.751007490636706,9.186771164528215,0.32459859861678225,-62.872421972534326,6.3397209480853425,0.22400302549341244,0.027976422471910112,0.016248146401606378,0.0005741000246578576,-77.05474892084894,11.512157706414131,0.4067620921032619
L:B:ALA:40,15.645177278401999,1.9750785855907125,0.06978597045240384,-5.000344569288389,0.907856109319951,0.03207751837433234,-5.868339575530588,1.2594366810611468,0.04450000706423539,-0.14276903870162297,0.5290954029364073,0.018694666847790087,0.020291262921348314,0.009349021109154245,0.0003303314185279403,4.654015357802747,2.567362116588742,0.09071328002642359
L:B:THR:42,18.102338327091136,2.4682856933126547,0.08721258673871475,-2.769529338327091,1.3010856196705676,0.04597159995191876,-41.90354681647939,1.8758310845584505,0.06627923242939962,0.19933208489388263,0.914245991195068,0.03230329374903618,0.19244026067415732,0.06419491658275857,0.0022682158494969737,-26.178965482147316,3.4848195119765575,0.12313004316333163
L:B:GLY:43,11.58643695380774,1.843644840651158,0.06514198741916304,-3.2169787765293387,0.7398569408560247,0.026141559627179234,-8.29201747815231,1.9437791555208466,0.06868005946842166,-0.6167827715355805,0.827227724461446,0.0292286544737206,0.015121159550561798,0.013396114931959711,0.0004733284476066279,-0.5242209128589264,2.8998581277094813,0.10246144892304208
L:B:TRP:44,27.69219225967541,3.267367854958406,0.11544676664856128,-8.414057428214731,1.4778376784826366,0.05221682687283718,1.1917265917602995,2.3276109737986306,0.08224208992353625,-4.496297128589263,1.436239347141137,0.05074702210504412,0.49594807191011236,0.1491796719807865,0.005271004534655929,16.46951236654182,4.51248354963372,0.15944076653917724
L:B:VAL:45,19.455935081148564,2.7269059542228997,0.09635048434843313,-4.511368289637952,1.2219824800161265,0.04317662794073361,-26.726605493133583,1.6067232694490523,0.05677077531242943,-4.0025393258426964,1.3076559576717806,0.04620375143032579,0.06262889887640449,0.03702248536942852,0.0013081252001386904,-15.721949128589264,3.6362276740172845,0.12847978752262595
L:B:GLU:46,19.543498127340825,2.768909540370639,0.09783460809074207,-2.7519600499375776,1.3636284575313251,0.04818144246998491,-13.638403245942573,13.902298281814549,0.4912135568646494,-57.92612858926342,13.233782082965543,0.46759269841365425,0.5742824,0.13816406401143028,0.004881787164839304,-54.19871135780274,19.440995799019465,0.6869138110724394
L:B:TYR:47,24.353325842696623,3.017284928047489,0.10661052090351603,-3.714092384519351,1.217240492234182,0.043009078040871035,-15.078299625468166,1.554451208437593,0.05492383285057243,-6.155208489388265,1.0492740265294875,0.0370742747888998,0.47765032808988767,0.061755278909923716,0.002182015490790687,-0.11662432858926337,3.755900825313788,0.13270823041155844
L:B:SER:69,16.813538077403248,2.209025913610351,0.07805209284353615,-4.099881398252185,0.9774676354964337,0.034537120713368306,-11.07216479400749,1.990330923195739,0.07032488530328615,-3.5360624219725345,1.2131492291895802,0.04286452036907683,0.28216088988764043,0.05283691481443089,0.0018669005896457794,-1.6124096469413236,3.3572575774171125,0.11862286382324758
L:B:GLN:72,27.835700374531836,2.893318915567101,0.10223039722278092,-3.9221560549313357,1.4069389123155571,0.04971174214509815,-81.13231460674157,5.157199666766379,0.1822206904513956,-4.026250936329588,3.7773997848102328,0.1334678587945109,0.6142311191011236,0.08984402232255842,0.003174482439771867,-60.630790104369545,7.157115406062195,0.2528842385795595
L:B:VAL:73,20.56815730337079,2.682800411447922,0.09479209162049958,-6.106478152309613,1.3114263031710058,0.04633697003819481,-27.92216229712859,1.2544396040569006,0.04432344402987774,-1.370227215980025,0.5594518726495611,0.019767259965804095,0.0027071011235955057,0.006490298417551781,0.00022932341877378401,-14.828003260923845,3.2869293023010084,0.11613793640566177
L:B:GLU:76,20.741102372034955,2.5981125622073216,0.09179979359858843,-3.0487041198501874,1.4663687724697403,0.05181159300418177,-6.2818164794007485,11.974780766136464,0.42310807418818625,-76.11014481897628,10.26277998997338,0.36261750107811586,0.46498125842696625,0.0650714435081326,0.0022991864055858058,-64.2345817877653,16.05069120241132,0.5671232882397577
L:B:GLU:80,19.65898377028714,2.882006947151928,0.10183070847148817,-1.719265917602996,1.2115703125166626,0.04280873209154351,43.47310986267166,5.7550910203141,0.20334614269255283,-115.07251061173534,5.393952755844678,0.19058594953499405,0.8690907415730337,0.15891162172833417,0.005614866071346894,-52.79059215480649,8.486160412902198,0.29984373490234084
L:B:GLY:81,10.94503745318352,1.7984359819351665,0.0635446109392811,-0.6142896379525593,0.6594397660125945,0.02330015846550801,-7.7817215980024965,1.56531888592298,0.055307823353742534,-5.5496491885143575,1.2630935185020398,0.04462921506206454,0.48352810786516853,0.04578524651621047,0.001617742141425056,-2.517094863420724,2.777941238763957,0.0981537274624012
L:B:ALA:82,13.870594257178528,2.078172694756247,0.07342862169095754,-2.86408988764045,0.8234087666001437,0.029093718232493467,-7.033111111111111,1.9182113121580935,0.0677766641430599,-0.45073408239700374,1.443160675230334,0.05099157520842337,0.16195906516853933,0.04422509539290174,0.0015626169119851627,3.684618241198502,3.2803973810850224,0.11590714231761798

Sidechain Energy Decomposition:
Residue,Internal,,,van der Waals,,,Electrostatic,,,Polar Solvation,,,Non-Polar Solv.,,,TOTAL,,
,Avg.,Std. Dev.,Std. Err. of Mean,Avg.,Std. Dev.,Std. Err. of Mean,Avg.,Std. Dev.,Std. Err. of Mean,Avg.,Std. Dev.,Std. Err. of Mean,Avg.,Std. Dev.,Std. Err. of Mean,Avg.,Std. Dev.,Std. Err. of Mean
R:A:LYS:27,12.538455680399501,2.5538918597518347,0.09023733190341483,-3.738632958801498,1.0506957911571813,0.037124510371940575,-68.91374531835207,7.204216180583801,0.2545484626175448,49.02634706616728,6.378320881142308,0.22536688706703814,0.14230250786516854,0.06836512041395401,0.002415562756839026,-10.945273022721597,10.010729599082815,0.35371173841149006
R:A:SER:28,4.123204744069913,1.0929400261000835,0.038617137021339475,-0.9294681647940075,0.30753857372667986,0.01086634120568201,-3.1302209737827713,1.6929641454745057,0.059817946837658495,-0.8597390761548064,1.3619878173337083,0.04812347329894068,0.49139400449438203,0.06392261628599631,0.0022585945915872038,-0.3048294661672909,2.4524115454552082,0.08665170130285473
R:A:GLN:31,15.425280898876403,2.315382007886417,0.0818100006588157,-2.168063670411985,0.8434693142526904,0.029802522831942336,-64.49281772784019,2.067906879107351,0.07306589693014534,-8.279480649188514,1.5689607126344305,0.05543650097352547,0.6895801168539326,0.13944503921292345,0.00492704819810342,-58.82550103171036,3.581864852830294,0.12655897168231348
R:A:TRP:35,15.430694132334583,2.8009182777403208,0.09896558121586016,-9.254740324594257,0.849139136651146,0.03000285615602152,8.562754057428215,0.6483931916845388,0.022909846953205616,-2.219088639200999,0.4894160635687921,0.017292666327465917,0.03197141573033708,0.023488626922339058,0.0008299298247313238,12.551590641697876,3.0375440740620028,0.10732634263105349
R:A:VAL:36,6.844219725343321,1.7399984456664819,0.06147982212069441,-1.2902883895131085,0.8700890840653995,0.030743086150866634,-18.89029088639201,0.7311060620299337,0.025832362527050935,3.9789900124843944,0.5969136328178642,0.021090906177794362,0.41588230112359553,0.12618831722016044,0.004458644957831337,-8.941487236953808,2.165962847214867,0.07653053420734328
R:A:ALA:37,2.9928951310861427,0.9174305262664891,0.032415813763186585,-1.521039950062422,0.43132856153054305,0.015240245360285615,2.046194756554307,0.15149020733639315,0.005352643287276688,-0.12675905118601746,0.09193578131631246,0.0032483911097339843,0.04579996404494382,0.029708973040685708,0.001049714948009765,3.4370908504369537,1.0295665070318727,0.03637794382597794
R:A:SER:38,4.006147315855181,1.109050994380214,0.03918639009539908,-1.2987003745318353,0.9310048804936422,0.03289543998662784,-6.9601123595505605,3.716605492499299,0.13131979809564168,1.751258426966292,1.6716195013176713,0.059063770919134014,0.11050906966292134,0.05227780869201332,0.0018471455461637391,-2.3908979215980026,4.325154946239714,0.1528218357904373
R:A:LYS:39,12.823627965043693,2.5071512090290464,0.08858583221420571,-1.4401111111111111,0.8398195700572089,0.02967356546161647,-20.46801373283396,9.65088933401422,0.34099740780770216,-5.120591760299625,9.00824847146921,0.31829080941092985,0.9636072719101123,0.10440234068777417,0.0036888753265580786,-13.241481367290886,13.46440527483649,0.47574136822910434
R:A:GLY:40,0.6527840199750313,0.2113912526978662,0.00746914265705423,-0.05449687890137329,0.17295302647262065,0.006110994713388725,-4.322870162297129,0.49785477190011845,0.01759083342550585,2.8590099875156056,0.41429051294198455,0.014638235514175035,0.02228238202247191,0.02523125848873812,0.000891502683598496,-0.8432906516853933,0.703371616221176,0.02485241406836979
R:A:ILE:51,10.128996254681647,2.062116004427566,0.07286128643401352,-4.585700374531836,1.0044920046362424,0.03549197984659186,-5.899513108614232,0.3974606288063455,0.014043580797357366,4.1603458177278405,0.3418095585157703,0.012077246913087545,0.02519772584269663,0.01544404360296328,0.0005456884492622288,3.829326315106117,2.352950030774376,0.08313740147939126
R:A:ASP:54,3.043143570536829,1.6862346349356796,0.059580171274170625,-2.117265917602996,1.0916535684719266,0.038571682276054,9.589071161048688,9.464033274265748,0.3343951735677114,-70.83950561797754,9.942653689146725,0.35130639440443145,0.2538009617977528,0.11057190888217079,0.003906866300111915,-60.07075584219725,13.873413750889155,0.4901929721464529
R:A:ILE:55,10.43069163545568,2.260104971663656,0.07985688261851032,-0.9825867665418228,0.99764278119779,0.035249974435776876,-5.579061173533083,0.6981104101946148,0.024666518493888737,3.821615480649188,0.5722043120613676,0.02021784525718491,0.5981899235955056,0.08103644451991474,0.0028632819798120874,8.288849099625468,2.631484073050602,0.09297891795680464
R:A:PHE:56,10.47252933832709,2.3319159589062024,0.08239419909311908,-5.3027191011235955,0.7975210279420091,0.028179019962634087,-1.0504669163545568,0.48793936937018884,0.017240489903468013,1.2141036204744071,0.3512552528910014,0.012410994113518644,0.01291953258426966,0.00957307418553451,0.00033824794472700644,5.346366473907616,2.5368146471560302,0.08963393826514914
R:A:SER:57,4.388970037453183,1.105858074754283,0.03907357382758182,-1.6259887640449437,0.4649192282135061,0.01642711320935032,-2.433209737827715,1.577817610005036,0.05574944405473466,-0.5028951310861423,1.0213342459431896,0.03608707118258917,0.19095389662921347,0.057794014407186484,0.00204205109162249,0.017830301123595474,2.230480703960816,0.07881016058645195
R:A:ASN:58,11.826358302122348,1.9534765220131372,0.06902269906587076,-3.58530961298377,0.7092570194368537,0.02506036456608982,-80.53185018726592,1.657385922893739,0.058560852153991594,-5.845744069912609,0.992708157672751,0.03507561808660451,0.12890680449438202,0.03320363848742446,0.0011731928801722504,-78.00763876354557,2.8377131826529185,0.1002656652559398
R:A:ARG:59,17.57669288389513,3.4344972287140143,0.12135199271081912,-5.744645443196005,1.3408553707338469,0.047376795012433984,-238.30189263420723,7.45896924669751,0.2635497196177332,49.27852684144819,5.973962118046642,0.21107957267892483,0.16108756853932582,0.07230641401670991,0.0025548215189524887,-177.03023078352058,10.243209368543315,0.3619260071705733
R:A:GLU:60,8.045711610486892,1.9897504189132793,0.07030437419299476,-2.050339575530587,1.0055966940853451,0.03553101212906233,15.28321847690387,8.45943998825068,0.2988996151195582,-74.68751560549313,8.39489495145777,0.296619028380711,0.40241596404494384,0.10994323054850355,0.0038846530434154744,-53.00650912958802,12.12513113807394,0.428420443371916
R:A:GLY:61,0.6509975031210987,0.21843760267163628,0.007718113191520202,-0.010089887640449439,0.09141812084640823,0.003230100476378598,-4.338538077403245,0.4028564752938586,0.014234233658610821,2.833186017478153,0.38790886493463395,0.01370608581554618,0.13672983370786515,0.012842495938978684,0.0004537672823102564,-0.7277146107365794,0.6074568428810645,0.021463432188309498
R:A:LYS:62,12.74247440699126,2.557369841560568,0.09036022034821342,-2.55178152309613,1.1202400562953088,0.039581736159041085,-59.04248938826467,10.693457437505424,0.3778347404564664,36.14558177278402,11.14250651936985,0.39370110961630284,0.4605514786516854,0.12878306524120361,0.00455032587121322,-12.245663252933833,15.694494157827599,0.5545376845023152
R:A:GLU:73,7.458947565543071,2.0001864862488388,0.07067311450137131,-3.2683183520599246,1.142701049122516,0.04037535631836368,13.247339575530585,4.390735454028203,0.15513900909795525,-69.01520599250937,4.011006489951868,0.14172194586802436,0.05273660224719101,0.034837635940130514,0.001230927341365724,-51.524500601248434,6.377652876882868,0.22534328429707676
R:A:ASP:75,2.5944382022471904,1.6948755743337542,0.05988548385561138,-3.428088639200999,0.9399394106875009,0.03321112608877261,-7.03958177278402,4.528264300937328,0.1599983519700683,-54.33579900124844,3.987277331732622,0.14088351728779983,0.0346371595505618,0.025823274191382233,0.0009124205299229373,-62.17439405143571,6.337216601081184,0.2239145387429055
R:A:PHE:82,10.467667915106118,2.2353215650009006,0.07898120400111512,-0.22473782771535578,0.8824693781800552,0.031180522334712975,1.247267166042447,0.6897712668214139,0.024371869350666667,-1.410142322097378,0.5404499602365621,0.01909586040334258,0.7996609617977527,0.11261888791801013,0.00397919274805882,10.879715893133582,2.56046251219415,0.09046949449205192
R:A:ARG:83,17.87809238451935,3.4312552576499598,0.12123744329565446,-4.6298551810237205,1.4457228117591205,0.051082103851383384,-251.67780274656678,7.462665854202378,0.2636803328216791,54.86724094881398,5.127660149362661,0.1811769629239172,0.057063910112359555,0.02538761386823714,0.0008970272292917143,-183.50526068414482,9.790227366173328,0.3459206750974659
R:A:ASN:84,12.23718352059925,2.1940862447648355,0.07752422560006136,-2.5550174781523096,1.1222854033337342,0.039654004943194696,-81.62319600499374,3.6327434177711777,0.12835667738148357,-5.226107365792758,2.3561503210828367,0.08325047817747037,0.2734987595505618,0.1251936873669519,0.0044235014399716015,-76.89363856878902,4.983721652566215,0.1760911462087327
R:A:SER:85,4.105515605493133,1.0931207647422931,0.03862352310725872,-1.3170299625468165,0.8421165825928002,0.029754726408885632,-7.631534332084894,3.369910321086768,0.11906992653878419,2.3204481897627964,1.504550729122888,0.05316068610774281,0.11844082696629213,0.03208086356392099,0.0011335215788843174,-2.404159672409488,3.940186670129588,0.13921965057222274
R:A:ARG:87,17.11216729088639,3.3520020528448264,0.11843716899308275,-7.507373283395755,1.4192979042678133,0.05014842565404506,-249.39326716604242,5.8980010694526,0.2083956209965,59.29592134831461,4.4830962328245,0.1584024167552823,0.007546831460674157,0.006548017881472902,0.00023136283575350043,-180.48500497877657,8.254388870649501,0.2916544901212188
R:A:THR:100,6.95103870162297,1.5117971471010367,0.05341672569755874,-1.3587003745318351,0.6444993722350282,0.022772265607818656,-24.78987016229713,2.5595492494130454,0.09043722593832326,0.9844444444444443,2.2472848147095625,0.07940390464542073,0.42399526292134826,0.05700527387241333,0.0020141823151313357,-17.7890921278402,3.7822930947559477,0.1336407554001333
R:A:ASP:101,1.6210986267166043,1.754022829498695,0.061975349358379124,-1.6076903870162298,1.0298388885401144,0.036387567953354245,-0.6774544319600497,5.130674910714395,0.18128348427863597,-58.72278526841448,4.539850699457637,0.16040773723234952,0.29127502921348314,0.03382578650527907,0.0011951753995047853,-59.09555643146068,7.1464940928671465,0.2525089529305717
R:A:HIS:102,27.345922596754058,2.093377498759089,0.07396585702458836,-7.762340823970038,0.9087776015244486,0.03211007770043934,-16.529700374531835,1.476692428013927,0.0521763614372069,1.1770923845193508,0.7257026361116223,0.02564144185977822,0.03202119550561797,0.021882698663514562,0.0007731871397381148,4.2629949782771535,2.8135120004821754,0.09941055852945196
R:A:TYR:103,12.305599250936329,2.420241164395017,0.0855150167787614,-4.4377602996254675,1.3006498606070116,0.045956203162466666,-26.42475655430712,1.5880568743325816,0.05611123067073543,1.1256966292134831,0.5075742134146191,0.017934253005513063,0.002647379775280899,0.0031154158353992054,0.00011007780602871336,-17.42857359400749,3.2138486706413936,0.11355575925137118
R:A:GLN:104,15.302248439450688,2.2279490643098727,0.07872070949768728,-2.843149812734082,0.7247603418280635,0.025608147528347735,-68.7347315855181,2.220890957095704,0.07847132354155806,-5.911822721598003,1.4981408715285767,0.052934204925705726,0.5593493303370787,0.04837865577716566,0.0017093757520451013,-61.62810635006242,3.559235563268418,0.12575940505025884
R:A:PHE:106,10.318149812734083,2.4202923622219283,0.08551682576502764,-4.563529338327091,0.7898879245083327,0.027909317514048546,1.5050411985018726,0.3771886702094773,0.013327306359482132,-0.4168976279650437,0.2900952136207341,0.010250010381265676,0.034646175280898875,0.020662660565319055,0.0007300792131509738,6.877410220224719,2.5900948869405487,0.0915165029724098
L:B:ILE:13,10.876544319600498,2.167463030448355,0.07658354057558056,-2.0774893882646692,0.9752818358687559,0.0344598892809864,-5.425399500624221,0.46944245911690086,0.016586933714962906,3.9723670411985017,0.427475903475616,0.01510411838126521,0.41877836404494384,0.07541241640833045,0.0026645667172995706,7.764800835955056,2.4612739690571748,0.08696483964384816
L:B:HIS:17,27.083898876404497,2.0891666076734916,0.07381707250379933,-8.565912609238453,0.7262551904126446,0.025660965406033954,-8.902264669163545,1.132852949462678,0.04002739082631303,-1.7194956304619229,0.8639988572109374,0.030527898565717044,0.01669585617977528,0.016337176450639066,0.0005772457467655746,7.91292182372035,2.6310036962957213,0.09296194467874538
L:B:LEU:26,9.442519350811486,2.040037422837962,0.07208117811139593,-4.401906367041198,0.9886496206348503,0.034932216731401115,-26.16638327091136,0.5049073280389219,0.0178400232440311,3.226837702871411,0.3192943430908295,0.011281710892476754,0.0030747865168539324,0.004580859205388601,0.00016185670154398452,-17.89585779775281,2.344372417230047,0.08283432640697451
L:B:PRO:27,13.04567540574282,1.5562140066404062,0.05498611826250113,-3.168590511860175,0.6870829432435667,0.02427688210755703,-8.966630461922596,1.0513973797799532,0.03714929978703307,8.417137328339576,0.9965144140430728,0.03521010554271457,0.09727276404494381,0.05394159512406955,0.0019059325491891709,9.42486452434457,2.2350105432969025,0.07897021458955265
L:B:GLU:28,7.976570536828964,2.0315935358634447,0.07178282803499587,-0.07799750312109863,0.8325072324782512,0.029415196717230273,11.089192259675405,10.99339254670198,0.38843242645272724,-74.53665917602997,10.573388271057233,0.3735923050601593,0.980365995505618,0.0770854009658016,0.0027236787201063307,-54.56852788714108,15.410308301995325,0.5444964710119818
L:B:TYR:29,11.90300124843945,2.4555480332441024,0.08676252364975118,-3.4401985018726595,1.8885443764895467,0.06672843451256175,-19.764975031210984,1.5230684095439024,0.05381497617403983,-1.9517690387016229,1.4611037907968238,0.05162556402379631,0.4507753617977528,0.2803211493787729,0.009904660802081515,-12.803165961548066,3.7589170807507513,0.13281480455718306
L:B:TYR:30,11.699430711610487,2.4080736278733346,0.08508509801483197,-6.804770287141074,0.7966592196640279,0.028148569464379686,-19.682029962546817,0.7570101113692138,0.026747637106491504,-0.7816079900124844,0.5057211299811816,0.017868777521815777,0.007653024719101124,0.008698468045404148,0.0003073452562477154,-15.561324503370786,2.6948800238425736,0.09521890373815389
L:B:GLY:31,0.6453620474406992,0.22434946045688103,0.007926998415495486,-0.12888014981273407,0.21832307919535407,0.007714066703451199,-6.008585518102373,0.37094346492733515,0.013106642880839627,4.745479400749064,0.3038847396117964,0.010737239325159631,0.0,0.0,0.0,-0.7466242197253434,0.5726627597966022,0.02023404371143299
L:B:GLU:32,7.857214731585518,2.089470224496843,0.07382780027676888,-2.095485642946317,1.0126778015212932,0.035781210758069074,18.009430711610488,10.915453326653349,0.38567857951869733,-78.75035580524344,10.169599493940773,0.3593251301363657,0.33686642696629215,0.06489598879412281,0.0022929870180895557,-54.642329578027464,15.098459816538327,0.5334778465630614
L:B:ASN:33,11.506921348314604,1.9182011756768944,0.06777630598810717,-4.564493133583022,0.8264292218284204,0.029200440770447714,-86.23439825218476,1.8105095212505147,0.06397120847522918,-0.0029588014981273333,0.7863342769183732,0.027783755550326986,0.05365934382022472,0.027732887004534565,0.0009798933810420856,-79.24126949513109,2.8739374460271856,0.10154558666865698
L:B:LEU:34,9.742375780274656,2.102707503744824,0.07429551654143263,-3.429520599250936,0.9653667586281962,0.03410955725248331,-27.15527965043695,0.713273244133608,0.025202270888229447,3.7682734082397,0.4492429852871464,0.01587322040040345,0.0797657797752809,0.04135490612941377,0.0014612037608346872,-16.99438528139825,2.4628438914914326,0.08702031012558441
L:B:ASP:35,2.5524531835205995,1.5849985820141115,0.05600317122493483,-4.857795255930087,0.7433258111021387,0.0262641261307425,-1.4353483146067414,5.928001690681218,0.2094556408265403,-54.459610486891386,4.519697320424739,0.15969565259735496,0.014792791011235954,0.014014963366053772,0.0004951943818794599,-58.185508082896376,7.657272236156261,0.27055641123190655
L:B:ALA:36,2.8974169787765294,0.8498504625229945,0.030027989619893287,-2.4155730337078656,0.47051676371914125,0.016624892401658105,2.1892459425717856,0.1369478087037385,0.0048388128965826446,-0.2016903870162297,0.04989551149543206,0.001762971213566365,0.0,0.0,0.0,2.46939950062422,0.9822810687208771,0.03470719501381704
L:B:LEU:37,10.186446941323345,2.0739381983151572,0.07327900311594254,-4.893857677902622,0.9206627991463195,0.03253002050986067,-27.032118601747815,0.4667875441802086,0.01649312690814654,3.507560549313358,0.2719792147850714,0.009609913035932338,0.0004664,0.002232973770105132,7.889824874737497e-05,-18.231502389013734,2.33253251445964,0.08241598401243741
L:B:TRP:38,15.094915106117353,2.7866318623678237,0.0984607955489356,-7.3863133583021225,0.9269940253475452,0.032753723388231994,5.494476903870162,1.6643674852240606,0.05880753352963403,-0.569561797752809,1.3123918083657153,0.04637108448684571,0.19618559999999996,0.06525488313667509,0.002305667926164612,12.829702453932585,3.6223451856088054,0.12798927391321926
L:B:ASP:39,3.9448277153558053,1.6620541628450651,0.058725796302383816,-2.036560549313358,1.2688480848051928,0.04483254266478782,-17.779669163545567,8.748802364075518,0.3091237319504893,-54.47953183520599,5.60404240906905,0.19800910243596426,0.022984008988764043,0.013308849403797193,0.00047024507177829776,-70.32794982372035,10.598085240094774,0.3744649295542385
L:B:ALA:40,2.9050174781523093,0.8554382467201783,0.030225424266658217,-1.972119850187266,0.365355487611132,0.012909201410549662,2.2764182272159803,0.13973106367111066,0.0049371543754137,-0.3858389513108614,0.055680291955579345,0.001967366381034976,0.010270085393258426,0.006563758419774255,0.00023191900032782018,2.8337469892634206,0.9422989834817675,0.03329449749409406
L:B:THR:42,7.103192259675406,1.548642924258669,0.05471860722003464,-2.0290374531835207,0.9068012863243007,0.032040248036359964,-30.48950436953808,1.6959221283601307,0.05992246202392042,3.550244694132335,0.5685113882339983,0.020087362209583695,0.09839937078651687,0.05023791490391127,0.0017750694431361953,-21.76670549812734,2.534258154143544,0.08954360902603292
L:B:GLY:43,0.6583483146067416,0.22962554825142756,0.008113419811393711,-0.13870536828963798,0.153036043288709,0.0054072627150197694,-4.5684394506866415,0.4233660362392061,0.01495890336267514,3.505823970037453,0.3486411183981627,0.012318628212836627,0.00024101573033707865,0.0010936801217638183,3.864328701582483e-05,-0.5427315186017478,0.613953214154189,0.02169297018088437
L:B:TRP:44,14.744183520599252,2.741622048752405,0.09687045198187474,-5.654297128589263,1.2133247176729318,0.0428707209497541,6.40005243445693,1.34666236130405,0.04758197493555506,-1.3903707865168538,0.9039028725984009,0.03193783762286546,0.4750441438202247,0.14634257275624798,0.005170760562543312,14.574612183770286,3.4118329964649483,0.12055119143961973
L:B:VAL:45,7.322902621722847,1.838193091925224,0.06494935934943578,-3.171277153558053,0.7972452527914572,0.02816927592680264,-19.295063670411988,0.7127853680911282,0.02518503263587163,4.679893882646692,0.5425392004224556,0.019169680075604954,0.019020251685393258,0.017460908087471465,0.0006169508518568552,-10.444524067915108,2.1948281218745156,0.07755043853884425
L:B:GLU:46,7.789727840199751,2.1235855231174376,0.07503320508388936,-1.0446941323345817,1.0335666282872822,0.03651928116099469,-11.5204556803995,13.977945505872436,0.49388642010230693,-50.73262671660425,13.204498253968666,0.46655800519181556,0.5201700224719101,0.12311122017806715,0.004349921079791579,-54.98787866666667,19.373558437360902,0.6845310290593961
L:B:TYR:47,11.45043695380774,2.4975751883688635,0.08824748016091602,-3.7084694132334577,1.0139554895099667,0.03582635564337919,-21.30477028714107,1.0560709338838465,0.0373144317017738,-0.19380774032459427,0.5664678703861216,0.020015158056700212,0.2869111820224719,0.050840902753852064,0.00179637497122309,-13.469699304868913,2.9503803177268653,0.10424656273343226
L:B:SER:69,4.047626716604245,1.0791988713765204,0.0381316171921456,-1.6003807740324594,0.5898124682009896,0.020839998863145588,-3.383161048689139,1.7452959091563103,0.061666998789648715,-0.3964332084893883,0.969762210500427,0.03426486290802447,0.24916302921348313,0.04783784472037627,0.0016902671329224095,-1.0831852853932582,2.3454922652708996,0.08287389429194895
L:B:GLN:72,15.170186017478152,2.249271693829675,0.07947410756725899,-1.9720199750312113,0.9617569931942537,0.03398201246224,-71.92942696629213,4.857883013284538,0.1716448565133506,-2.8473907615480654,3.6042524372365192,0.12734999808261555,0.6103178696629213,0.08758700024270495,0.0030947344857794597,-60.96833381573033,6.5254527928195785,0.23056553754901113
L:B:VAL:73,7.3508027465667904,1.7378445216892937,0.06140371695904393,-3.595409488139825,0.8506281380974936,0.030055467435236682,-19.733234706616727,0.47873539702896883,0.016915283531157,4.958415730337078,0.3463354016545207,0.012237159717498104,0.002619406741573034,0.006285434462503484,0.00022208490683908692,-11.016806311111111,2.023078621404211,0.07148196832582178
L:B:GLU:76,7.9301622971285886,2.0597662282363474,0.07277826117464081,-1.366541822721598,1.1636980341428091,0.04111724830529821,2.321843945068664,11.349949587545163,0.40103075003256444,-66.6999213483146,9.705550938575284,0.34292878063945126,0.44113173932584265,0.06564879699782386,0.0023195861880887063,-57.37332518951311,15.120192275738239,0.5342457252523691
L:B:GLU:80,8.202621722846443,2.0585774006178656,0.07273625601613136,-1.744601747815231,0.7365362790345251,0.026024229810812316,41.56974032459426,5.0748338036644975,0.17931043577563266,-101.93146816479401,4.890578222981805,0.1728000849455328,0.6505309393258425,0.1354908997552778,0.004787335550024957,-53.2531769258427,7.380398219507188,0.2607735488760111
L:B:GLY:81,0.6287752808988764,0.2291641369981233,0.008097116646383257,0.11500249687890138,0.16900066113606557,0.005971344750796758,-6.15167290886392,0.41097425780324953,0.014521061400287725,4.58734581772784,0.38195206150641536,0.01349561251536197,0.11595451685393257,0.020040825159642974,0.0007081077394266558,-0.7045947965043696,0.6294968448606661,0.022242177367433287
L:B:ALA:82,2.960149812734082,0.904537619254877,0.031960265293205656,-1.5533370786516854,0.37637817494209086,0.013298668917309306,2.2066491885143567,0.1636766796405126,0.0057832311141807835,-0.273729088639201,0.10011425565353844,0.0035373632917055165,0.06768604943820225,0.031032137512712412,0.0010964666658513664,3.4074188833957555,0.9988116681446171,0.035291275025297004

Backbone Energy Decomposition:
Residue,Internal,,,van der Waals,,,Electrostatic,,,Polar Solvation,,,Non-Polar Solv.,,,TOTAL,,
,Avg.,Std. Dev.,Std. Err. of Mean,Avg.,Std. Dev.,Std. Err. of Mean,Avg.,Std. Dev.,Std. Err. of Mean,Avg.,Std. Dev.,Std. Err. of Mean,Avg.,Std. Dev.,Std. Err. of Mean,Avg.,Std. Dev.,Std. Err. of Mean
R:A:LYS:27,13.252806491885144,1.7186309328659102,0.060724838178373916,-2.153925093632959,0.8357960191637431,0.02953140028104409,-7.403445692883895,2.276752024844001,0.08044507732116096,-2.674124843945069,1.2493639627847144,0.044144105063604736,0.006457213483146068,0.008059897006942138,0.00028478245801427573,1.0277680749063671,3.2244103841058536,0.11392893904742325
R:A:SER:28,12.983761548064919,1.707643792676408,0.06033662666810042,-1.5700187265917604,0.6279249507060756,0.022186637218384608,-13.790593008739075,1.4352038884420961,0.05071043597085021,-5.185448189762797,1.1997977077201518,0.04239276755399504,0.07203164943820224,0.0315210215535035,0.0011137405340782831,-7.490266727590512,2.6097232385897007,0.09221003667694716
R:A:GLN:31,12.935719101123595,1.6769251823391635,0.059251237940293064,-1.7446466916354557,0.7944875396781163,0.02807183692500907,-7.340287141073658,1.1573448291800954,0.040892768845574134,-3.767997503121099,0.9415324944982052,0.033267414937506574,0.09960796404494382,0.03445001165836709,0.0012172313108021167,0.18239572933832707,2.381261391153059,0.08413773421210793
R:A:TRP:35,11.098074906367042,1.6174756968327892,0.057150693653485546,-2.1480374531835205,0.7079170187696266,0.025013017970540893,-3.891458177278402,1.3311151618449684,0.04703264165333297,-5.794661672908864,0.9741474426859537,0.03441980746869093,0.0425611775280899,0.029540230489168543,0.0010437527231139299,-0.6935212194756554,2.41641833603184,0.08537994378007488
R:A:VAL:36,12.827445692883895,1.6191230567866908,0.057208900255443645,-1.33116354556804,0.9514674752842361,0.0336184502232098,-9.628720349563046,1.482901500647329,0.05239574823148062,-4.399299625468164,0.6702545141363908,0.023682278801642236,0.020925528089887638,0.011090751980837319,0.00039187245291212987,-2.5108122996254685,2.4849971445987307,0.08780305683655042
R:A:ALA:37,13.133789013732832,1.6221010532317435,0.057314122586057725,-2.9638501872659173,0.6983605485051789,0.024675356696518946,-5.250499375780274,1.1961730614008508,0.042264696973520643,-3.146154806491885,1.094674750778743,0.03867843050406527,0.06816262471910112,0.03946162875639706,0.00139430809411263,1.841447268913858,2.3978363800646787,0.0847233826490228
R:A:SER:38,12.088937578027464,1.6888974888041655,0.05967425858934935,-1.172848938826467,0.7488357811416999,0.02645881134943695,0.4019413233458177,1.4879541041418938,0.05257427319790567,-6.719159800249688,1.2619741562204234,0.04458966434054879,0.1945276853932584,0.06616054668900313,0.0023376679743468375,4.793397847690387,2.6877673187510593,0.09496758866088338
R:A:LYS:39,11.2452734082397,1.7996282120975078,0.06358673632076647,-0.40139700374531834,0.775102749221803,0.027386909032073747,-3.483539325842697,1.1467177722537234,0.040517280251818756,-4.600771535580524,0.9697734288789133,0.03426525928993822,0.17915688089887638,0.04362183365375305,0.0015413017064989441,2.9387224239700376,2.4691640266620385,0.08724362112165761
R:A:GLY:40,10.35509238451935,1.6829886075484912,0.059465478535875214,-2.521992509363296,0.7591404084516514,0.026822907452863757,-6.976470661672909,1.8424049119632075,0.06509817669314348,-6.407584269662922,1.493793326593083,0.052780591978543866,0.04580452134831461,0.030869609299422344,0.00109072401380041,-5.505150534831461,3.0059228379751586,0.10620906119054564
R:A:ILE:51,10.025529338327091,1.5373528213552754,0.054319691048612936,-1.9231910112359552,0.7294243380145682,0.025772941730682827,-4.214563046192259,1.0159352554560803,0.035896307233572164,-5.201938826466917,0.6239327166926109,0.02204557856535921,0.006225806741573033,0.0059142300718965386,0.0002089690446026731,-1.3079377388264668,2.0777307377454837,0.07341300590780876
R:A:ASP:54,9.35493008739076,1.7428992814344113,0.06158231811283614,-1.6831960049937578,0.7951589875708044,0.02809556136976854,-3.522375780274657,2.2169684629929427,0.07833272902711592,-6.678496878901374,1.176755390360214,0.04157860730226278,0.021364053932584268,0.014096997004773635,0.0004980928979838687,-2.507774522846442,3.1575111814071026,0.11156517194626353
R:A:ILE:55,11.30492883895131,1.6270637243899646,0.057489469949620495,-0.7785043695380774,0.9033082754479599,0.031916828565567955,-0.6970923845193507,1.68676637029835,0.05959895921940912,-10.3440911360799,1.4205822733793116,0.05019380660522286,0.04328472808988765,0.03094284672325171,0.0010933117309336186,-0.47147432309612985,2.88573984393792,0.10196260389413597
R:A:PHE:56,11.945787765293382,1.569647977711152,0.05546078429100305,-2.2621697877652935,0.7900801117022537,0.027916108114652567,-7.2805380774032455,1.1021763778547076,0.03894348746396929,-1.483825218476904,0.8457105409148364,0.029881712682291953,0.034388233707865166,0.016897731052455265,0.000597051969750674,0.9536429153558053,2.2401620425920674,0.07915223386727695
R:A:SER:57,12.72912858926342,1.752259879081677,0.061913058568225945,-1.1230037453183521,0.7089140038853966,0.025048244707511363,-5.581083645443196,1.2372154376646372,0.043714858034521874,-6.012103620474407,0.8259962096320222,0.029185141036774415,0.2018063011235955,0.022208135751882543,0.0007846858938629648,0.21474387915106113,2.4055017621194748,0.08499422560660688
R:A:ASN:58,13.048230961298376,1.7142713721632368,0.060570800674954156,-1.7727902621722849,0.7803152510948329,0.027571083729905112,-4.602342072409488,1.5006974700849272,0.05302453789403102,-0.5023046192259676,0.9416975757566246,0.03327324779697169,0.06612370337078652,0.013915315607191286,0.000491673501441406,6.236917710861423,2.5858652488912237,0.09136705606022719
R:A:ARG:59,13.473680399500624,1.811521710218952,0.06400697241391949,-0.6278826466916353,0.7845794463128101,0.027721751659604745,-9.45203745318352,1.1925147417679323,0.04213543660501133,-5.082891385767791,0.8432193373462262,0.029793690332245583,0.22639512808988765,0.027250671922053007,0.0009628551488708343,-1.4627359580524344,2.455815276746148,0.08677196623460498
R:A:GLU:60,10.664510611735333,1.790791259759136,0.0632744979626201,0.062028714107365795,0.7531194041308268,0.026610165725677648,-6.563647940074906,1.6619273443134195,0.058721315389894155,-9.847945068664169,1.1474915102175047,0.04054461893852838,0.22856000898876405,0.04051773272545744,0.0014316236930549734,-5.456493673907616,2.8025886468354937,0.09902460080585054
R:A:GLY:61,9.728590511860174,1.5784107660640272,0.05577040219356945,-1.4504069912609239,0.5909336117401056,0.020879612522300445,0.9659825218476903,1.4337694475257552,0.05065975249317302,-5.9968526841448195,0.9980656989130164,0.035264917498495446,0.25336279550561797,0.03472957517821526,0.0012271092020809892,3.50067615380774,2.4276777362961774,0.08577777512708624
R:A:LYS:62,12.47670786516854,1.741310276831878,0.06152617339583595,-0.6814132334581773,0.6547622456104282,0.02313488640850858,-4.537314606741573,0.8308963052398896,0.02935827740198001,-3.168367041198502,0.6037810101577191,0.021333553025176026,0.2187224179775281,0.02951268121349811,0.0010427793173203841,4.308335401747815,2.125249692416848,0.07509200561486759
R:A:GLU:73,11.42618352059925,1.6401607789488466,0.057952231618511915,-2.368059925093633,0.8018206180468845,0.028330938509169564,-12.745777777777779,1.1681796783262786,0.04127559941641223,-5.1066966292134826,0.7328791829013912,0.025895012672542267,0.0010159370786516854,0.002289166146521039,8.088370874315433e-05,-8.793334874406991,2.287969532619156,0.08084142846984825
R:A:ASP:75,9.030870162297129,1.738471796689909,0.06142588063140504,-2.0110449438202247,0.8684923642405257,0.030686668829888953,-4.2062197253433204,1.3092373957622607,0.04625962879776813,-5.473901373283396,0.7083492593129115,0.02502829043919205,0.0004074786516853932,0.001539195197736551,5.4384788217223804e-05,-2.659888401498127,2.447943376670239,0.08649382632153546
R:A:PHE:82,10.992900124843946,1.5292612448723888,0.05403378925135397,-1.0196629213483146,0.848125406619954,0.02996703776655611,1.8440474406991259,1.930232033491743,0.0682013954473871,-4.315426966292135,1.4196346815943277,0.05016032509578304,0.05341653033707865,0.03929568383541219,0.001388444718631237,7.555274208239701,2.966590491371214,0.10481932105668375
R:A:ARG:83,11.874538077403248,1.7015572888832187,0.06012157063085271,-1.2513171036204744,0.7228570097183652,0.025540896594973463,-2.5334207240948814,1.676099611936462,0.05922206784440441,-4.200651685393258,1.2441804796503007,0.04396095569248716,0.08216764943820225,0.0419312730559738,0.0014815686848433343,3.971316213732834,2.7887044788910655,0.098534027852959
R:A:ASN:84,11.98341697877653,1.7980467536332438,0.06353085823345188,-1.09819975031211,1.0266702794575948,0.03627561065635292,-16.49160049937578,1.8140532313832152,0.06409641931616317,-0.26265792759051176,1.0184042315635853,0.035983544214896884,0.02670071011235955,0.02912381277482279,0.00102903932663381,-5.842340488389514,2.935269747842884,0.10371265699867532
R:A:SER:85,13.35501622971286,1.894461619419077,0.06693751001125457,-3.36925343320849,0.7270114681679813,0.025687687166612384,-11.010632958801498,1.2358328039072854,0.04366600507280127,-3.3402084893882655,0.8643877183118579,0.0305416382971368,0.01098643595505618,0.011390732164591036,0.0004024717315395585,-4.354092215730337,2.5282620706447116,0.08933174783279614
R:A:ARG:87,12.168308364544318,1.66417603821973,0.058800769082343225,-3.4742022471910117,0.7414663738602628,0.026198426146262725,-8.113158551810237,0.8911272321616174,0.031486432563574994,-0.669720349563046,0.3663309177114164,0.01294366653849619,0.00016288539325842697,0.0006165158513413766,2.178351651373918e-05,-0.08860989862671662,2.060961119238622,0.07282048057228246
R:A:THR:100,11.779701622971288,1.7672207927836308,0.06244167646179358,-1.1306779026217229,0.7605524807852249,0.02687280057553054,-8.172796504369538,1.998129582260216,0.07060043737246076,-6.65936329588015,1.2453859287232196,0.04400354814121215,0.10010672359550561,0.030629410437895122,0.0010822370043337835,-4.083029356304619,3.0407162817705173,0.10743842707925233
R:A:ASP:101,8.305790262172284,1.6519809977520592,0.058369878514265804,-0.48465792759051185,0.9152000567691808,0.03233700399856773,1.4426429463171035,2.324370290163782,0.08212758599744589,-11.73107365792759,1.2817000310547397,0.04528664385740366,0.06993316853932585,0.01992203943607414,0.000703910652254723,-2.397365208489388,3.2576803808693815,0.11510447658199519
R:A:HIS:102,13.139662921348316,1.6464087050929055,0.058172991234083204,-2.8314119850187267,0.7903746295190942,0.02792651439003507,-5.694828963795256,1.3575201051605665,0.04796561445120705,-5.048538077403246,0.6684784006575059,0.02361952291756661,2.1824719101123594e-05,0.0003347652000495974,1.1828346745082607e-05,-0.4350942801498128,2.371724688770106,0.0838007714018352
R:A:TYR:103,12.942252184769037,1.7760394066168763,0.06275326686072141,-3.3561985018726586,0.7473388773179235,0.0264059208534444,-8.64058052434457,3.207751655827395,0.11334033182546432,-3.004189762796504,1.8678566589334862,0.06599746995417527,0.005716008988764045,0.008613720364440278,0.0003043508441758102,-2.05300059525593,4.182279850915158,0.14777359251877945
R:A:GLN:104,12.451759051186018,1.6442335344246086,0.05809613535751498,-1.6622646691635459,0.826716227137466,0.02921058160441901,-12.259516853932583,2.6251832048362638,0.09275628772515805,0.3267153558052434,1.8131633406154326,0.06406497657192027,0.055654067415730334,0.04333532811177798,0.0015311785309288226,-1.0876530486891387,3.683475226645011,0.1301491977099886
R:A:PHE:106,10.998565543071162,1.5627537504052673,0.055217188746719055,-0.9119675405742821,0.6688042669650668,0.023631036837405948,-3.597343320848939,0.9622263332179366,0.03399859577657687,-5.099796504369538,0.7562565023958441,0.026721009642687314,0.1761151460674157,0.026915674981561326,0.0009510186139798409,1.565573323345818,2.094761633033733,0.0740147630044806
L:B:ILE:13,12.585392009987515,1.8013286284300203,0.06364681757768618,-1.336123595505618,0.8787857619669093,0.031050368155489918,-6.249395755305868,1.420701520699655,0.05019802000211487,-5.622048689138576,0.6697932666885194,0.023665981424412168,0.02147226966292135,0.009933435135450537,0.0003509806728252753,-0.6007037602996255,2.5464021181248104,0.08997269489520013
L:B:HIS:17,12.701769038701624,1.6034552159487516,0.05665530431969389,-3.4577415730337075,0.7034176596284571,0.02485404093217333,-12.255741573033708,1.1137008978041683,0.03935068635445327,1.2647952559300875,0.5859877034049336,0.02070485744396751,1.2629213483146067e-05,0.00011936096345124986,4.2174122737947155e-06,-1.746906222222222,2.156287625988025,0.0761886770743751
L:B:LEU:26,12.971573033707864,1.7096879726333694,0.06040885421545811,-0.5396254681647941,0.8955638705546123,0.03164319347327264,7.774252184769038,2.4531313116673945,0.08667713299148865,-6.7920561797752805,1.9726812316078757,0.06970126411442278,0.08095597303370786,0.03652684793420124,0.0012906127124522667,13.495099543570538,3.6926584318686886,0.13047367031228066
L:B:PRO:27,14.619883895131085,1.5893806503440888,0.056158003996262126,-1.554976279650437,0.7193715357369973,0.025417743427271218,0.30893133583021226,1.9802016364194432,0.06996698455299116,-11.40010736579276,1.5057944306491375,0.05320463014044899,0.07381638651685393,0.022247523858073475,0.00078607760416496,2.0475479720349563,3.0385418540291367,0.10736159745271598
L:B:GLU:28,12.300800249687889,1.73716239412741,0.061379615166727575,-0.1880074906367041,0.7158307239927992,0.0252926349958595,0.9751123595505619,2.0315745478397447,0.07178215712616695,-12.946248439450686,1.7266778792893458,0.06100916305001947,0.21806129438202246,0.06230563238208338,0.002201461274582133,0.3597179735330836,3.2623213273781717,0.11526845636401321
L:B:TYR:29,11.748571785268414,1.7732954482317755,0.06265631385835367,-0.5962796504369539,0.7950834748835097,0.028092893260153677,-3.5112646691635456,1.0239147635710935,0.03617824928975241,-6.380428214731586,0.9807067046789173,0.03465156759558919,0.12943068764044943,0.025531306181842146,0.0009021043475515315,1.390029938576779,2.40573760206901,0.08500255860149115
L:B:TYR:30,10.866218476903871,1.6057289230254204,0.05673564180906137,-2.0407178526841445,0.7012104090401116,0.02477605156736369,-1.9483657927590512,1.765907132263381,0.06239526054957649,-7.658131086142322,1.5137582325331023,0.053486017244242096,0.06261817528089887,0.026998585071803093,0.0009539480979760879,-0.7183780794007489,2.9121611085108046,0.1028961533752808
L:B:GLY:31,10.7141797752809,1.6851990365827192,0.059543580205548084,-3.2832559300873907,0.8045465814145462,0.02842725568885944,-6.604515605493134,1.8839739688155714,0.06656694709772246,-6.935595505617978,1.099168346915612,0.03883720391668813,0.013801375280898875,0.012906158124868455,0.00045601667504624737,-6.095385890636704,2.8713910450369866,0.10145561401361508
L:B:GLU:32,11.957649188514356,1.7331241289848167,0.061236930083725834,-2.014083645443196,0.7412117667311874,0.026189430045694243,3.5425181023720347,1.8057176895949847,0.06380189742868887,-13.070300873907614,1.4413317008142228,0.05092695157496791,0.08001631460674158,0.02248521783920057,0.0007944761080344596,0.4957990861423221,2.9818908700553908,0.10535993335563448
L:B:ASN:33,11.09405493133583,1.638640345454605,0.05789850974249235,-2.8214307116104873,0.7836938292363537,0.027690459918820038,-7.955791510611736,1.942897698900369,0.06864891473012087,0.1848714107365793,0.8071508388141491,0.02851927259961177,0.015296197752808986,0.010061868603569646,0.00035551864628954595,0.5170003176029963,2.7795257483832123,0.09820971335697654
L:B:LEU:34,12.924583021223471,1.722853956004168,0.06087405136416629,-3.4668127340823975,0.7780819689785765,0.02749217458628218,-6.306559300873908,1.7323070303016352,0.061208059321328216,-3.887534332084894,0.8062105105976274,0.028486047735744334,0.0032844044943820226,0.005992277566513179,0.00021172671723045466,-0.7330389413233458,2.6878497439756157,0.09497050101299301
L:B:ASP:35,10.334871410736579,1.694361005857789,0.059867302472489996,-3.7158339575530586,0.7565635899007358,0.02673186004615937,-4.049573033707865,1.2090629887782391,0.042720140163302896,-9.601233458177278,0.7912573074044876,0.02795770227960992,0.005873321348314606,0.006492540805987238,0.00022940264967337518,-7.0258957173533085,2.3518527322465137,0.08309863034228233
L:B:ALA:36,12.358360799001247,1.6469744457277593,0.05819298069653582,-3.997107365792759,0.7802852808804795,0.02757002478444918,-6.968042446941324,1.170415593867428,0.04135460160752862,0.7914182272159801,0.5564537740136962,0.019661327359201872,1.4831460674157303e-06,4.194970567039291e-05,1.482219969250242e-06,2.1846306966292137,2.2362655055205085,0.07901455649943633
L:B:LEU:37,13.245424469413232,1.6285585377755991,0.057542286583613086,-2.6925880149812733,0.8146946258503508,0.02878581920846488,-5.672506866416978,0.9832710843067395,0.034742175494556625,-3.622569288389513,0.46120485481831497,0.016295872278535163,2.9662921348314606e-06,5.92887524506176e-05,2.0948650635292178e-06,1.257763265917603,2.1202505019945472,0.07491536790655469
L:B:TRP:38,12.735692883895132,1.5828262797199455,0.0559264166973832,-2.9993383270911362,0.8531160269549439,0.030143372665722975,-15.88101872659176,1.3271708444416477,0.0468932760504799,-1.2718414481897629,0.552377511251345,0.0195172996963205,4.6696629213483144e-05,0.0004741369167564728,1.675280421982044e-05,-7.416458921348315,2.3020967784386204,0.08134059015714695
L:B:ASP:39,10.946379525593008,1.6034413617371894,0.056654814805197726,-3.3139225967540575,0.6903083220756069,0.024390845265029694,-5.971339575530586,1.3192865546490353,0.046614698368295744,-8.392913857677902,0.9408231521204011,0.03324235155695088,0.004992368539325843,0.0062473863296796895,0.0002207405421680395,-6.726804135830212,2.3818593633411473,0.08415886252049715
L:B:ALA:40,12.74017852684145,1.6037340679294463,0.05666515706997296,-3.02823595505618,0.8238400693888982,0.029108957567217486,-8.144787765293383,1.2399520851360883,0.04381155271845731,0.24302746566791514,0.5112374078016733,0.018063685614990686,0.010020988764044943,0.00711925022490554,0.0002515463381878225,1.8202032609238454,2.247125044331336,0.07939825943668045
L:B:THR:42,10.999109862671661,1.7258528711188477,0.06098001281962894,-0.7404706616729089,0.817863668788864,0.028897791835013984,-11.414033707865167,1.3562589077426626,0.04792105223156545,-3.350941323345817,0.9417570983339698,0.03327535092383164,0.09404082696629214,0.03356580621004818,0.0011859894474451794,-4.4122950032459425,2.524864438720269,0.08921169841156444
L:B:GLY:43,10.928113607990012,1.7636409099510664,0.06231518752135393,-3.0782858926342076,0.7148888405516636,0.02525935518083227,-3.723566791510612,1.9002785283319044,0.06714304038178082,-4.122606741573033,0.7987965301212988,0.02822408761616711,0.014880152808988764,0.01330475623077964,0.00047010044662092757,0.018534335081148674,2.805495805006627,0.09912732018912537
L:B:TRP:44,12.9480049937578,1.756536235902915,0.06206415620704805,-2.7597865168539326,0.6979243423419444,0.024659944109576473,-5.208338327091137,2.0467484372011175,0.0723183001446505,-3.105930087390762,1.1313790001823218,0.03997531138923254,0.02090396404494382,0.013030153399859717,0.00046039783266696546,1.8948540264669163,3.0069727846806003,0.10624615923327524
L:B:VAL:45,12.133034956304622,1.768181079771795,0.06247560653418197,-1.3400898876404492,0.7421388275524406,0.026222186129199757,-7.431519350811485,1.414962008529064,0.04999522431101163,-8.68245692883895,1.2460852861179712,0.044028258719738936,0.04360866516853932,0.025555370046239742,0.000902954602393072,-5.277422545817728,2.68937417869332,0.09502436426529216
L:B:GLU:46,11.753789013732833,1.588824446022531,0.05613835148287207,-1.7072734082397005,0.7119425564256796,0.025155253349917625,-2.117953807740325,2.4693511794708676,0.08725023384101081,-7.193510611735332,1.8364837154609646,0.06488896150182752,0.05411237752808989,0.03274530109150667,0.0011569983245722337,0.7891635635455679,3.535910811004681,0.12493526545188437
L:B:TYR:47,12.902866416978776,1.5906698754196489,0.05620355652449362,-0.005642946317103622,0.7130004245066234,0.025192631280688518,6.2264531835206,1.29340335465032,0.045700160464081784,-5.961410736579276,1.0531258079523844,0.037210370793650416,0.19073915505617978,0.03828704592459618,0.0013528062503926034,13.353005072659174,2.4128887999648647,0.08525523375512822
L:B:SER:69,12.765918851435705,1.7326959695811974,0.061221801815054454,-2.499499375780275,0.7071310168337966,0.024985245957685538,-7.688993757802747,1.14178324124962,0.040342927171712915,-3.139598002496879,0.657338628946013,0.02322591843763537,0.03299771685393259,0.022930954112694045,0.0008102254248659603,-0.5291745677902623,2.288789739082853,0.08087040904027114
L:B:GLN:72,12.665506866416978,1.6587822768413096,0.058610189894797035,-1.950174781523096,0.8968247326884897,0.031687743846235655,-9.202893882646691,1.3216769329458617,0.046699158232530714,-1.1788901373283396,0.7981250753298434,0.02820036292765168,0.003913303370786517,0.008655567092443243,0.00030582942560808835,0.33746136828963796,2.437162635713456,0.08611290756956587
L:B:VAL:73,13.2173645443196,1.8419548982351353,0.0650822762398858,-2.511048689138577,0.8300201215173942,0.02932731897236864,-8.188883895131086,1.1553333820690697,0.04082169785645973,-6.328642946317104,0.6003699524073606,0.021213029225710715,8.770337078651686e-05,0.0006089922522061054,2.1517683209292343e-05,-3.8111232828963795,2.4035330086363476,0.08492466312266121
L:B:GLU:76,12.810915106117353,1.5869154984701972,0.05607090213758817,-1.6821573033707864,0.8276582024601669,0.02924386466592172,-8.60367166042447,1.6169124901513239,0.05713079372387359,-9.410215980024969,1.095913543089468,0.03872220107816982,0.023849474157303374,0.015927834447821126,0.0005627823582594222,-6.861280363545569,2.649340500960375,0.09360984381443284
L:B:GLU:80,11.456377028714108,1.7737675238417987,0.06267299382988124,0.025349563046192264,0.747046288697102,0.026395582742851576,1.9033682896379525,1.4899797317218844,0.05264584522925475,-13.141016229712859,1.106247309420126,0.039087326758269106,0.21855972134831458,0.0507501948601572,0.00179316996538921,0.46263837303370786,2.6740844562039565,0.0944841284844718
L:B:GLY:81,10.316288389513106,1.7229252526429533,0.060876570507031755,-0.7292846441947566,0.6221978613376039,0.021984280465411708,-1.630052434456929,1.7369730353664685,0.06137292450388896,-10.137011235955056,1.4262764477799286,0.050395000364990866,0.367573608988764,0.0416539496563945,0.001471769944322327,-1.812486316104869,2.8997717992027896,0.10245839865523951
L:B:ALA:82,10.910460674157305,1.684580334277873,0.05952171943449835,-1.3107515605493134,0.7269627627173998,0.025685966244133676,-9.239740324594257,1.9344675369904265,0.06835104960503256,-0.17700873907615483,1.4533265337344057,0.05135076815718206,0.09427307865168538,0.024605387199026937,0.0008693886089234726,0.2772331285892634,3.0366451638969854,0.107294581202079

Receptor:
Total Energy Decomposition:
Residue,Internal,,,van der Waals,,,Electrostatic,,,Polar Solvation,,,Non-Polar Solv.,,,TOTAL,,
,Avg.,Std. Dev.,Std. Err. of Mean,Avg.,Std. Dev.,Std. Err. of Mean,Avg.,Std. Dev.,Std. Err. of Mean,Avg.,Std. Dev.,Std. Err. of Mean,Avg.,Std. Dev.,Std. Err. of Mean,Avg.,Std. Dev.,Std. Err. of Mean
R:A:LYS:27,25.791260923845197,3.149672011631937,0.11128818850150735,-4.270797752808988,1.232683367167064,0.04355472519720631,32.1108277153558,9.637972237805522,0.3405410046544669,-65.04622721598002,8.353025113850526,0.2951396304107147,0.602381411235955,0.08480494370859962,0.0029964353515058097,-10.812554918352062,13.195100278222705,0.4662259440462466
R:A:SER:28,17.106960049937577,2.1426083071701543,0.07570534210947931,-2.32249063670412,0.7743345515522084,0.02735976610203388,-15.605081148564292,2.260321977143131,0.07986455013011677,-7.621556803995007,1.6899694660219944,0.05971213504195981,0.6024064179775281,0.05031107899085396,0.0017776545690379238,-7.839762121348315,3.6273885643523545,0.12816747293909364
R:A:GLN:31,28.361026217228467,2.9326034166866726,0.10361844681957603,-3.456455680399501,1.2110710381812522,0.04279109110030763,-70.14370786516854,2.7664154444942177,0.0977464835460241,-14.602985018726592,2.38509377737369,0.08427314492108243,0.8791264898876403,0.09185614772088181,0.0032455773949895254,-58.96299585717853,4.8391135706202135,0.1709816708655811
R:A:TRP:35,26.528745318352062,3.3948572522055493,0.11995138300873663,-10.277720349563046,1.2705146063668997,0.044891426308867624,3.575506866416979,1.6327306463592954,0.05768970079207557,-7.151573033707865,1.353094966174788,0.04780925985308509,0.14834745168539326,0.060242722020193214,0.002128571920907242,12.823306253183521,4.199948531166667,0.1483978846390831
R:A:VAL:36,19.6716404494382,2.52571427418429,0.08924172587123833,-1.953470661672909,1.3211728340300382,0.04668134677312783,-26.877621722846445,1.685557839097001,0.059556257869030745,-2.459558052434457,0.8234569525769201,0.029095420800267766,0.5098595235955057,0.06161427160900929,0.0021770332427895303,-11.109150463920098,3.4128746171448734,0.12058799529670278
R:A:ALA:37,16.126675405742823,2.024223160314451,0.07152240861976975,-2.5261173533083645,0.7894333268168534,0.02789325509440775,-1.3940624219725344,1.1134058269244598,0.03934026053755518,-5.89458302122347,0.8177231618644227,0.028892827266946187,0.4362692494382022,0.12888138063038065,0.004553799674683208,6.748181858676653,2.5779135934694613,0.09108609813057354
R:A:SER:38,16.09510736579276,2.1130119608097395,0.07465960662954686,-0.48259425717852683,0.8869095870760556,0.03133740940193117,-0.6155680399500624,2.0370085280866905,0.07197415737755893,-10.758474406991262,1.4868352559408837,0.05253474064053501,0.8070560359550562,0.07944743432087341,0.0028071370650690113,5.045526697627965,3.4084927576275277,0.12043316990340704
R:A:LYS:39,24.068885143570533,3.161918725514314,0.11172090485991948,-1.5077390761548066,1.1673207190003037,0.041245249580927394,31.60049438202247,4.070393110338366,0.14382026892503874,-65.30719850187265,4.291304546802289,0.15162579073573598,1.205817995505618,0.07731959965123587,0.0027319537237750174,-9.939740056928837,6.8080643941102466,0.2405511274901215
R:A:GLY:40,11.007875156054933,1.7627689819683605,0.062284379460914384,-2.468896379525593,0.7950161913877383,0.02809051591472444,-9.27731086142322,1.9170167846952666,0.06773445759045305,-5.757953807740323,1.4802471346498394,0.052301960820477285,0.06906281348314607,0.04224854290732614,0.0014927788638374481,-6.4272230791510605,3.0995604688695244,0.1095175841984405
R:A:ILE:51,20.154518102372034,2.6726351386326708,0.09443291936603783,-6.271459425717853,1.3956898011871217,0.04931427434682824,-8.640902621722846,1.0520593386024821,0.03717268895198415,-2.598932584269663,0.6334250321547436,0.02238097304089962,0.03151778876404494,0.016579724236965052,0.0005858157514091007,2.6747412594257174,3.255650413657543,0.11503275121729416
R:A:ASP:54,12.39807365792759,2.6161773021380736,0.09243807979957054,-3.460810237203496,1.5851362544789296,0.05600803564229624,-71.64053183520599,9.051279588216667,0.31981123916181686,-1.0211335830212236,8.957295344495604,0.3164904691918726,0.3224501573033708,0.11440903671560164,0.004042444545736918,-63.40195184019975,13.096905440666449,0.4627564000583399
R:A:ILE:55,21.735642946317103,2.902475529544358,0.10255393026957856,-1.4213108614232213,1.4689031932892356,0.05190114236070541,-8.548791510611736,1.7774612694858325,0.06280350591494653,-4.617646691635456,1.1544562074191491,0.04079070441414936,0.7019979415730337,0.08678242630851589,0.0030663062636278335,7.849891824219726,3.8835176940173586,0.13721735075418626
R:A:PHE:56,22.418319600499377,2.93583093240198,0.10373248548010645,-6.334985018726591,1.1854788693132812,0.04188683627548049,-6.052710362047441,1.1327486246721392,0.04002370469108625,-3.266921348314607,0.8918850676173927,0.03151320936279218,0.1650175011235955,0.02695943379576018,0.0009525647556559203,6.928720372534332,3.479047088621059,0.12292608461268738
R:A:SER:57,17.11811235955056,2.19199585938252,0.07745036546427302,-1.7300574282147316,0.8849082584739976,0.031266695932751914,-3.601088639200999,2.857649881865187,0.10097009388591745,-11.273394506866417,2.3527875138467444,0.08313165922609946,0.47951497528089887,0.04399086004583194,0.001554340612941278,0.9930867605493134,4.392222171278501,0.15519153966907143
R:A:ASN:58,24.87461797752809,2.6809976288722974,0.09472839343022377,-4.449975031210986,1.1553650489695042,0.04082281675137062,-80.94931460674157,1.9204219355094585,0.06785477267859122,-9.08756429463171,1.1682801421578357,0.04127914913136116,0.20123039999999998,0.036267356955250414,0.0012814440495333118,-69.41100555505618,3.6846751423328943,0.1301915946461667
R:A:ARG:59,31.0503670411985,4.010058350902179,0.141688445021937,-1.0634706616729088,1.1755268978595077,0.04153520065405104,-125.11035830212235,4.182718199423596,0.1477890808017677,-74.87938451935081,3.3143393798845846,0.11710642387664179,1.6372742561797753,0.041063343881100535,0.00145090191533129,-168.36557218576783,6.778207338543525,0.23949618030332293
R:A:GLU:60,18.71020224719101,2.8451608098668943,0.1005288142245362,0.16418851435705367,1.201851442382115,0.04246533270025426,-48.88767540574282,7.957820964552861,0.28117577839653995,-30.284896379525595,7.81544171458062,0.27614505495895764,1.007839982022472,0.06801349809845096,0.0024031387932058204,-59.29034104169788,11.573765871891734,0.40893890959650664
R:A:GLY:61,10.379573033707866,1.6620840579532319,0.058726852594093125,-1.3603046192259676,0.6021721000209006,0.021276704980704414,-0.5848414481897628,1.4573117671235123,0.051491579455308176,-6.021802746566792,0.9791970995885576,0.034598228322408255,0.3901201797752809,0.03343018628294493,0.0011811975529379775,2.802744399500624,2.491753755398008,0.08804178994065914
R:A:LYS:62,25.21918352059925,3.1805354557521395,0.11237869467941099,-2.6955118601747814,1.2752556572830287,0.04505894310620425,2.2521560549313357,9.857537233709744,0.34829895232720287,-34.949086142322095,8.676555996411919,0.3065710320651035,0.7375265528089889,0.0846070586223001,0.002989443425773731,-9.435731874157304,13.57213709789078,0.47954788503066326
R:A:GLU:73,18.885139825218477,2.6878378922018387,0.09497008225115706,-5.0218701622971285,1.4508209103740632,0.051262236308846805,-88.39837328339574,4.285206251274888,0.15141031805804606,11.790046192259675,3.913984544278062,0.13829384397708017,0.12414977078651684,0.04202254532012094,0.001484793631726646,-62.62090765742822,6.55845922239841,0.23173176239501583
R:A:ASP:75,11.625289637952559,2.550219152122064,0.09010756316003349,-5.2610961298377035,1.3471397042508404,0.04759884101927619,-85.85244943820226,4.982196241469937,0.17603724845779292,14.67188764044944,4.250496564937897,0.15018391159361622,0.03504473707865168,0.026313610152454692,0.0009297456992305268,-64.7813235525593,7.155983227325542,0.2528442350108715
R:A:PHE:82,21.46057927590512,2.697410281406442,0.0953083059932729,-0.658310861423221,1.224789860238157,0.043275821843524416,4.253058676654182,2.304430237478126,0.0814230388783122,-7.330650436953809,1.921955257709486,0.06790894995463775,0.9390010696629213,0.1032023177997323,0.0036464746026486287,18.663677723845193,4.21794901325505,0.14903390040084238
R:A:ARG:83,29.752596754057432,3.9139398803131953,0.13829226585347779,-3.9203295880149813,1.4875194288384908,0.05255891470123572,-141.92547565543072,6.370249039573443,0.22508168256868,-55.54460799001249,5.055650654881706,0.17863263254091247,0.6363455640449439,0.0921849740525156,0.003257195902136928,-171.00147091535578,9.147667127618455,0.32321692540931435
R:A:ASN:84,24.22058551810237,2.9994323184061242,0.10597972995776843,-2.074749063670412,1.623640333721,0.057368510387902624,-102.91003620474405,4.640206361369337,0.1639536301947841,-1.1727215980024968,3.5007660547275976,0.12369348654698274,0.4275680719101124,0.15493999722756394,0.005474535619646969,-81.5093532764045,6.7411932634179195,0.23818835226453833
R:A:SER:85,17.460539325842696,2.387770082902255,0.08436770752730002,-3.2170137328339576,1.2044579848482024,0.042557430349860904,-19.50206866416979,3.598937042965645,0.12716218786066474,-0.8186791510611735,1.8594574116781948,0.06570069714469999,0.32257617977528086,0.04961606235559859,0.0017530973637065956,-5.754646042446941,4.854333781765175,0.17151945058381138
R:A:ARG:87,29.280488139825216,3.7774687794470307,0.13347029660013549,-10.76269288389513,1.4764956463936911,0.05216940850053109,-161.371379525593,5.577090082072446,0.19705678878670962,-31.640665418227215,4.35899393699242,0.15401747773908475,0.032796683146067415,0.013741819098160545,0.0004855433037160362,-174.4614530047441,8.158079463782896,0.28825156455110973
R:A:THR:100,18.73070911360799,2.4442869743573628,0.08636463369819881,-2.3742322097378277,1.1541147959836362,0.040778641234220904,-32.969941323345815,2.715075681791472,0.09593248222519275,-5.894556803995006,2.1822591478434314,0.07710633567795076,0.5242167730337078,0.0567424091637088,0.002004894447332826,-21.983804450436953,4.409493216064732,0.15580178203103473
R:A:ASP:101,9.92688888888889,2.58032900163778,0.09117144238183247,-1.3814232209737827,1.4997513458190344,0.052991108236828725,-55.98664419475655,6.395155969532805,0.2259617256671597,-14.21201747815231,5.336860795753676,0.18856870431293174,0.38726579775280895,0.041439720091420454,0.0014642005148320881,-61.26593020724095,8.84811686938435,0.3126328374531974
R:A:HIS:102,40.485588014981275,2.7336665312682085,0.09658935759295469,-5.3524619225967545,1.0340663517569866,0.03653693802161056,-4.164556803995006,1.4948695957161369,0.05281862007816898,-20.05281647940075,1.1406470249309095,0.040302780942077523,0.7324784449438202,0.03881719471069319,0.0013715381367042957,11.648231253932584,3.4755493727319475,0.12280249889844329
R:A:TYR:103,25.247852684144817,3.1377707905220853,0.11086767952997635,-2.6851385767790266,1.4877979822467498,0.052568756901976495,-39.1054581772784,3.421402227093699,0.12088930357894533,0.6593770287141074,2.09430353901476,0.0739985770481821,0.393796008988764,0.036820020808224996,0.0013009714666169518,-15.489571032209737,5.305902806955182,0.18747485756307627
R:A:GLN:104,27.754,2.8550245036346986,0.10087733070729969,-2.171614232209738,1.0810102443139942,0.038195618907933035,-80.12110486891386,4.1189333136063695,0.14553535267701076,-7.742444444444445,2.7117798803687507,0.09581603080782587,0.9324530247191012,0.0606532419990687,0.002143076931150851,-61.34871052084895,5.800240395185399,0.2049414174141258
R:A:PHE:106,21.3167240948814,3.011414196967778,0.10640308882022999,-5.158378277153558,1.0728021683246522,0.03790560080301192,-1.0595917602996254,1.081799036530226,0.03822348951049874,-6.597350811485642,0.8770632577413479,0.03098950646124335,0.22025164044943818,0.03642249045692929,0.001286925422296564,8.72165488639201,3.4871730197094952,0.12321320027024805

Sidechain Energy Decomposition:
Residue,Internal,,,van der Waals,,,Electrostatic,,,Polar Solvation,,,Non-Polar Solv.,,,TOTAL,,
,Avg.,Std. Dev.,Std. Err. of Mean,Avg.,Std. Dev.,Std. Err. of Mean,Avg.,Std. Dev.,Std. Err. of Mean,Avg.,Std. Dev.,Std. Err. of Mean,Avg.,Std. Dev.,Std. Err. of Mean,Avg.,Std. Dev.,Std. Err. of Mean
R:A:LYS:27,12.538455680399501,2.5538918597518347,0.09023733190341483,-2.270777777777778,0.86194253977757,0.030455242161717393,40.12420474406991,9.602385506932524,0.33928360934507573,-62.90017228464419,8.397859901434753,0.2967237897370419,0.5958745617977528,0.08249643997827075,0.0029148683828346305,-11.912415076154806,13.03848045531639,0.4606920547046578
R:A:SER:28,4.123204744069913,1.0929400261000835,0.038617137021339475,-0.8393420724094881,0.29924246485790074,0.010573212611908415,0.9592484394506866,1.7912334201588076,0.06329012093216259,-5.185734082397004,1.1627444129030535,0.041083553755549215,0.529996206741573,0.04351690717389654,0.0015375943116254628,-0.4126267645443196,2.4179432189087793,0.085433822867302
R:A:GLN:31,15.425280898876403,2.315382007886417,0.0818100006588157,-1.7604893882646693,0.8008953947975918,0.0282982473530768,-62.3700786516854,2.4982476160535576,0.08827123922492379,-11.22729213483146,2.0375551209628315,0.07199347028722346,0.7795184988764043,0.1004259544687354,0.003548376627815825,-59.153060777028706,4.05035611647448,0.1431122965577914
R:A:TRP:35,15.430694132334583,2.8009182777403208,0.09896558121586016,-8.205077403245943,0.8989031721271058,0.031761181892857475,10.031721598002497,0.7098857629224178,0.025082580124815346,-3.6184556803995003,0.639387861394939,0.02259165925268119,0.10528565393258427,0.04271750674352038,0.0015093488862429664,13.74416830062422,3.093177901531287,0.10929206727018952
R:A:VAL:36,6.844219725343321,1.7399984456664819,0.06147982212069441,-0.8546329588014981,0.7402783514093889,0.026156449436951848,-12.182478152309614,0.5454868444451738,0.01927382995610811,-2.8331086142322093,0.3852019389501934,0.013610441288718144,0.4875823640449438,0.061868121175116766,0.002186002576186679,-8.538417635955057,2.006332655403549,0.07089027871050976
R:A:ALA:37,2.9928951310861427,0.9174305262664891,0.032415813763186585,-0.8299176029962545,0.2986654305456081,0.010552824106984379,2.14949063670412,0.14559841723330322,0.005144467119986096,-0.15399500624219725,0.0957859660175947,0.0033844306971003877,0.28333680898876407,0.07896128730879133,0.002789959904996397,4.441809967540574,0.9836099558304751,0.0347541489311151
R:A:SER:38,4.006147315855181,1.109050994380214,0.03918639009539908,-0.5353445692883896,0.3763693846893384,0.013298358328999895,1.0195006242197253,1.4002066336940449,0.04947386877621765,-5.65674531835206,0.8765573791871359,0.030971632121409836,0.5090795685393258,0.04892807800201837,0.001728788631830843,-0.6573623790262172,2.025579777429755,0.07157034232864315
R:A:LYS:39,12.823627965043693,2.5071512090290464,0.08858583221420571,-1.287769038701623,0.7511637116422023,0.026541064729281437,34.85453308364544,3.83572078842532,0.13552853013423877,-60.23880274656678,3.9797184899774143,0.1406164387466057,1.0264132584269663,0.0782768439228858,0.0027657762870615886,-12.821997478152309,6.116133958404173,0.21610296765811102
R:A:GLY:40,0.6527840199750313,0.2113912526978662,0.00746914265705423,-0.04944444444444445,0.17267916667614325,0.006101318353265891,-0.4165805243445693,0.6127989174099048,0.021652185110823053,-1.0574406991260923,0.5228134484824563,0.018472704901007265,0.02297416629213483,0.02582516025189712,0.0009124871705945154,-0.84770748164794,0.8508981785831051,0.030065008846645484
R:A:ILE:51,10.128996254681647,2.062116004427566,0.07286128643401352,-4.391268414481898,1.0032507197133482,0.0354481212003668,0.4734519350811486,0.41058116357733726,0.014507172098750734,-2.217151061173533,0.35364009494972776,0.012495258364398642,0.025291955056179777,0.015600502529899342,0.0005512166536242386,4.0193206691635455,2.356420167678383,0.08326001273811058
R:A:ASP:54,3.043143570536829,1.6862346349356796,0.059580171274170625,-1.8511810237203496,1.1427221932411191,0.04037610340906014,-59.716368289637956,8.819146395712396,0.31160921609736236,-2.6654556803995004,8.949956065053495,0.31623114850355893,0.3010858966292135,0.1107251005305253,0.003912279060861596,-60.88877552659176,12.72951365992687,0.4497752497678161
R:A:ILE:55,10.43069163545568,2.260104971663656,0.07985688261851032,-0.8568102372034956,1.0055345626825227,0.03552881682388655,0.9574182272159801,0.7270414118873177,0.02568874517591292,-2.71107240948814,0.6082094838786734,0.02149002545037187,0.6073810696629214,0.08703357891937798,0.003075180304796896,8.427608285642947,2.6505201516733443,0.09365152472292936
R:A:PHE:56,10.47252933832709,2.3319159589062024,0.08239419909311908,-4.274680399500624,0.7952995511175839,0.028100527938488287,-0.290227215980025,0.4575974093808055,0.016168409461335208,-0.17334581772784022,0.33421563233859575,0.01180892872479655,0.12456279550561797,0.02155494061505694,0.000761606378520778,5.8588387006242195,2.528219434472747,0.08933024135773301
R:A:SER:57,4.388970037453183,1.105858074754283,0.03907357382758182,-1.0867315855181023,0.4493291091207301,0.015876263436437343,3.2514044943820224,2.4381140812804687,0.08614652524569837,-6.80980024968789,2.054474295716604,0.07259127993290533,0.26017305168539323,0.03845505964552842,0.0013587427233259417,0.004015748314606739,3.404638369417986,0.12029698179237917
R:A:ASN:58,11.826358302122348,1.9534765220131372,0.06902269906587076,-3.420787765293383,0.708725153512346,0.025041572007675626,-83.6973895131086,1.66173849689108,0.058714642794316665,-2.948797752808989,0.9883620021206293,0.03492205423089029,0.12983300674157303,0.03302237457164561,0.0011667882346240092,-78.11078372234707,2.8386064577157777,0.10029722757836958
R:A:ARG:59,17.57669288389513,3.4344972287140143,0.12135199271081912,-1.0476429463171038,0.8791367161290959,0.031062768511086494,-119.23253183520599,4.183189411768171,0.14780573027131044,-67.57579275905118,3.344340136456236,0.11816644848879303,1.3296961348314604,0.034543805552842706,0.0012205453551121731,-168.9495785218477,6.422891129174931,0.22694169934790276
R:A:GLU:60,8.045711610486892,1.9897504189132793,0.07030437419299476,-0.4530024968789014,0.820863333161554,0.029003779764206723,-37.27994382022472,7.792256987509502,0.2753258629074939,-25.711229712858927,7.5995032083287715,0.2685152429976676,0.756110795505618,0.07751085043506889,0.0027387112379554357,-54.64235362397004,11.095523838288115,0.3920410582048477
R:A:GLY:61,0.6509975031210987,0.21843760267163628,0.007718113191520202,-0.007827715355805244,0.09146053244244512,0.0032315990164414913,-0.10164044943820225,0.2719573533832533,0.00960914060127963,-1.4061210986267167,0.2442008374382336,0.008628412332676845,0.13672983370786515,0.012842495938978684,0.0004537672823102564,-0.7278619265917603,0.4357060890351295,0.015394917689436653
R:A:LYS:62,12.74247440699126,2.557369841560568,0.09036022034821342,-2.072696629213483,1.0022273915736877,0.03541196367841377,5.947722846441948,9.913367309916104,0.3502716110745141,-30.91632958801498,8.708609723978922,0.307703594840681,0.5178795056179775,0.09156129867371453,0.0032351594161588847,-13.780949458177277,13.478416764154922,0.4762364398615467
R:A:GLU:73,7.458947565543071,2.0001864862488388,0.07067311450137131,-2.7006878901373286,1.1441944235430812,0.04042812210902551,-68.09049313358302,4.120972960974621,0.145607420073221,9.38189013732834,3.785661090621927,0.1337597576827269,0.12313368988764045,0.04177776739055518,0.0014761448288462442,-53.827209630961306,6.051885679572973,0.21383286634627335
R:A:ASP:75,2.5944382022471904,1.6948755743337542,0.05988548385561138,-3.2874744069912607,0.9428849238809986,0.03331520068012722,-74.70856304619225,4.507284398672837,0.1592570635726316,13.299349563046196,3.9065219959731,0.13803016779765667,0.0346371595505618,0.025823274191382233,0.0009124205299229373,-62.06761252833957,6.272067345715161,0.22161260299050628
R:A:PHE:82,10.467667915106118,2.2353215650009006,0.07898120400111512,0.17933583021223473,0.8109379232917894,0.028653082650201896,2.2619063670411985,0.6242929883498466,0.022058308138455753,-2.59494631710362,0.4107591532906227,0.014513461056042249,0.8854095999999998,0.08860684420629003,0.0031307689004240417,11.19937339525593,2.4941128291530608,0.08812514371329697
R:A:ARG:83,17.87809238451935,3.4312552576499598,0.12123744329565446,-3.3979538077403246,1.2654747730050637,0.044713352552896574,-140.2560424469413,6.040957269529446,0.21344672996367403,-49.723925093632964,4.828557067095125,0.17060867515368533,0.40133468764044944,0.07074364066953427,0.0024996036377879344,-175.0984942761548,8.555002734624509,0.30227615873835306
R:A:ASN:84,12.23718352059925,2.1940862447648355,0.07752422560006136,-2.214123595505618,1.2397743989350392,0.04380527448524336,-83.26705742821473,4.332378558509181,0.15307706958015807,-3.8439388264669163,3.4519047096997135,0.12196705580885553,0.29709637752808987,0.15890091879853283,0.005614487901916918,-76.79083995205993,6.087811972358638,0.21510225948591646
R:A:SER:85,4.105515605493133,1.0931207647422931,0.03862352310725872,-0.7865830212234707,0.8213145143591396,0.02901972146797137,-3.500601747815231,3.2534899145635494,0.11495641373531452,-2.290641697877653,1.5843349247450507,0.05597972204832632,0.28278597752808987,0.0431336571232334,0.0015240528369182878,-2.189524883895131,3.868674815504429,0.13669290342895635
R:A:ARG:87,17.11216729088639,3.3520020528448264,0.11843716899308275,-7.336259675405744,1.255149815225684,0.04434853810765332,-151.07891011235955,5.556853017903379,0.1963417472828175,-33.08070411985019,4.380889838420391,0.1547911313755673,0.0326337797752809,0.01375474690725849,0.0004860000853906012,-174.35107283695382,7.929837277835934,0.28018702344338314
R:A:THR:100,6.95103870162297,1.5117971471010367,0.05341672569755874,-1.3337078651685392,0.644578151436213,0.02277504913402681,-22.003518102372034,2.373685966729505,0.08387006975113741,-1.880920099875156,1.977594990430364,0.06987488324557946,0.42399526292134826,0.05700527387241333,0.0020141823151313357,-17.843112102871412,3.4999326026889266,0.12366403796718013
R:A:ASP:101,1.6210986267166043,1.754022829498695,0.061975349358379124,-1.461951310861423,1.0300894480760434,0.03639642103925091,-48.82779400749063,5.1149069978610635,0.18072635247208074,-10.770330836454432,4.594215506917957,0.1623286232541793,0.29135658426966293,0.0338878210140023,0.0011973672810959137,-59.14762094382023,7.169931552157718,0.2533370748359297
R:A:HIS:102,27.345922596754058,2.093377498759089,0.07396585702458836,-3.5831310861423216,0.5198422660461381,0.01836772333155362,0.42864169787765294,0.9105440583005747,0.03217249238169989,-13.999279650436955,0.7105081399440257,0.02510457073559765,0.6655977438202247,0.03605017382446196,0.0012737702609263483,10.85775130187266,2.4469730787127215,0.08645954252893735
R:A:TYR:103,12.305599250936329,2.420241164395017,0.0855150167787614,-0.46322347066167285,1.2577592370463713,0.04444073749425234,-26.682539325842697,1.5559616376991932,0.05497720124441229,0.4987665418227215,0.47193179819912723,0.01667489018662214,0.3575336629213483,0.029252108275681955,0.0010335724252646457,-13.98386334082397,3.175549955234401,0.11220254068009189
R:A:GLN:104,15.302248439450688,2.2279490643098727,0.07872070949768728,-1.1519213483146067,0.6422410630575821,0.02269247217646893,-65.90706367041199,3.414880673197204,0.12065887580212425,-9.880032459425717,2.2512827014155623,0.07954516302651624,0.8616700853932584,0.03933742431793593,0.0013899195460640905,-60.77509895330837,4.701857278039953,0.16613195822716081
R:A:PHE:106,10.318149812734083,2.4202923622219283,0.08551682576502764,-4.268514357053683,0.7926952144282162,0.028008508226169872,3.1194756554307115,0.3980325298898797,0.014063787928561352,-2.0488102372034955,0.3035451767894336,0.010725241462765179,0.04413646741573034,0.02089442957528044,0.0007382683684579818,7.164437341323345,2.5956091708878555,0.09171134061553975

Backbone Energy Decomposition:
Residue,Internal,,,van der Waals,,,Electrostatic,,,Polar Solvation,,,Non-Polar Solv.,,,TOTAL,,
,Avg.,Std. Dev.,Std. Err. of Mean,Avg.,Std. Dev.,Std. Err. of Mean,Avg.,Std. Dev.,Std. Err. of Mean,Avg.,Std. Dev.,Std. Err. of Mean,Avg.,Std. Dev.,Std. Err. of Mean,Avg.,Std. Dev.,Std. Err. of Mean
R:A:LYS:27,13.252806491885144,1.7186309328659102,0.060724838178373916,-2.000027465667915,0.8291738012948504,0.029297415717645207,-8.013337078651686,2.293232476711781,0.08102738545587407,-2.1460387016229716,1.2675516068016444,0.04478673386694661,0.0065069932584269664,0.00811649470011736,0.0002867822391735753,1.0999102392009987,3.2414332665959043,0.11453041302579163
R:A:SER:28,12.983761548064919,1.707643792676408,0.06033662666810042,-1.4831473158551813,0.6257609585930455,0.02211017631664586,-16.56434456928839,1.422479596820068,0.05026084523271913,-2.435812734082397,1.2272053032468708,0.04336116732580817,0.07241025617977528,0.031813867358055435,0.0011240877318114098,-7.427132814981274,2.6149794037063576,0.09239575413963448
R:A:GLN:31,12.935719101123595,1.6769251823391635,0.059251237940293064,-1.6959588014981273,0.797759460523342,0.028187444563658664,-7.773626716604244,1.1251533791342,0.03975533988547481,-3.375704119850187,0.9138807982738715,0.032290390291627454,0.09960796404494382,0.03445001165836709,0.0012172313108021167,0.19003742721598,2.356020642386605,0.08324589620603412
R:A:TRP:35,11.098074906367042,1.6174756968327892,0.057150693653485546,-2.072635455680399,0.718445816643126,0.02538503475137172,-6.4562172284644195,1.4042451218715106,0.04961656173976913,-3.5331136079900127,1.0813665169114584,0.03820820718120025,0.04306190561797753,0.030537709386767083,0.0010789969070074477,-0.9208294801498128,2.504911670935418,0.08850670202649107
R:A:VAL:36,12.827445692883895,1.6191230567866908,0.057208900255443645,-1.0987915106117354,0.927515087441197,0.03277213421205275,-14.695174781523095,1.5877318881748657,0.056099747849461756,0.3735181023720349,0.7677806285765308,0.027128194620035774,0.022277339325842697,0.01130976974773936,0.0003996110651987929,-2.5707251575530585,2.5675574509026613,0.09072018182504515
R:A:ALA:37,13.133789013732832,1.6221010532317435,0.057314122586057725,-1.6961860174781522,0.6538815930137062,0.023103770078990334,-3.543539325842697,1.0820371012139745,0.03823190111250133,-5.740571785268415,0.8114677552162742,0.028671803340759017,0.1529325033707865,0.06534512340684179,0.002308856409333542,2.3064243885143574,2.211860564296495,0.07815225030079853
R:A:SER:38,12.088937578027464,1.6888974888041655,0.05967425858934935,0.05271410736579276,0.6613205224182288,0.0233666117256007,-1.6350461922596755,1.187228490961794,0.04194865611675505,-5.101742821473159,1.1567575842157805,0.04087201956500019,0.29797654831460674,0.06587679425974785,0.0023276420752315957,5.702839219975032,2.457978623071125,0.08684840431854482
R:A:LYS:39,11.2452734082397,1.7996282120975078,0.06358673632076647,-0.22001498127340827,0.776617675248507,0.02744043631129617,-3.254026217228465,1.1368252442731805,0.04016774496224279,-5.068416978776529,0.964049154579684,0.03406300200254629,0.17940476404494382,0.04364085716801581,0.001541973869325237,2.882219995006242,2.4628162026758322,0.08701933178938986
R:A:GLY:40,10.35509238451935,1.6829886075484912,0.059465478535875214,-2.4194694132334584,0.7592455627759944,0.026826622898226328,-8.860729088639202,2.0070663494517107,0.07091620251503059,-4.700521847690387,1.6941807428217028,0.05986093319128684,0.04608866516853932,0.030945664042085777,0.001093411275999999,-5.579539299875156,3.210673734951181,0.11344357841467846
R:A:ILE:51,10.025529338327091,1.5373528213552754,0.054319691048612936,-1.8801735330836455,0.7292606031553355,0.025767156443893834,-9.114357053682896,0.9932953464587899,0.03509636538221667,-0.381752808988764,0.5863213094991165,0.020716644835720548,0.006225806741573033,0.0059142300718965386,0.0002089690446026731,-1.3445282506866416,2.055655133048902,0.07263300276853427
R:A:ASP:54,9.35493008739076,1.7428992814344113,0.06158231811283614,-1.6096042446941325,0.7931608029635371,0.028024958988183052,-11.924118601747816,2.218644578894222,0.07839195167051596,1.6442958801498126,1.1066871861260463,0.039102869037460436,0.021364053932584268,0.014096997004773635,0.0004980928979838687,-2.513132824968789,3.132752940354411,0.11069038251197888
R:A:ILE:55,11.30492883895131,1.6270637243899646,0.057489469949620495,-0.5645118601747815,0.8910317590731904,0.03148305918786399,-9.506192259675405,1.6164486691865194,0.05711440541589375,-1.9065767790262174,1.316940310789515,0.046531797917726755,0.09461685393258425,0.03164334444820353,0.001118062601046892,-0.5777352059925094,2.790969964447473,0.09861407484919157
R:A:PHE:56,11.945787765293382,1.569647977711152,0.05546078429100305,-2.0603533083645442,0.7887737690198622,0.027869950765522674,-5.762488139825218,1.0571314554156093,0.037351903387619456,-3.093564294631711,0.8411782110202118,0.029721570679632235,0.04045462471910112,0.016594140336737666,0.0005863251192489983,1.0698366471910112,2.2161547542634095,0.07830397804284099
R:A:SER:57,12.72912858926342,1.752259879081677,0.061913058568225945,-0.6433420724094882,0.6874612164951333,0.024290247735714483,-6.8525106117353305,1.1498254539197017,0.04062708478440781,-4.463612983770287,0.8702709768025588,0.030749513014725883,0.21934209438202246,0.023624880262579202,0.0008347440997912684,0.9890050157303371,2.3712962468949876,0.08378563315252416
R:A:ASN:58,13.048230961298376,1.7142713721632368,0.060570800674954156,-1.0291860174781522,0.7675552441279125,0.027120231052111712,2.7480774032459427,1.7053906531646559,0.06025701589790656,-6.138752808988763,1.0751275249135293,0.03798776323816087,0.07139707865168539,0.014057726002806914,0.000496705325356187,8.69976661672909,2.7554167533415197,0.09735786390253394
R:A:ARG:59,13.473680399500624,1.811521710218952,0.06400697241391949,-0.01582022471910112,0.6111565059761315,0.021594153356226456,-5.877836454431959,1.1925756825129639,0.04213758984036265,-7.303609238451934,0.8877232944758747,0.03136616033922296,0.3075779235955056,0.02110161292280344,0.0007455888320962152,0.5839924054931336,2.421953316134697,0.08557551268590508
R:A:GLU:60,10.664510611735333,1.790791259759136,0.0632744979626201,0.617247191011236,0.7186491203101633,0.025392218133240288,-11.6077265917603,1.3005246685041234,0.0459517797170115,-4.573677902621723,1.1693861578370592,0.04131822827386885,0.2517293662921348,0.03650481517787139,0.0012898342232855887,-4.647917325343321,2.604525080549645,0.09202636879353392
R:A:GLY:61,9.728590511860174,1.5784107660640272,0.05577040219356945,-1.352461922596754,0.5916621153896157,0.020905352933102365,-0.4832272159800249,1.5320489828008887,0.05413228912782808,-4.6156604244694135,1.0595477962926136,0.03743728059451937,0.2533902382022472,0.034693336828601685,0.0012258287829554786,3.53063118701623,2.5124617113827266,0.08877346958876138
R:A:LYS:62,12.47670786516854,1.741310276831878,0.06152617339583595,-0.6227990012484395,0.6555240164393981,0.02316180225730054,-3.6955617977528084,0.8723022240177032,0.030821283606119944,-4.03274531835206,0.7288255307262375,0.025751783915477396,0.21964710112359548,0.029553771510342032,0.0010442311715718304,4.345248848938827,2.180560585263397,0.07704631992015429
R:A:GLU:73,11.42618352059925,1.6401607789488466,0.057952231618511915,-2.3211672908863923,0.8017718156827711,0.02832921416241958,-20.307898876404494,1.196077967934997,0.04226133701111373,2.4081647940074906,0.7303664534762905,0.025806229743754388,0.0010159370786516854,0.002289166146521039,8.088370874315433e-05,-8.793701915605492,2.3015230451268627,0.08132031828734188
R:A:ASP:75,9.030870162297129,1.738471796689909,0.06142588063140504,-1.9735967540574284,0.8688966461624249,0.03070095342922689,-11.143898876404494,1.2959867414324788,0.04579143994782594,1.372533083645443,0.7481716352027467,0.026435344906526773,0.0004074786516853932,0.001539195197736551,5.4384788217223804e-05,-2.713684905867665,2.4528779766656017,0.08666818183932759
R:A:PHE:82,10.992900124843946,1.5292612448723888,0.05403378925135397,-0.837625468164794,0.8409838715518265,0.029714704032149236,1.9911710362047441,2.296279240210948,0.081135037550874,-4.735720349563046,1.8559085742306916,0.06557530513900531,0.05359151460674157,0.039521277476986146,0.0013964156780249472,7.4643168579275905,3.4299782424352387,0.12119232218164312
R:A:ARG:83,11.874538077403248,1.7015572888832187,0.06012157063085271,-0.5223845193508115,0.6573552745766803,0.023226506582075993,-1.6694494382022473,1.5000150561883767,0.053000425984576674,-5.820675405742822,1.2007498373067247,0.04242640939877033,0.23501068764044944,0.041800482104331835,0.001476947413794518,4.097039401747815,2.649718057690948,0.09362318412556582
R:A:ASN:84,11.98341697877653,1.7980467536332438,0.06353085823345188,0.13935205992509364,0.9292466259202377,0.0328333151159505,-19.642976279650437,1.5168437928217475,0.05359504015639529,2.671223470661673,0.8056287849093999,0.028465493469202123,0.13047182921348313,0.021393017239845227,0.0007558850973725151,-4.718511941073658,2.654577539292887,0.09379488546543199
R:A:SER:85,13.35501622971286,1.894461619419077,0.06693751001125457,-2.430446941323346,0.7059135782932174,0.02494222988195047,-16.00146941323346,1.274269701744807,0.0450241060801944,1.4719275905118603,0.9886136409571,0.034930945451996494,0.03979008539325843,0.020202619255925678,0.0007138244527285628,-3.565182448938826,2.586276697719472,0.09138159388974967
R:A:ARG:87,12.168308364544318,1.66417603821973,0.058800769082343225,-3.4264269662921345,0.7415019275674052,0.026199682374735966,-10.292489388264668,0.9317836855482784,0.0329229577101896,1.440023720349563,0.3561114558328929,0.012582579607628165,0.00016288539325842697,0.0006165158513413766,2.178351651373918e-05,-0.1104213842696629,2.0770998003206405,0.07339071283005041
R:A:THR:100,11.779701622971288,1.7672207927836308,0.06244167646179358,-1.0405255930087391,0.7593146358798522,0.02682906347634815,-10.966450686641698,2.0453649681808197,0.07226941767036482,-4.013639200998751,1.3552697575636565,0.047886102328473644,0.10022149213483147,0.03059641229338853,0.0010810710722264124,-4.140692365543071,3.117825870054542,0.11016296041622664
R:A:ASP:101,8.305790262172284,1.6519809977520592,0.058369878514265804,0.08053807740324594,0.9074516974097763,0.03206322918208453,-7.158847690387017,2.260513483207539,0.07987131666419278,-3.4416916354556806,1.421339310912955,0.05022055521124776,0.09590923146067415,0.028284969921110244,0.0009994002717473506,-2.1183017548064917,3.268552658914769,0.11548862963796021
R:A:HIS:102,13.139662921348316,1.6464087050929055,0.058172991234083204,-1.7693183520599254,0.7491249292179584,0.026469027894365012,-4.593194756554308,1.160214468323352,0.04099416255918197,-6.053503121098627,0.7914107950329134,0.027963125498301204,0.06688072808988764,0.010447314861401272,0.00036913772016147626,0.7905274197253433,2.2900627915345,0.08091539013693388
R:A:TYR:103,12.942252184769037,1.7760394066168763,0.06275326686072141,-2.221925093632959,0.7330265169411329,0.025900218464868233,-12.422916354556806,3.256071128714886,0.11504761645292315,0.16060923845193512,2.1519024381313154,0.07603373407999038,0.03626253483146067,0.027369896628981746,0.000967067746757129,-1.5057174901373285,4.350296111544878,0.1537101551879161
R:A:GLN:104,12.451759051186018,1.6442335344246086,0.05809613535751498,-1.019720349563046,0.8234818887938055,0.029096301878168897,-14.214028714107364,2.6612483479492552,0.09403058689988794,2.137594257178527,1.8978755042494073,0.0670581337006791,0.07078297528089887,0.04104003574547604,0.0014500783628529944,-0.5736127800249687,3.7506645838470316,0.13252321691642632
R:A:PHE:106,10.998565543071162,1.5627537504052673,0.055217188746719055,-0.8898589263420724,0.6684989549411421,0.02362024916746926,-4.179028714107366,0.9962232377836276,0.03519981733545724,-4.548535580524344,0.8069228485057558,0.02851121695815981,0.1761151460674157,0.026915674981561326,0.0009510186139798409,1.5572574681647942,2.1291782014814022,0.07523081265753469

Ligand:
Total Energy Decomposition:
Residue,Internal,,,van der Waals,,,Electrostatic,,,Polar Solvation,,,Non-Polar Solv.,,,TOTAL,,
,Avg.,Std. Dev.,Std. Err. of Mean,Avg.,Std. Dev.,Std. Err. of Mean,Avg.,Std. Dev.,Std. Err. of Mean,Avg.,Std. Dev.,Std. Err. of Mean,Avg.,Std. Dev.,Std. Err. of Mean,Avg.,Std. Dev.,Std. Err. of Mean
L:B:ILE:13,23.461927590511863,2.879592736714454,0.10174540653996779,-3.2446004993757804,1.4825996418713832,0.05238508257606182,-11.11218102372035,1.4407374380790545,0.050905954333653074,-2.2462983770287144,0.6287481445882831,0.022215723344050413,0.47132321797752813,0.06458972715079782,0.002282165795001164,7.330170908364544,3.6007466524423815,0.12722612726763072
L:B:HIS:17,39.78564794007491,2.806556694652453,0.09916480488164191,-11.808781523096128,1.0174250249313124,0.035948945649753636,-18.898122347066167,1.6230106355500566,0.05734626109702783,-2.848722846441947,1.0625920493118757,0.03754484398607339,0.021004808988764046,0.019186038570546057,0.0006779053403499692,6.251026032459426,3.5602735361346074,0.12579608001818102
L:B:LEU:26,22.414118601747813,2.725648191181032,0.09630604347650212,-4.754560549313359,1.4467273677324333,0.05111759809145203,-19.418460674157302,2.3485332275407487,0.08298134141058959,-2.697566791510612,1.8452604871708291,0.06519907348201939,0.08417140674157303,0.03711022235106013,0.0013112252339562791,-4.372298006491885,4.294665283070881,0.15174453651306824
L:B:PRO:27,27.665560549313355,2.35012533926467,0.08303759591232591,-4.306104868913858,1.0169849880437671,0.035933397710822886,-9.09043445692884,1.892589036065923,0.06687134553177196,-2.6331822721598,1.4449053912793548,0.05105322171886254,0.17873271011235956,0.06818930503518886,0.0024093506258802398,11.81457166142322,3.4973764748260274,0.1235737216299902
L:B:GLU:28,20.277364544319603,2.8207549749411953,0.099666476448502,-0.1076741573033708,1.2357251814375119,0.0436622024198079,21.32772534332085,10.530278533328667,0.37206909737349564,-97.16486142322098,10.303983082542198,0.3640733407705376,1.1985932674157302,0.10970733408563453,0.003876318051730736,-54.468852425468164,15.051728950743327,0.531826692607276
L:B:TYR:29,23.651543071161047,3.0592661435030584,0.10809385421628248,1.1025967540574282,1.2022918692089677,0.042480894417012985,-21.350288389513107,1.2081490089978968,0.04268784627565184,-11.91841573033708,1.179164568392833,0.04166373142250058,1.3094411955056178,0.13157060298428563,0.004648818674483374,-7.205123099126092,3.697563928644828,0.13064699751838352
L:B:TYR:30,22.565671660424474,2.9540906344360502,0.10437766032829521,-7.179927590511861,1.1230532785301375,0.03968113647920459,-22.75928963795256,1.8006677658583334,0.06362346714685407,-6.549715355805244,1.5178144330121779,0.053629336041198794,0.12905182022471912,0.035324008682844285,0.0012481124772380399,-13.794209103620474,3.941486139076328,0.13926556504984536
L:B:GLY:31,11.359558052434458,1.7639515471271985,0.062326163346292304,-1.5737478152309614,0.689787809616462,0.024372453861589347,-9.896303370786518,1.0423374980189493,0.03682918460504066,-3.864318352059925,0.6238672269635439,0.022043264599560106,0.32460639101123595,0.026867419854594624,0.0009493136029037029,-3.6502050946317106,2.2502737428617747,0.07950951322891527
L:B:GLU:32,19.814857677902623,2.8483655351695423,0.10064204762542986,-3.4086429463171033,1.3731820149912535,0.04851900082511968,27.367596754057427,11.400588671462083,0.4028199940858111,-98.61003995006241,10.590910165242725,0.37421141074983655,0.4592405483146068,0.0748212077742279,0.0026436773873398985,-54.37698791610487,15.879081001918255,0.5610597399494206
L:B:ASN:33,22.600971285892633,2.6515888625604087,0.09368928576541695,-4.290193508114856,1.1184164941736836,0.03951730375960834,-86.07314107365794,1.9332751512163127,0.06830891872527554,-7.979092384519352,0.9607576995568964,0.03394670415766992,0.48672457528089885,0.0291479176250807,0.0010298910296395187,-75.25473110511861,3.5976710131923335,0.12711745489814022
L:B:LEU:34,22.666953807740324,2.897275952801227,0.1023702122587569,-4.2206916354556805,1.2406919099933886,0.04383769314446778,-29.97856179775281,1.0631242284335407,0.037563647610765014,-3.845685393258427,0.7298484277502518,0.025787926204708066,0.4422803505617977,0.04458447459888565,0.0015753149518672066,-14.935704668164792,3.4056458991137766,0.12033258110376523
L:B:ASP:35,12.887345817727839,2.4582192709419908,0.08685690719297634,-2.7990586766541825,0.7792134500903743,0.027532153505607948,52.97495505617977,2.7064854772249363,0.09562896227088113,-130.08435830212235,2.7766987467667867,0.09810982616630369,0.8705186696629212,0.03383636273723114,0.0011955490922863734,-66.150597435206,4.656853020334799,0.1645418109685367
L:B:ALA:36,15.255792759051188,1.98573220350013,0.07016239753234985,-4.088680399500624,0.8408583363448265,0.029710268463706363,-1.099716604244694,1.2557273576857373,0.044368944567095656,-3.3404007490636705,0.7204133093433861,0.025454552687745175,0.13153855280898877,0.01646083958436029,0.000581615168751556,6.858533559051185,2.597362627392907,0.09177329595480768
L:B:LEU:37,23.431865168539325,2.6588489346381112,0.09394580779911889,-7.147890137328339,1.3570733676771247,0.047949829758361456,-32.02996754057428,1.0764183194497434,0.038033371220557895,-1.093374531835206,0.5605418566745989,0.019805772657663458,0.0004693662921348315,0.0022416464421152697,7.920468254553285e-05,-16.83889767490637,3.222423680864256,0.11385874233994675
L:B:TRP:38,27.830605493133582,3.2867026202605025,0.1161299269895827,-7.107255930087391,1.116913988226732,0.03946421532232615,-6.183038701622971,1.7303028534896192,0.061137245215598386,-5.736534332084894,1.1664009731197569,0.04121275195814325,0.6503788404494383,0.05901668012201281,0.0020852518604782357,9.454155369787765,4.050658358161726,0.14312297574271576
L:B:ASP:39,14.89119475655431,2.4204139939573954,0.08552112341108553,-3.887808988764045,0.8394049254876546,0.029658914716127013,61.52370411985019,3.6504232044560214,0.12898136192831353,-139.93960424469412,3.4310617003258126,0.12123060428387927,0.6578057887640449,0.04187124466137182,0.0014794476858093915,-66.75470856828964,5.626946924867946,0.1988183937089443
L:B:ALA:40,15.645177278401999,1.9750785855907125,0.06978597045240384,-4.506977528089887,0.9084744504995004,0.03209936638564711,-4.382076154806492,1.2551972366184836,0.04435021366018113,-1.3796604244694128,0.6809540634277002,0.024060328787169283,0.03737057078651685,0.013388254626394324,0.00047305071736544415,5.413833741822722,2.601088047557155,0.09190492720401554
L:B:THR:42,18.102338327091136,2.4682856933126547,0.08721258673871475,-1.2303058676654182,1.191790312886736,0.04210984016906855,-35.43131460674157,2.379316262826505,0.08406900648202502,-6.069581772784021,1.523304991948177,0.053823335402272424,0.5445835146067415,0.05831483585534519,0.002060453412652826,-24.084280405493136,3.9367249092143024,0.139097335264513
L:B:GLY:43,11.58643695380774,1.843644840651158,0.06514198741916304,-1.2031697877652934,0.636091477836215,0.022475187266550015,-5.947255930087391,1.527876973323082,0.05398487842110002,-4.457008739076155,0.955664000353455,0.03376672714576865,0.4130777617977528,0.03876102613540503,0.0013695535176800149,0.3920802586766541,2.6557188877900906,0.09383521303167815
L:B:TRP:44,27.69219225967541,3.267367854958406,0.11544676664856128,-4.687425717852684,1.1106031292272922,0.03924123208364531,3.566265917602996,1.6210681541806977,0.05727762689257876,-8.226279650436954,1.1991039181154517,0.04236825370365662,1.0394747595505618,0.07972970011901478,0.0028171104366566165,19.384227568539327,3.997649434640894,0.1412499975242657
L:B:VAL:45,19.455935081148564,2.7269059542228997,0.09635048434843313,-3.569983770287141,1.199908517522581,0.04239668282585034,-25.174736579275905,1.417020295770143,0.05006795031474456,-6.377831460674157,1.0733885138578139,0.037926318303748666,0.13290480898876403,0.03739743675609615,0.001321373455971128,-15.533711920099876,3.469481880941571,0.12258811461728478
L:B:GLU:46,19.543498127340825,2.768909540370639,0.09783460809074207,-1.8079450686641698,1.1345396111714787,0.04008698608750025,21.700951310861424,13.882893706259596,0.49052792989962696,-94.13124469413232,13.865867249358365,0.48992632962564947,0.9079721707865169,0.15464864447106696,0.0054642411761729424,-53.78676815380773,19.848802699695533,0.7013229594113927
L:B:TYR:47,24.353325842696623,3.017284928047489,0.10661052090351603,-3.3596779026217227,1.2167328486944988,0.04299114133834227,-15.207611735330836,1.615136198324521,0.057068031538184134,-6.323973782771535,1.073312992368635,0.03792364988313452,0.49887346516853937,0.06267088294452289,0.0022143667686440336,-0.039064112858926324,3.7880127402649157,0.1338428491372631
L:B:SER:69,16.813538077403248,2.209025913610351,0.07805209284353615,-3.888260923845194,0.9682136868503719,0.034210148515151195,-8.35396129837703,2.209683836870482,0.078075339418901,-6.599421972534333,1.5059144891579284,0.05320887219927549,0.29155112808988765,0.05392119383756759,0.001905211705174455,-1.736554989263421,3.6014749524512513,0.1272518604831444
L:B:GLN:72,27.835700374531836,2.893318915567101,0.10223039722278092,-3.4785505617977526,1.4290486372909532,0.05049295086514627,-83.28316354556806,6.013917311966922,0.21249132004061613,-2.877921348314607,4.684136944402222,0.16550584102419413,0.6571088808988764,0.0907534102273946,0.003206614081479526,-61.146826200249684,8.278287919943269,0.29249892150740414
L:B:VAL:73,20.56815730337079,2.682800411447922,0.09479209162049958,-5.102607990012485,1.3015442316350418,0.045987804208921707,-27.424088639201,1.3096513057699326,0.04627425358878966,-2.1078102372034957,0.6021263291865703,0.021275087747792538,0.09517770786516855,0.019739705324691867,0.0006974681932041211,-13.971171855181023,3.312033778441651,0.11702495945525349
L:B:GLU:76,20.741102372034955,2.5981125622073216,0.09179979359858843,-3.5632496878901367,1.2005879417271987,0.04242068909973433,47.81304868913857,6.737210570113112,0.23804763071587798,-127.23549687890137,6.285609623566985,0.2220910958509526,0.6225011056179774,0.060355478618218564,0.0021325559794026956,-61.6220944,9.648530337903344,0.3409140567784864
L:B:GLU:80,19.65898377028714,2.882006947151928,0.10183070847148817,-1.2960461922596755,1.1420914239183628,0.040353816270896986,67.43131460674158,3.763584047460081,0.1329797037177814,-140.76558551810237,3.3039575275433326,0.11673959916089957,0.9615547056179776,0.08305203819187042,0.002934499480452996,-54.009778627715356,5.890495287424813,0.20813041722859188
L:B:GLY:81,10.94503745318352,1.7984359819351665,0.0635446109392811,-0.5334993757802746,0.653194218401708,0.02307948289127406,-8.249685393258426,1.542502188700617,0.05450163499759414,-5.258374531835205,1.2638047600247575,0.044654345545606315,0.49291719550561797,0.04387284364658544,0.0015501707085077022,-2.6036046521847687,2.7639600156459556,0.09765972523356861
L:B:ALA:82,13.870594257178528,2.078172694756247,0.07342862169095754,-2.7851123595505616,0.8212281201516973,0.029016668878746914,-7.762247191011236,1.9297504897342137,0.06818438093531672,0.19531335830212232,1.444195277804664,0.051028131092938,0.16654097078651683,0.04432851072083052,0.0015662709129306517,3.6850890357053685,3.287068503162626,0.11614285482626875

Sidechain Energy Decomposition:
Residue,Internal,,,van der Waals,,,Electrostatic,,,Polar Solvation,,,Non-Polar Solv.,,,TOTAL,,
,Avg.,Std. Dev.,Std. Err. of Mean,Avg.,Std. Dev.,Std. Err. of Mean,Avg.,Std. Dev.,Std. Err. of Mean,Avg.,Std. Dev.,Std. Err. of Mean,Avg.,Std. Dev.,Std. Err. of Mean,Avg.,Std. Dev.,Std. Err. of Mean
L:B:ILE:13,10.876544319600498,2.167463030448355,0.07658354057558056,-1.9350149812734083,0.9661865628244645,0.034138523609485466,-6.184169787765293,0.39711066157830105,0.014031215313364072,4.708539325842697,0.34801582937013037,0.012296534711366443,0.4498511370786517,0.06369791548609925,0.002250655179202983,7.915750013483146,2.43192964166555,0.08592800881633698
L:B:HIS:17,27.083898876404497,2.0891666076734916,0.07381707250379933,-8.378840199750313,0.7219278510725758,0.025508066388482586,-7.279267166042446,1.279043792156963,0.04519279027072254,-3.381488139825218,0.7157485959510526,0.02528973314418815,0.020992170786516856,0.019183290773958667,0.0006778082517313917,8.065295541573034,2.6522469738465757,0.09371253898435514
L:B:LEU:26,9.442519350811486,2.040037422837962,0.07208117811139593,-4.278490636704119,0.9893008352096626,0.034955226267025456,-27.635027465667914,0.4808576859134796,0.016990270921768417,4.644270911360799,0.28591193263619424,0.01010220141542957,0.0032153887640449436,0.005086444919619517,0.00017972069438552694,-17.823512451435708,2.3352653914220625,0.08251254547198696
L:B:PRO:27,13.04567540574282,1.5562140066404062,0.05498611826250113,-2.8706104868913864,0.6772446641878576,0.023929263609491606,-12.941670411985017,1.100016701149326,0.03886717903966251,12.356500624219727,1.038932789518018,0.036708885145273096,0.1049163595505618,0.05630825202293899,0.0019895542590393053,9.694811490636704,2.2744342313691384,0.08036318211550605
L:B:GLU:28,7.976570536828964,2.0315935358634447,0.07178282803499587,-0.028208489388264667,0.830753477905164,0.02935323084624614,19.52341822721598,10.862840886180248,0.3838196103399157,-83.241556803995,10.46629694387824,0.36980841906759926,0.9804228764044943,0.07705332790205481,0.0027225454741204337,-54.789353652933826,15.243626362754327,0.5386070542709549
L:B:TYR:29,11.90300124843945,2.4555480332441024,0.08676252364975118,0.6585205992509362,0.8272983767253957,0.029231150848720747,-17.050710362047443,0.7417792750467505,0.02620948196607367,-5.2054382022471914,0.6796263157628737,0.024013415130172636,1.0851808719101124,0.12868859897437201,0.0045469880697940985,-8.609445844694132,2.782593740590556,0.09831811553149855
L:B:TYR:30,11.699430711610487,2.4080736278733346,0.08508509801483197,-6.03767290886392,0.8062630728858161,0.02848790493287928,-21.486789013732835,0.7034687298393751,0.02485584540935015,0.8864881398252185,0.4977771088640217,0.017588089337051936,0.038678615730337075,0.015118089577073775,0.0005341714300481483,-14.899864455430711,2.681745252734053,0.09475480942050721
L:B:GLY:31,0.6453620474406992,0.22434946045688103,0.007926998415495486,-0.13175031210986268,0.08064234986833596,0.0028493573299722425,-5.597157303370787,0.24711486808200173,0.008731374542832439,4.528228464419476,0.2150872632798895,0.007599734769768422,0.05334761348314607,0.02362170323116839,0.0008346318449059292,-0.5019694901373284,0.4058597574477417,0.014340349415816724
L:B:GLU:32,7.857214731585518,2.089470224496843,0.07382780027676888,-1.8453583021223472,1.0215262223410864,0.0360938543350819,24.364942571785267,10.709935052355164,0.3784169483500759,-85.59352684144818,9.997508314648421,0.3532445872957761,0.3777114606741573,0.06870326029973685,0.0024275103422415393,-54.83901637952558,14.8346554765217,0.5241567785245913
L:B:ASN:33,11.506921348314604,1.9182011756768944,0.06777630598810717,-2.0767640449438205,0.7123452959974579,0.02516948345299361,-80.15065667915106,1.6100802085256811,0.056889386922580665,-6.395644194756555,0.7387306804388221,0.026101765172026906,0.46156956404494376,0.027389479324037055,0.0009677596672652436,-76.65457400649188,2.706614684579849,0.09563352758829075
L:B:LEU:34,9.742375780274656,2.102707503744824,0.07429551654143263,-1.804729088639201,0.9069003720967133,0.03204374905998317,-28.941159800249686,0.44990806599476646,0.015896719871740465,5.405019975031212,0.26870940376345365,0.009494379944234462,0.4076680898876405,0.04354271619258868,0.001538506228462087,-15.190825043695378,2.3495457243615068,0.08301711622670682
L:B:ASP:35,2.5524531835205995,1.5849985820141115,0.05600317122493483,-1.113358302122347,0.2864345287932433,0.010120666442715287,50.03639200998751,2.3116846667826008,0.08167936153442552,-113.44794631710361,2.442984993561378,0.08631863046874706,0.8258105707865169,0.024805749424300187,0.0008764680600575728,-61.14664885493134,3.7292012880615766,0.13176484864874194
L:B:ALA:36,2.8974169787765294,0.8498504625229945,0.030027989619893287,-1.8076154806491886,0.3663753755580209,0.01294523737926787,2.7551335830212236,0.13136489243540378,0.004641550249626384,-0.7181872659176031,0.05901672365145543,0.0020852533985154654,0.06069446292134831,0.019659803575678043,0.0006946450037186728,3.1874422781523095,0.9368046439773771,0.03310036455320442
L:B:LEU:37,10.186446941323345,2.0739381983151572,0.07327900311594254,-4.7481310861423225,0.9215960584368219,0.03256299560550829,-29.05087640449438,0.4583922492117252,0.016196493745859193,5.421878901373284,0.218845801218353,0.007732536177991582,0.0004664,0.002232973770105132,7.889824874737497e-05,-18.190215247940074,2.3256355841741736,0.08217229296306588
L:B:TRP:38,15.094915106117353,2.7866318623678237,0.0984607955489356,-4.5870374531835205,0.6885027440466783,0.024327048302268017,7.885463171036204,0.9212954343519427,0.03255237357575326,-2.643961298377029,0.8382480018524053,0.02961803682943723,0.6503215280898875,0.05899407023811417,0.0020844529795115774,16.399701053682897,3.129581194858813,0.11057831439527042
L:B:ASP:39,3.9448277153558053,1.6620541628450651,0.058725796302383816,-1.7000724094881399,0.33254533412942067,0.011749911639439751,57.55522721598002,2.596199101300086,0.09173218478175027,-121.7513670411985,2.6578853435556624,0.09391176098229927,0.635244413483146,0.038847183626191086,0.0013725977429326778,-61.31614010586766,4.0840083026650325,0.1443013380917769
L:B:ALA:40,2.9050174781523093,0.8554382467201783,0.030225424266658217,-1.8598626716604245,0.3624405946311169,0.012806208731240946,2.599647940074907,0.14427746156791366,0.0050977934464895855,-0.6389450686641698,0.06800789025807841,0.002402940649908943,0.02422983370786517,0.0120670634087492,0.00042636872103921574,3.030087511610487,0.94272183153961,0.03330943809558998
L:B:THR:42,7.103192259675406,1.548642924258669,0.05471860722003464,-1.6775205992509363,0.760903352927965,0.026885198033112467,-26.96605992509363,0.9743461196891496,0.03442682737543072,2.207202247191011,0.5591561830103423,0.019756812286113704,0.25134012584269666,0.05401027992663204,0.0019083594073593343,-19.081845891635457,2.0596582065098112,0.07277444441460339
L:B:GLY:43,0.6583483146067416,0.22962554825142756,0.008113419811393711,-0.05381523096129837,0.11333929624202298,0.004004647124598572,-8.914593008739075,0.35851079713376044,0.012667356164039209,7.290228464419475,0.3016514826211776,0.010658331069307452,0.0734615191011236,0.025815284007033364,0.0009121382106405819,-0.9463699415730338,0.534568728976741,0.018888057314434662
L:B:TRP:44,14.744183520599252,2.741622048752405,0.09687045198187474,-3.4404656679151064,0.8746401145441891,0.030903888906178678,5.937439450686642,1.349348280898132,0.04767687723807488,-1.622685393258427,0.9405588815363078,0.03323301401498798,0.792735415730337,0.078808853366772,0.00278457391648368,16.411207325842696,3.315582816993683,0.1171503585666273
L:B:VAL:45,7.322902621722847,1.838193091925224,0.06494935934943578,-3.028483146067416,0.7989512476727804,0.02822955429205278,-22.595414481897627,0.6350535837016409,0.022438515080472694,7.772380774032459,0.4826235403787723,0.017052664321422085,0.019050103370786515,0.01752413193341902,0.0006191847566125306,-10.509564128838951,2.157267385017343,0.07622329515750825
L:B:GLU:46,7.789727840199751,2.1235855231174376,0.07503320508388936,-0.6183046192259676,0.773373198695533,0.027325798369033413,20.820787765293385,14.809756146911615,0.523277003971249,-83.80158926342072,14.50295693083526,0.5124367866836307,0.8196480898876404,0.14382145374037114,0.005081681202140873,-54.98973018726591,20.851691611417515,0.7367582967549655
L:B:TYR:47,11.45043695380774,2.4975751883688635,0.08824748016091602,-3.477746566791511,1.0196561129642885,0.03602777726925571,-22.759689138576782,1.0637540228915046,0.03758590030377439,1.1334456928838952,0.5615356395781171,0.01984088625002732,0.30374153707865165,0.04843376097082913,0.001711322798327122,-13.349811521598003,2.9541193501951213,0.10437867494975314
L:B:SER:69,4.047626716604245,1.0791988713765204,0.0381316171921456,-1.510212234706617,0.5846812078018918,0.020658694691652112,-4.320772784019975,1.931567145806719,0.06824856932150192,0.30305617977528093,1.252743450551135,0.04426351339253518,0.25410023370786516,0.04871200209273336,0.0017211539649720912,-1.2262018886392012,2.609446870419782,0.09220027168780666
L:B:GLN:72,15.170186017478152,2.249271693829675,0.07947410756725899,-1.674310861423221,0.9980021338506341,0.03526267153744986,-75.43458426966292,5.580691293116464,0.1971840313224468,0.05363795255930094,4.357687451086425,0.15397131532939765,0.6529362606741573,0.08770033572776964,0.0030987389982427282,-61.23213490037453,7.496431016900151,0.2648733661842694
L:B:VAL:73,7.3508027465667904,1.7378445216892937,0.06140371695904393,-2.898133583021224,0.8481697654034775,0.02996860510710593,-23.706621722846442,0.4538471041937436,0.01603589894307979,8.541998751560548,0.3041514197579283,0.01074666200481095,0.09032975280898875,0.020764607642424656,0.0007336813360044666,-10.621624054931335,2.0095800510470925,0.07100501979376636
L:B:GLU:76,7.9301622971285886,2.0597662282363474,0.07277826117464081,-1.9700636704119852,0.7987675632909763,0.028223064123542696,54.170827715355806,6.3815771948174485,0.22548194325344764,-115.33933458177279,6.052092855203488,0.21384018653724451,0.5986516044943819,0.056371251745723674,0.001991780244792397,-54.60975663520599,9.06841770512317,0.32041678474809004
L:B:GLU:80,8.202621722846443,2.0585774006178656,0.07273625601613136,-1.424031210986267,0.6776091941522466,0.023942143642473313,63.47750312109862,3.1133290799965723,0.1100040741519506,-125.32702372034957,2.865682672891314,0.10125391860119173,0.7226225528089888,0.08330085042108229,0.0029432908283024708,-54.34830753458177,4.754870062165416,0.16800507285336835
L:B:GLY:81,0.6287752808988764,0.2291641369981233,0.008097116646383257,0.11975280898876405,0.16830618706532785,0.005946806716040046,-7.463480649188514,0.4122763729320182,0.014567069376155024,5.884004993757802,0.3859349171488476,0.013636339799940288,0.12050240898876403,0.014353761336182895,0.0005071652195490375,-0.7104451565543072,0.6324292630071194,0.02234578926805104
L:B:ALA:82,2.960149812734082,0.904537619254877,0.031960265293205656,-1.5255630461922598,0.37680176733645276,0.013313635818642987,2.1390337078651687,0.16754833498624724,0.005920029329467251,-0.1898689138576779,0.10347569772617589,0.0036561340073975124,0.06984328089887641,0.032017877133128404,0.001131296062780674,3.4535948414481896,0.9999863426806639,0.03533278010922724

Backbone Energy Decomposition:
Residue,Internal,,,van der Waals,,,Electrostatic,,,Polar Solvation,,,Non-Polar Solv.,,,TOTAL,,
,Avg.,Std. Dev.,Std. Err. of Mean,Avg.,Std. Dev.,Std. Err. of Mean,Avg.,Std. Dev.,Std. Err. of Mean,Avg.,Std. Dev.,Std. Err. of Mean,Avg.,Std. Dev.,Std. Err. of Mean,Avg.,Std. Dev.,Std. Err. of Mean
L:B:ILE:13,12.585392009987515,1.8013286284300203,0.06364681757768618,-1.3096142322097377,0.8789301093237427,0.031055468418564183,-4.928012484394507,1.416985315947886,0.05006671436349671,-6.954830212234707,0.6133238365459845,0.02167073221653703,0.02147226966292135,0.009933435135450537,0.0003509806728252753,-0.5855926491885144,2.530101806627241,0.08939675170750457
L:B:HIS:17,12.701769038701624,1.6034552159487516,0.05665530431969389,-3.4299550561797756,0.7029717873501505,0.024838286809848044,-11.618877652933833,1.1063933205636003,0.039092485808353776,0.5327578027465668,0.5630610970564323,0.019894785639795784,1.2629213483146067e-05,0.00011936096345124986,4.2174122737947155e-06,-1.8142932384519352,2.146248344534412,0.07583395650578788
L:B:LEU:26,12.971573033707864,1.7096879726333694,0.06040885421545811,-0.4760586766541822,0.8965304424613375,0.03167734561233939,8.21656179775281,2.452080237191828,0.086639995100961,-7.341860174781523,1.9698643223871288,0.06960173352101738,0.08095597303370786,0.03652684793420124,0.0012906127124522667,13.451171953058676,3.6906905785892645,0.13040413963546887
L:B:PRO:27,14.619883895131085,1.5893806503440888,0.056158003996262126,-1.4355205992509361,0.7199979573335156,0.025439876946081203,3.8512334581772785,1.9481697173551453,0.06883519234296812,-14.989696629213482,1.4738373158388869,0.0520754810087828,0.07381638651685393,0.022247523858073475,0.00078607760416496,2.119716511360799,3.0020966912724933,0.10607387094409836
L:B:GLU:28,12.300800249687889,1.73716239412741,0.061379615166727575,-0.07946816479400749,0.7181557628211036,0.02537478620349067,1.804298377028714,1.9895936095584614,0.07029883360687235,-13.92329088639201,1.6845183522095195,0.059519529405796585,0.21817039101123598,0.06223460113605223,0.002198951508908559,0.32050996654182273,3.2145666642564343,0.11358112830836456
L:B:TYR:29,11.748571785268414,1.7732954482317755,0.06265631385835367,0.44405867665418225,0.7756334049209137,0.027405658829276102,-4.29956304619226,0.8989847228500669,0.03176406334597254,-6.712982521847691,0.7673347551174249,0.02711244045598899,0.22426008988764043,0.022610981562322666,0.0007989197506974974,1.404344983770287,2.2679663446279097,0.0801346505743786
L:B:TYR:30,10.866218476903871,1.6057289230254204,0.05673564180906137,-1.1422696629213485,0.6739468686134455,0.023812741732239236,-1.27249063670412,1.6600934326020655,0.05865651730568902,-7.43619975031211,1.4360048529263063,0.05073873665935765,0.09037320449438203,0.02985352193218558,0.0010548223319613362,1.1056316314606742,2.8020494519766084,0.09900554929227293
L:B:GLY:31,10.7141797752809,1.6851990365827192,0.059543580205548084,-1.4419637952559299,0.6762314498161317,0.02389346343995756,-4.299114856429464,1.01858961598098,0.035990094451211034,-8.392549313358304,0.6393808610841836,0.02259141190886252,0.2712589393258427,0.0220214333691888,0.0007780890895347147,-3.1481892504369537,2.1780730936891026,0.07695842872697808
L:B:GLU:32,11.957649188514356,1.7331241289848167,0.061236930083725834,-1.5632933832709115,0.7395448629483357,0.026130532896494328,3.0026641697877654,1.6247161636917968,0.05740652297084569,-13.016519350811485,1.239756553540863,0.043804643949243535,0.0815288988764045,0.022883171507328673,0.0008085371095196778,0.4620295230961299,2.779904389530294,0.09822309198408287
L:B:ASN:33,11.09405493133583,1.638640345454605,0.05789850974249235,-2.21343695380774,0.8029384821237024,0.02837043629422164,-5.92247191011236,1.1145657118872931,0.039381243057610336,-1.5834481897627966,0.5281805720858471,0.018662342889051477,0.025154795505617975,0.009577584219438074,0.00033840729893955756,1.3998526731585519,2.2025384357122904,0.07782286908291841
L:B:LEU:34,12.924583021223471,1.722853956004168,0.06087405136416629,-2.41594631710362,0.7312730068868212,0.025838261233530224,-1.037370786516854,1.000785728067515,0.035361025003072914,-9.250742821473157,0.6805180693582834,0.024044923694193383,0.03461226966292135,0.011567573840779605,0.0004087201249347803,0.25513536579275914,2.2288554662229263,0.07875273563456296
L:B:ASP:35,10.334871410736579,1.694361005857789,0.059867302472489996,-1.6856903870162299,0.6775368154938431,0.023939586268324466,2.938563046192259,0.9804348910627327,0.03464196353369211,-16.63639575530587,0.7051548271614707,0.024915420728913673,0.044708269662921345,0.01953381194381349,0.0006901933082961738,-5.003943415730337,2.18833106046876,0.07732087616163184
L:B:ALA:36,12.358360799001247,1.6469744457277593,0.05819298069653582,-2.2810574282147313,0.7419335027781782,0.02621493133501872,-3.854852684144819,1.2409190618744066,0.04384571916154507,-2.6221897627965043,0.7067350447061466,0.024971254970490513,0.0708440629213483,0.015638513233381477,0.0005525596957945257,3.6711049867665415,2.3027351675909595,0.08136314652875024
L:B:LEU:37,13.245424469413232,1.6285585377755991,0.057542286583613086,-2.3997640449438205,0.8161484593020388,0.02883718788768727,-2.9790674157303374,0.9604597216194812,0.033936175624938295,-6.515279650436954,0.552680088385456,0.019527990733677034,2.9662921348314606e-06,5.92887524506176e-05,2.0948650635292178e-06,1.3513163245942572,2.1321912154047475,0.07533727226990722
L:B:TRP:38,12.735692883895132,1.5828262797199455,0.0559264166973832,-2.520214731585518,0.8540172755565445,0.030175216719291485,-14.06850686641698,1.3149649792464009,0.04646200300945973,-3.0925855181023723,0.5958668130684633,0.021053918620623904,5.729438202247191e-05,0.0005677565486260499,2.006069126344469e-05,-6.945556937827716,2.30626863496633,0.08148799545964905
L:B:ASP:39,10.946379525593008,1.6034413617371894,0.056654814805197726,-2.187720349563046,0.6791867956009814,0.023997885448845107,3.968483146067416,1.4028005741069172,0.049565521154167895,-18.188227215980024,0.9895288016257061,0.034963281064282745,0.022561537078651685,0.011680821740048192,0.0004127215427061095,-5.438523356803996,2.445295901400558,0.08640028238242775
L:B:ALA:40,12.74017852684145,1.6037340679294463,0.05666515706997296,-2.647106117353309,0.8266816825234223,0.02920936103049728,-6.981770287141074,1.2466257818071185,0.04404735619589389,-0.7407116104868913,0.662638043359189,0.02341316403907676,0.01314085393258427,0.00919622062072004,0.0003249324787344671,2.383731365792759,2.2909856288733232,0.08094799699102534
L:B:THR:42,10.999109862671661,1.7258528711188477,0.06098001281962894,0.4472159800249688,0.759308484955333,0.02682884614411647,-8.465274656679151,1.9321229058512994,0.06826820613713684,-8.276787765293383,1.192228382800117,0.042125318608384504,0.2932432898876404,0.020329887960097628,0.0007183212712823435,-5.002493289388264,2.951277393348218,0.10427825934199358
L:B:GLY:43,10.928113607990012,1.7636409099510664,0.06231518752135393,-1.149367041198502,0.6215877479904143,0.02196272317025889,2.9673458177278405,1.5442065767154172,0.05456185658700736,-11.747223470661673,0.959028829534645,0.03388561753905681,0.33961621573033707,0.03562986129831031,0.0012589192480376528,1.3384851295880151,2.6081373280888984,0.09215400128465615
L:B:TRP:44,12.9480049937578,1.756536235902915,0.06206415620704805,-1.2469612983770288,0.5781327986148764,0.020427318029797095,-2.3711498127340827,1.0155930525892276,0.035884216089792295,-6.6035855181023715,0.7718617410559225,0.027272393639243196,0.24673954157303374,0.029727970849367704,0.001050386202574021,2.9730479061173534,2.246717745712277,0.0793838682475894
L:B:VAL:45,12.133034956304622,1.768181079771795,0.06247560653418197,-0.541541822721598,0.7051267573148262,0.024914428929649162,-2.5793096129837703,1.2037796226034194,0.04253346159848269,-14.15021722846442,1.0246407538302373,0.03620390089427234,0.1138546606741573,0.02771962508734264,0.000979424794238477,-5.024179047191011,2.4745525871486915,0.08743401654472888
L:B:GLU:46,11.753789013732833,1.588824446022531,0.05613835148287207,-1.189669163545568,0.6770746185698701,0.023923255343005902,0.8801573033707866,2.576515557337703,0.09103670095271235,-10.329641697877655,1.9721955401654023,0.06968410305111082,0.0883241617977528,0.031967953877930035,0.0011295321112915644,1.2029596174781523,3.6758404175531068,0.12987943499493287
L:B:TYR:47,12.902866416978776,1.5906698754196489,0.05620355652449362,0.11806991260923845,0.7078886985918935,0.025012017326262275,7.552084893882646,1.277682359789933,0.045144686423295076,-7.457408239700374,1.0086189340822855,0.03563779772871657,0.19513177528089887,0.03930122089168944,0.0013886403608950825,13.310744759051186,2.383834309433632,0.08422864380953583
L:B:SER:69,12.765918851435705,1.7326959695811974,0.061221801815054454,-2.37805368289638,0.7051448622578084,0.02491506863635512,-4.033178526841448,1.1450451786989673,0.04045818206441363,-6.902488139825219,0.6905981829969667,0.024401086997100967,0.03745058876404494,0.023856944175325405,0.0008429436749758335,-0.5103509093632959,2.2995843244328653,0.08125181695982316
L:B:GLN:72,12.665506866416978,1.6587822768413096,0.058610189894797035,-1.8042209737827717,0.8875163974062503,0.03135884999071691,-7.8485717852684145,1.4703785486423382,0.05195327147892356,-2.931540574282147,0.9717932398601424,0.03433662580187544,0.004172602247191011,0.008705389032655726,0.00030758979730818956,0.08534613533083645,2.57792842390386,0.09108662213820762
L:B:VAL:73,13.2173645443196,1.8419548982351353,0.0650822762398858,-2.204475655430712,0.8199015529461124,0.028969796931226716,-3.7174544319600495,1.2056168258696183,0.042598375984059744,-10.649802746566793,0.5998598742261094,0.021195006499351923,0.0048478112359550555,0.006709221078141588,0.0002370586706441356,-3.3495204784019976,2.4245463940353513,0.08566713458848457
L:B:GLU:76,12.810915106117353,1.5869154984701972,0.05607090213758817,-1.5931822721598001,0.8293047366936069,0.029302042092481863,-6.3577990012484396,1.6924424529296125,0.05979951373793843,-11.896156054931335,1.1830584717932646,0.041801315734147484,0.023849474157303374,0.015927834447821126,0.0005627823582594222,-7.0123727480649185,2.7331830611317973,0.09657227501563329
L:B:GLU:80,11.456377028714108,1.7737675238417987,0.06267299382988124,0.12798751560549312,0.7406583415248607,0.02616987572751263,3.953808988764045,1.3564826319586971,0.04792895713805555,-15.43858302122347,0.8592642417294968,0.030360609153284635,0.2389319640449438,0.03686886908853418,0.0013026974357359415,0.3385224759051186,2.5049082795453113,0.08850658219761362
L:B:GLY:81,10.316288389513106,1.7229252526429533,0.060876570507031755,-0.6532646691635455,0.6177649213011239,0.02182765023071624,-0.7862209737827714,1.7377944219737982,0.061401946772636794,-11.142377028714105,1.4458537309864374,0.05108672965483032,0.3724147685393258,0.042190502555107035,0.0014907281088272124,-1.89315951360799,2.909004542303341,0.1027846215923471
L:B:ALA:82,10.910460674157305,1.684580334277873,0.05952171943449835,-1.2595630461922598,0.7242907858068494,0.025591556582113362,-9.901262172284643,1.9490664390164203,0.06886687644496503,0.38516853932584266,1.4593696423859144,0.051564290902490297,0.0966977258426966,0.02411767363052784,0.0008521560973014934,0.23150172084893875,3.0482141401219733,0.10770335087782337

DELTAS:
Total Energy Decomposition:
Residue,Internal,,,van der Waals,,,Electrostatic,,,Polar Solvation,,,Non-Polar Solv.,,,TOTAL,,
,Avg.,Std. Dev.,Std. Err. of Mean,Avg.,Std. Dev.,Std. Err. of Mean,Avg.,Std. Dev.,Std. Err. of Mean,Avg.,Std. Dev.,Std. Err. of Mean,Avg.,Std. Dev.,Std. Err. of Mean,Avg.,Std. Dev.,Std. Err. of Mean
R:A:LYS:27,0.0,4.454308875876834,0.15738526551076523,-1.621757802746567,1.8541601492167517,0.06551352757873442,-108.42801248439449,11.981518009681754,0.4233461229840227,111.39844943820225,10.491387228288572,0.3706949406770562,-0.45362159101123595,0.11042936628168182,0.003901829804967618,0.8950575600499374,16.640821850372078,0.5879745294319305
R:A:SER:28,0.0,3.0301057268532907,0.10706352155532062,-0.17698377028714107,1.0997157661975068,0.038856546025964236,-1.3157390761548067,3.2027119071728407,0.11316226106247791,1.5763645443196006,2.4865812061851296,0.08785902690066316,-0.03898092584269663,0.08458229732469627,0.002988568528341522,0.04466077203495623,5.180590632606767,0.18304716959146602
R:A:GLN:31,0.0,4.1473275249399695,0.1465386128042797,-0.4562446941323346,1.7160752403871573,0.06063453722472638,-1.6894294631710365,3.5047261393051103,0.12383340925554305,2.555481897627965,2.90858746323519,0.10276988482807926,-0.08993813033707866,0.15831882893160631,0.005593920767753075,0.3198696099875156,6.396349820343335,0.22600390831143324
R:A:TRP:35,0.0,4.801053168389747,0.16963687267636499,-1.1250262172284644,1.7521931849663146,0.061910702047529506,1.0958139825218478,2.239894528559043,0.07914278172368101,-0.8621897627965044,1.8030780537877489,0.0637086304833669,-0.07381504719101124,0.07332363519573248,0.002590763262061205,-0.9652170446941323,5.864630150806247,0.20721651756253334
R:A:VAL:36,0.0,3.571899381230741,0.12620685905668716,-0.6679513108614232,2.004613678783479,0.0708295416580746,-1.6414169787765294,2.209763346530179,0.07807814875459164,2.0392134831460673,0.9941913008236924,0.03512802237312931,-0.07305182921348313,0.14310448396072134,0.005056348320592292,-0.34320663570536836,4.761185826496778,0.16822822941343044
R:A:ALA:37,0.0,2.8626838465864246,0.10114796028366874,-1.9587403245942572,1.1470542844676936,0.04052917032626558,-1.8102684144818977,1.630908296140842,0.05762531121313591,2.6216741573033713,1.3439256224757232,0.047485277023683145,-0.3223065438202247,0.14129534815540842,0.004992425649983116,-1.4696411255930089,3.7412103204178035,0.13218916694335955
R:A:SER:38,0.0,2.9882501724337005,0.10558462825694541,-1.9889225967540574,1.5667039804131047,0.05535676326118055,-5.942575530586766,4.833003607638805,0.1707657859386741,5.790566791510611,2.612231377605825,0.09229865741160892,-0.5020193617977528,0.11990016626160073,0.004236464068323562,-2.642950697627965,6.448275207120117,0.22783860164149652
R:A:LYS:39,0.0,4.471628344743794,0.15799721885349235,-0.3337877652933832,1.6864858040362394,0.05958904589797451,-55.55203245942572,10.43170611063542,0.36858621207076453,55.585822721598,9.902586175991818,0.3498906784377205,-0.06305380674157303,0.12915250739764841,0.004563379467967101,-0.3630513098626718,15.157113186306672,0.5355502614833839
R:A:GLY:40,0.0,2.4929318016302693,0.08808341415761736,-0.1075792759051186,1.1245504704182152,0.03973403715344877,-2.0220586766541824,2.6202307696379714,0.09258130203145609,2.2093982521847693,2.0056903877272667,0.07086758529800123,-0.0009759910112359551,0.059552400207218026,0.002104180598964714,0.07878430861423222,4.2861722356955,0.15144444943931168
R:A:ILE:51,0.0,3.77967686032922,0.13354831530193562,-0.2374406991260924,1.9755993780492211,0.06980437174913526,-1.4731610486891384,1.4807600033301485,0.052320082144272265,1.5573607990012484,0.8976183026936944,0.03171578326367411,-9.427415730337084e-05,0.02335445009265065,0.0008251889195641342,-0.15333522297128593,4.60302773250268,0.1626399879354441
R:A:ASP:54,0.0,3.6998334222563183,0.1307271861322791,-0.33964794007490634,2.2082970712887375,0.07802634046634385,77.70723470661673,12.829571050476629,0.4533106038298732,-76.49685892634207,13.308882953275873,0.4702462571908403,-0.04728490786516854,0.15951367744856465,0.005636138664249894,0.8234429323345822,18.9819663555709,0.6706948031752402
R:A:ILE:55,0.0,4.104720258337663,0.1450331590619027,-0.33977777777777785,2.080690414172209,0.07351758093240322,2.272645443196005,2.535727541044673,0.08959552725936978,-1.9048589263420725,1.7389836460980073,0.061443965940987263,-0.06052307415730337,0.12137029712583189,0.004288408588304127,-0.03251433508114856,5.53594707630672,0.19560307215708433
R:A:PHE:56,0.0,4.151891921437329,0.14669988782463672,-1.2299288389513108,1.6744777689915582,0.0591647628416277,-2.2783283395755305,1.6449908167741292,0.058122892613683586,2.9971985018726595,1.2953035769465413,0.045767301517599626,-0.1177097617977528,0.03379216122122664,0.0011939873085111124,-0.6287684384519351,4.942370926997004,0.17463009016072975
R:A:SER:57,0.0,3.0999502730044277,0.10953135725032767,-1.0189662921348315,1.3040135374114523,0.046075052838524456,-4.4132122347066165,3.532128603039461,0.12480162770438849,4.758369538077403,2.709651799116447,0.09574083875396176,-0.086754597752809,0.07785851728789789,0.0027509954421870097,-0.760563586516854,5.57981633124526,0.19715311606482802
R:A:ASN:58,0.0,3.7915032074413126,0.13396617873083685,-0.9081410736579275,1.642365473697039,0.058030130677150085,-4.184857677902621,2.8025285869334238,0.09902247869355496,2.7395393258426965,1.8405992227195926,0.06503437580080407,-0.006199730337078651,0.05190826361739213,0.0018340883129748973,-2.3596591560549314,5.321421555215923,0.1880231855716342
R:A:ARG:59,0.0,5.67107890575335,0.20037772058157796,-5.309063670411986,2.030800991050442,0.07175482484094277,-122.64359550561798,8.586571492122804,0.3033915859391073,119.0750274656679,6.75879594055818,0.23881031227957542,-1.249791568539326,0.09217613634364479,0.003256883637048022,-10.127423278901375,12.478153614060256,0.44089387924325235
R:A:GLU:60,0.0,4.023665004446181,0.14216921248562442,-2.1524943820224722,1.836781435199919,0.06489948091156511,57.607230961298384,11.71434170982778,0.4139059126029175,-54.25056679151061,11.640343880332242,0.41129132785657274,-0.37686408089887635,0.12763738756850612,0.00450984534107222,0.8273057068664171,17.09688114126095,0.6040885921485775
R:A:GLY:61,0.0,2.3505418165615697,0.08305231141405207,-0.10019850187265919,0.8510538403033111,0.0300705088830927,-2.7877253433208486,1.9951135830233482,0.0704938722792214,2.858148564294632,1.3599947198447322,0.048053050661841984,-2.7451685393258464e-05,0.04731364204350987,0.0016717453420500082,-0.029802732584269614,3.475865632960057,0.12281367340415417
R:A:LYS:62,0.0,4.4979563771331685,0.1589274741374082,-0.5376641697877653,1.8757490962429673,0.06627633551471303,-65.83198377028714,14.378270562785932,0.5080312104903647,67.92631710362046,13.94431791050297,0.49269824744226215,-0.0582528,0.14710359410295906,0.005197649929681756,1.4984163635455683,20.614323953889386,0.7283713229629024
R:A:GLU:73,0.0,3.8011768006121534,0.1343079783392747,-0.6144806491885144,2.05438155212133,0.07258800299909283,88.89993258426965,6.310896186571265,0.2229845526235254,-85.91194382022472,5.759687209188175,0.2035085410413071,-0.07039712359550561,0.054785515893175755,0.0019357510233940349,2.3031109912609233,9.57464555528432,0.3383034663471232
R:A:ASP:75,0.0,3.6065545119546383,0.12743133789330963,-0.1780149812734082,1.9023373180896825,0.06721578414106827,74.60663920099876,7.063886554166566,0.2495901590673997,-74.48162671660425,6.062389551085182,0.2142040023974334,0.0,0.037213064352599794,0.0013148589774098676,-0.053002496878901253,10.162606351271188,0.3590780395895543
R:A:PHE:82,0.0,3.8147142032496166,0.13478629894249147,-0.586123595505618,1.7888699682485285,0.06320661246501616,-1.1617103620474407,2.9606198953719027,0.10460836041996227,1.6051136079900123,2.3549613633409847,0.0832084684212777,-0.0859235235955056,0.14512767989379655,0.005127834433922199,-0.22864387315855178,5.6642983190284015,0.2001381403297898
R:A:ARG:83,0.0,5.5351468610518495,0.19557479794129395,-1.9608701622971285,2.220288261989416,0.07845002835705955,-112.28574157303373,10.213429548933753,0.3608737889821364,106.21120973782772,7.469430733277735,0.26391935807095834,-0.4971138786516853,0.11009196585209897,0.0038899083469652496,-8.532515876154807,13.988787996497495,0.49426952067152535
R:A:ASN:84,0.0,4.241837864110116,0.14987797144291432,-1.5784931335830212,2.2561448612457835,0.0797169589969258,4.795205992509364,6.157464586248955,0.2175633135879377,-4.316027465667916,4.305479580293847,0.152126640917405,-0.1273686382022472,0.1974370290285037,0.00697609440683227,-1.2266832449438203,8.920419498431277,0.31518752523681837
R:A:SER:85,0.0,3.3768168350690986,0.11931395621143435,-1.4692646691635454,1.6915120974255387,0.059766641242539414,0.8599051186017478,5.116413744654613,0.18077959075230973,-0.20108239700374533,2.4935889887751554,0.08810663472362892,-0.19314904269662922,0.06137125969837241,0.002168446839119817,-1.0035909902621722,6.831072184971502,0.24136406780800684
R:A:ARG:87,0.0,5.342147579334933,0.1887555036258712,-0.21885018726591757,2.190901451470213,0.07741169646204275,-96.13504744069913,8.112298899292535,0.2866339878409338,90.26686267166043,6.215209315695664,0.2196036232811061,-0.025086903370786513,0.015223069382387782,0.0005378807090840259,-6.112121859675406,11.73784656317601,0.41473641576021697
R:A:THR:100,0.0,3.45674378946808,0.1221380362853772,-0.11514481897627965,1.6333004502332023,0.05770983382202092,0.007292134831460928,3.858829414830909,0.1363450333008982,0.21964169787765292,3.216020611198135,0.11363250099755938,-0.000114822471910113,0.08023183023330324,0.0028348523318777203,0.11167419126092412,6.313203478247488,0.22306607676637052
R:A:ASP:101,0.0,3.6491362695007767,0.1289358903175047,-0.7109250936329589,2.1268176626060185,0.07514740711741538,56.75181023720349,9.161102127222906,0.3236916277792678,-56.24183395755306,7.544105670050896,0.26655786722659697,-0.026057797752808986,0.05509680878682657,0.0019467500169717319,-0.22700661173533107,12.596900693742077,0.4450896010005749
R:A:HIS:102,0.0,3.865988283524915,0.1365979794888612,-5.24130711610487,1.6805992003184043,0.05938105298259642,-18.059972534332086,2.527050820466603,0.08928895041209774,16.181390761548062,1.551883251981646,0.054833098570597344,-0.7004354157303371,0.04456427955369186,0.0015746013950308049,-7.820324304619225,5.154279050699232,0.182117495556746
R:A:TYR:103,0.0,4.437478007574481,0.15679057602012653,-5.1088177278402,2.1165502185929856,0.07478462482118542,4.0401260923845195,4.824759419010319,0.17047449185638852,-2.5378264669163544,2.8029447838118564,0.09903718428718176,-0.3854325573033708,0.03787071554879143,0.0013380959398680936,-3.9919506596754055,7.4368832852920495,0.2627693505421435
R:A:GLN:104,0.0,4.037614373947704,0.1426620892222591,-2.333797752808989,1.5677733798576035,0.055394548632648845,-0.8731460674157299,5.341994487624333,0.18875009439624846,2.1573458177278404,3.608128779176809,0.12748696189057845,-0.31744977078651687,0.08799881493664054,0.003109285242530366,-1.3670477732833957,7.766819515584368,0.2744270740303818
R:A:PHE:106,0.0,4.258782799274714,0.15047669128795826,-0.3171360799001249,1.5199007410864702,0.0537030521123918,-1.0327141073657926,1.5179127973584545,0.053632811574482846,1.0806367041198501,1.2212371635675852,0.04315029347888735,-0.00949034606741573,0.05284769002681744,0.0018672813130553247,-0.2787038292134832,4.923982284955716,0.17398035944139773
L:B:ILE:13,0.0,4.072359102372638,0.14388973383798664,-0.16900873907615477,2.103863683337566,0.07433636813867306,-0.5626267166042447,2.0397228750912464,0.07207006411323995,0.5966042446941323,0.9239916768641627,0.03264764062065114,-0.031072728089887643,0.0995772351287097,0.003518388604444237,-0.16610393907615473,5.102401072885649,0.18028447734003217
L:B:HIS:17,0.0,3.9690705411465044,0.14024021197369968,-0.21490636704119848,1.4437254195535294,0.05101152946793446,-2.259876404494382,2.300027279599591,0.08126746801107873,2.3940436953807738,1.5802491108056078,0.05583535691119599,-0.004296323595505618,0.02520160757179915,0.0008904550199619777,-0.08503539975031207,5.062194376729367,0.17886384358377486
L:B:LEU:26,0.0,3.85464863822591,0.13619731282296224,-0.18699126092384524,2.0434472457000434,0.07220165827822939,1.0263870162297128,3.3265789739602276,0.11753888866905245,-0.8676641697877653,2.6159817765739133,0.09243117124345397,-0.0001405842696629213,0.05245246004037884,0.0018533165481306626,-0.028408998751560503,6.078341250379197,0.21476762797857188
L:B:PRO:27,0.0,3.3235791280647677,0.117432894326068,-0.41746816479400756,1.4453324717926155,0.051068311866817484,0.4327340823970037,2.600761188128679,0.09189337819397406,-0.34977902621722845,1.9541956754795728,0.06904810910419813,-0.007643712359550561,0.09567276704769832,0.0033804310081634184,-0.34215682097378286,4.871052960974664,0.17211019373439487
L:B:GLU:28,0.0,3.9891499416932183,0.1409496827074102,-0.1583370786516854,1.7461783878986876,0.06169817964285108,-9.263374531835206,15.011580481392032,0.5304081161940136,9.681956304619225,14.662751298475929,0.5180828430481662,-0.00016597752808988718,0.15519754309619047,0.005483635555471919,0.2600787166042446,21.431993996997253,0.7572622733708707
L:B:TYR:29,0.0,4.32645567105086,0.15286779464184685,-5.139032459425717,2.3927060463693754,0.0845421112209979,-1.9259475655430711,2.2576362830403003,0.07976965579493855,3.58623595505618,2.1524536092950965,0.07605320875549468,-0.7292352988764045,0.29762532198044894,0.01051607367784954,-4.207979368789014,5.853359706771164,0.20681829600306942
L:B:TYR:30,0.0,4.177715039698803,0.14761230284504726,-1.665558052434457,1.5912090951147684,0.05622260891561643,1.1288838951310862,2.6228646517110787,0.09267436567857877,-1.890019975031211,2.209486154043048,0.07806835463963456,-0.05878049438202247,0.04665093222174811,0.0016483296418457797,-2.485474626716604,5.634596142837754,0.19908866553666776
L:B:GLY:31,0.0,2.494604201316288,0.08814250549500746,-1.8383845193508113,1.0924342842739752,0.03859926751255596,-2.7167902621722853,2.159576555241929,0.07630488567559608,1.6742122347066166,1.2249480061325673,0.043281409653951296,-0.3108050157303371,0.029806495385857987,0.0010531607306476273,-3.1917675625468163,3.6853249150553875,0.13021455323644432
L:B:GLU:32,0.0,4.028197170432866,0.14232934869688185,-0.7009550561797753,1.9370887987600007,0.06844366733565557,-5.815655430711611,16.288278659794543,0.5755180282778349,6.7893932584269665,15.121922362492395,0.5343068548620902,-0.042357770786516855,0.10337463746284796,0.0036525632185681624,0.23042500074906397,22.67090490938113,0.8010370380589925
L:B:ASN:33,0.0,3.7499129312703787,0.1324966585785012,-3.095724094881398,1.621747755426922,0.05730163942192033,-8.117032459425719,3.120183810476239,0.1102462741444993,8.16098127340824,1.3981459991894656,0.049401059836006914,-0.4177689887640449,0.04418976094989251,0.0015613684308291298,-3.469544269662921,5.327684746259054,0.188244484545894
L:B:LEU:34,0.0,4.097366946388926,0.14477334255934649,-2.6756916354556806,1.8138976368351354,0.06409092165312633,-3.4832946317103617,2.421173715246646,0.08554796684295224,3.7264357053682895,1.3052819502945323,0.04611987000409237,-0.3592300764044943,0.0630512071194618,0.002227804862615714,-2.791780638202247,5.258180209365382,0.18578866248729012
L:B:ASP:35,0.0,3.4764470322530654,0.12283421613808837,-5.77456179775281,1.3599060383135737,0.04804991725400786,-58.45988514357054,6.679008114521299,0.23599114806459506,66.0235243445693,5.459839482748814,0.1929139425629588,-0.8498523865168538,0.03700702874459512,0.0013075790671535084,0.9392250167290888,9.39975502300478,0.33212401323213997
L:B:ALA:36,0.0,2.8082494134308944,0.09922461415886173,-2.324019975031211,1.2342091112033964,0.04360863471200446,-3.679092384519351,1.725179548615695,0.060956222138765524,3.930141073657927,0.9191111148180644,0.03247519443991435,-0.13153706966292134,0.016460893037737914,0.000581617057433788,-2.2045083555555554,3.637419081650614,0.12852188384147772
L:B:LEU:37,0.0,3.760180223666472,0.13285943551761004,-0.43857428214731586,1.9181705910683493,0.0677752253340999,-0.6746554307116104,1.5308799005895897,0.054090981638977076,0.9783570536828964,0.7380074291887392,0.02607621034563358,0.0,0.0031701668004848094,0.00011201233625934811,-0.1348726591760298,4.550449649915539,0.1607822327328718
L:B:TRP:38,0.0,4.648099421059591,0.16423251774606518,-3.2784007490636706,1.7024572345897167,0.06015336864888633,-4.2035081148564295,2.701615877568622,0.09545690342714204,3.8951186017478148,1.8468573881243497,0.06525549720286312,-0.4541465438202247,0.08800466931582737,0.0031094920968479257,-4.0409368059925095,5.934689903228569,0.20969195719724776
L:B:ASP:39,0.0,3.422982296812179,0.12094513259734035,-1.4626816479400748,1.669395595081562,0.05898519305594705,-85.27471161048689,9.885461749510645,0.34928561657884155,77.0671822721598,7.208623037101799,0.2547041712364305,-0.6298293662921348,0.04491328746574328,0.0015869329832601366,-10.300040352559302,12.813754592336748,0.4527517567599571
L:B:ALA:40,0.0,2.7931829224950553,0.09869226587715758,-0.4933670411985019,1.284339730149281,0.04537991303887261,-1.486263420724095,1.7781172223498074,0.06282668286978645,1.2368913857677903,0.8623458597959032,0.03046949277386397,-0.01707930786516854,0.01632940775535294,0.000576971253414451,-0.759818384019975,3.654723966162112,0.12913332187134247
L:B:THR:42,0.0,3.4906831032942343,0.12333722297553033,-1.539223470661673,1.7644228346981368,0.0623428154738279,-6.472232209737827,3.0298330211987623,0.10705388597479842,6.268913857677902,1.7765989504979698,0.06277303737164573,-0.3521432539325843,0.08672720101504017,0.0030643549738276,-2.0946850766541822,5.257544107459384,0.18576618693156258
L:B:GLY:43,0.0,2.6073075378480515,0.09212468208811789,-2.013808988764045,0.975705212197155,0.034474848548004665,-2.344761548064919,2.472384567790423,0.0873574133472763,3.840225967540574,1.263961783318321,0.044659893690882614,-0.397956602247191,0.04101064547577648,0.0014490399087338495,-0.9163011715355805,3.9321775102108214,0.13893666082107192
L:B:TRP:44,0.0,4.620755933744066,0.16326638312651728,-3.7266317103620477,1.848632877180432,0.06531823102404385,-2.3745393258426963,2.8364828231185575,0.10022219263933753,3.729982521847691,1.870998040810366,0.06610846522516803,-0.5435266876404494,0.16914904555853422,0.005976587656571516,-2.914715201997504,6.028574357839472,0.21300920129235143
L:B:VAL:45,0.0,3.8564273837779712,0.13626016170677074,-0.9413845193508115,1.7126066775210242,0.060511981581900715,-1.551868913857678,2.1423132784944303,0.07569491778378569,2.3752921348314606,1.6917821979546857,0.05977618477548223,-0.07027591011235955,0.05262349949267685,0.0018593599300251074,-0.18823720848938832,5.025878651486823,0.17758069052484188
L:B:GLU:46,0.0,3.915829424976411,0.13835902963138397,-0.9440149812734083,1.7738835078737247,0.06267709192414644,-35.339354556804,19.64710246259855,0.6941962319540732,36.205116104868914,19.16755755948704,0.6772523459318714,-0.33368977078651685,0.20737770328772828,0.007327330861519331,-0.41194320399500606,27.783579435863427,0.981684510033451
L:B:TYR:47,0.0,4.267085266788688,0.15077004455341272,-0.3544144818976279,1.7210790920311432,0.06081133962920943,0.12931210986267166,2.2416474964970026,0.07920471980027957,0.1687652933832709,1.5009919261397504,0.053034941987159946,-0.021223137078651685,0.08798496486496178,0.0031087958743097853,-0.07756021573033706,5.334400765784486,0.18848178342786195
L:B:SER:69,0.0,3.124034406661375,0.11038232827093282,-0.21162047440699125,1.3758200179701483,0.04861221007728898,-2.718203495630462,2.973906495294675,0.10507781934498331,3.063359550561798,1.9337811409099679,0.0683267969920282,-0.00939023820224719,0.07549327593882758,0.002667423748329746,0.12414534232209738,4.92359627449879,0.17396672043253097
L:B:GLN:72,0.0,4.09177085066561,0.14457561423924556,-0.443605493133583,2.0054069688546545,0.07085757118453047,2.1508489388264675,7.922367691420962,0.27992309858457,-1.1483295880149813,6.017465251100182,0.21261668030593772,-0.04287776179775281,0.12770328819180085,0.004512173825105004,0.5160360958801499,10.94323315209776,0.38666013138796473
L:B:VAL:73,0.0,3.7940527270097704,0.13405626157542352,-1.0038701622971287,1.8476623976125137,0.06528394081455775,-0.4980736579275906,1.813506344883117,0.06407709603180622,0.7375830212234706,0.821913933517856,0.029040900902553856,-0.09247060674157304,0.020779315192145858,0.000734201001721952,-0.8568314057428215,4.666205309227561,0.1648722578485212
L:B:GLU:76,0.0,3.674286022045506,0.1298245131301746,0.5145455680399501,1.8951645793163097,0.06696234787794778,-54.09486516853933,13.739919237865834,0.48547617545321287,51.1253520599251,12.034680779417288,0.4252245370911871,-0.15751984719101123,0.08875289606241776,0.0031359293890195882,-2.6124873877652943,18.727488506380276,0.6617032704868855
L:B:GLU:80,0.0,4.075773311515737,0.1440103689864394,-0.42321972534332086,1.6650151479069484,0.05883041756532804,-23.95820474406991,6.876455303017391,0.2429676014385642,25.693074906367038,6.325413952943684,0.2234975126760985,-0.09246396404494381,0.1793057293232792,0.0063354564318556725,1.2191864729088637,10.33019134792199,0.36499936429524504
L:B:GLY:81,0.0,2.543372556712487,0.08986565060605306,-0.08079026217228463,0.9281828978989881,0.032795730134369566,0.46796379525593007,2.1976205807130023,0.07764910522047094,-0.2912746566791511,1.7867869788934263,0.06313301365500001,-0.009389087640449437,0.0634122638626622,0.0022405621753608614,0.08650978876404489,3.918728428216865,0.13846146087435107
L:B:ALA:82,0.0,2.938980009877727,0.10384375266171539,-0.07897752808988764,1.1629349174574908,0.04109028490301038,0.7291360799001249,2.7209321179920516,0.09613940922375966,-0.646047440699126,2.041669105159934,0.07213883077146706,-0.004581905617977528,0.06261689808061435,0.0022124593072675174,-0.00047079450686640027,4.643902057786454,0.16408421120702713

Sidechain Energy Decomposition:
Residue,Internal,,,van der Waals,,,Electrostatic,,,Polar Solvation,,,Non-Polar Solv.,,,TOTAL,,
,Avg.,Std. Dev.,Std. Err. of Mean,Avg.,Std. Dev.,Std. Err. of Mean,Avg.,Std. Dev.,Std. Err. of Mean,Avg.,Std. Dev.,Std. Err. of Mean,Avg.,Std. Dev.,Std. Err. of Mean,Avg.,Std. Dev.,Std. Err. of Mean
R:A:LYS:27,0.0,3.6117485048952913,0.12761485861017163,-1.4678551810237204,1.359009414034216,0.04801823659283182,-109.03795006242197,12.004438270920188,0.42415597059475374,111.92651935081147,10.545474298813767,0.37260601334680493,-0.45357205393258426,0.10714220596152974,0.0037856837059475437,0.9671420534332084,16.438268755852008,0.5808176677392638
R:A:SER:28,0.0,1.5456506077711425,0.05461287891559843,-0.09012609238451935,0.42909908774556077,0.015161470777431916,-4.089469413233458,2.4646794443407933,0.08708516619654981,4.325995006242197,1.7908057919000333,0.06327501143057153,-0.038602202247191006,0.07732930933888035,0.002732296798718973,0.10779729837702873,3.443947124760912,0.12168588837001885
R:A:GLN:31,0.0,3.274444637627619,0.11569681246944899,-0.40757428214731584,1.163131083538693,0.041097216090683834,-2.122739076154806,3.243066451952039,0.11458811879296364,2.9478114856429465,2.5716276147125576,0.09086399399203744,-0.08993838202247191,0.1718437991085226,0.0060718020915757585,0.32755974531835236,5.406952976881084,0.19104528975960086
R:A:TRP:35,0.0,3.961096615479053,0.13995846716360547,-1.0496629213483146,1.2365533495376684,0.04369146430082307,-1.4689675405742821,0.961432019137498,0.033970530068532734,1.399367041198502,0.8051986839149489,0.0284502965977919,-0.0733142382022472,0.04874936899160378,0.0017224742594249263,-1.1925776589263422,4.335253571867589,0.15317865318232146
R:A:VAL:36,0.0,2.460729400369644,0.08694559825537146,-0.43565543071161045,1.1423953132673332,0.04036455367308582,-6.707812734082398,0.912179791159435,0.03223028816045485,6.812098626716605,0.7104128509640071,0.025101203865037388,-0.0717000629213483,0.14053880539052113,0.004965694525752627,-0.4030696009987516,2.952416938654463,0.10431852319561993
R:A:ALA:37,0.0,1.2974426927811549,0.04584288345925891,-0.6911223470661673,0.5246383205552192,0.01853718358528765,-0.10329588014981272,0.21011468777709574,0.0074240374533973245,0.02723595505617978,0.13276723681753957,0.00469109965202981,-0.23753684494382019,0.08436532446801637,0.002980902169404868,-1.0047191171036205,1.4239015898616871,0.05031108888636913
R:A:SER:38,0.0,1.5684349576158658,0.05541792433335609,-0.7633558052434457,1.0042031673094902,0.03548177428145772,-7.979612983770287,3.9716161702657984,0.14033015735602417,7.408003745318352,1.8875022109107478,0.06669161140242366,-0.39857049887640444,0.07160255650890084,0.002529951936749016,-1.733535542571785,4.775975161547036,0.1687507848734297
R:A:LYS:39,0.0,3.54564724272898,0.12527928535143715,-0.15234207240948813,1.1267403569319618,0.03981141298884963,-55.3225468164794,10.385201919276659,0.36694306726237463,55.118210986267165,9.848182562442446,0.34796842127015315,-0.06280598651685393,0.13048798042583803,0.004610566087256658,-0.4194838891385768,14.788417900579812,0.5225230541087569
R:A:GLY:40,0.0,0.2989523765323605,0.010562962844905507,-0.00505243445692884,0.24439894428987674,0.008635412094102062,-3.9062896379525593,0.7895453673364631,0.027897213851516455,3.9164506866416984,0.6670611149121575,0.023569445588052195,-0.0006917842696629212,0.036104782328130525,0.0012756997575303149,0.0044168299625467955,1.103974338842002,0.03900701529179817
R:A:ILE:51,0.0,2.916272420648081,0.10304141944693272,-0.1944319600499376,1.419688766590582,0.05016223609516203,-6.37296504369538,0.5714471483310208,0.020191092192218735,6.377496878901373,0.49182831460663,0.017377899027004297,-9.422921348314609e-05,0.021952087873266787,0.0007756388869125373,-0.18999435405742823,3.3300285064789694,0.11766077190761509
R:A:ASP:54,0.0,2.384695890069283,0.08425908626444399,-0.2660848938826467,1.580354872958376,0.05583909383311997,69.30543945068663,12.936199943005528,0.45707815049747513,-68.17404993757802,13.377521293150343,0.47267147368264345,-0.04728493483146067,0.1564806535049685,0.00552897203257588,0.8180196843945067,18.82849242827543,0.6652720685895919
R:A:ILE:55,0.0,3.1962711033136015,0.11293468644793356,-0.1257765293383271,1.4164712759619214,0.050048551653651345,-6.536479400749063,1.0079421409094858,0.035613884417770886,6.532687890137328,0.8350667943473655,0.029505634389063815,-0.00919114606741573,0.11891908677729077,0.004201799329207352,-0.13875918601747816,3.734965261035968,0.1319685086198509
R:A:PHE:56,0.0,3.2978271753994126,0.11652299381835798,-1.0280387016229713,1.12629532806343,0.039795688666943455,-0.7602397003745318,0.668939621530525,0.023635819355820445,1.387449438202247,0.4848508446759774,0.017131362249194298,-0.11164326292134831,0.023585148171685895,0.0008333402353874308,-0.5124722267166043,3.581525102923484,0.1265469672096151
R:A:SER:57,0.0,1.563919487377307,0.055258378037352625,-0.5392571785268414,0.6465651839264709,0.022845257474932712,-5.684614232209737,2.904119261287337,0.10261200867500712,6.306905118601748,2.2943383084664255,0.0810664580997263,-0.06921915505617977,0.06941858334509014,0.002452785039294679,0.013814552808988747,4.0702096502827345,0.14381378668270423
R:A:ASN:58,0.0,2.7626329912084024,0.09761283713055119,-0.164521847690387,1.0026648806263974,0.03542742159402704,3.1655393258426976,2.346977402843103,0.08292636904788407,-2.89694631710362,1.400831515045948,0.04949594787316008,-0.0009262022471910114,0.046829038332573535,0.0016546227118421505,0.10314495880149875,4.013764159587341,0.141819383333603
R:A:ARG:59,0.0,4.857112560780169,0.17161763391264137,-4.697002496878901,1.603363493058281,0.05665206345071233,-119.06936079900126,8.551917672540386,0.3021671534293911,116.85431960049937,6.846373809263444,0.2419047241183439,-1.1686085662921348,0.08013421248148926,0.002831403178211927,-8.08065226167291,12.090362634141608,0.4271919586899405
R:A:GLU:60,0.0,2.813932028164707,0.0994253994778862,-1.5973370786516856,1.298091415457506,0.045865804947980385,52.56316229712859,11.501364870058044,0.4063807459813717,-48.976285892634216,11.32372333905286,0.400104091105819,-0.3536948314606742,0.13451931414711057,0.0047530062605282255,1.6358444943820225,16.435615423874765,0.5807239168635694
R:A:GLY:61,0.0,0.30891742023049346,0.010915060351378562,-0.0022621722846441947,0.1293147393522643,0.0045691116522325066,-4.236897627965043,0.48605981292986467,0.017174079042064815,4.239307116104869,0.4583746682577591,0.01619587255339477,0.0,0.01816203193162505,0.0006417238448043456,0.00014731585518103023,0.7475584338266263,0.02641367850123662
R:A:LYS:62,0.0,3.6166671139388886,0.12778864911546475,-0.4790848938826467,1.5031292453242717,0.0531104604473096,-64.99021223470662,14.581662572870535,0.5152177138070284,67.061911360799,14.141970685119519,0.499681964844626,-0.05732802696629213,0.15801439588764457,0.005583164155046298,1.5352862052434457,20.687795081601543,0.7309672976167879
R:A:GLU:73,0.0,2.828690856128494,0.09994687702298596,-0.5676304619225968,1.6170796413698314,0.05713669972178221,81.33783270911361,6.021708725299172,0.21276661609443076,-78.3970961298377,5.515378768088806,0.19487632672020747,-0.07039708764044944,0.05439708380084735,0.00192202645024755,2.302709029712859,8.792029145574572,0.31065107517543916
R:A:ASP:75,0.0,2.3969160237576843,0.08469086345788064,-0.14061423220973784,1.33135948392823,0.04704127434967617,67.66898127340824,6.389114980156719,0.22574827780276663,-67.63514856429464,5.5820511127336045,0.1972320781861588,0.0,0.03651962458633187,0.0012903574880046642,-0.10678152309613007,8.916229193902845,0.31503946810626104
R:A:PHE:82,0.0,3.1612220734893257,0.11169628987093316,-0.40407365792759053,1.1984875964557553,0.04234647704856728,-1.0146392009987515,0.9303365712661197,0.03287182644114909,1.1848039950062421,0.6788293169359517,0.023985254561275808,-0.0857486382022472,0.14329754623191243,0.005063169840531351,-0.31965750212234706,3.5744324138102628,0.12629635936216316
R:A:ARG:83,0.0,4.852527721332562,0.17145563657615362,-1.2319013732833957,1.9213382964883916,0.06788715070175753,-111.42176029962548,9.601278372370981,0.33924449066880513,104.59116604244694,7.0432848840265,0.24886223484496436,-0.3442707775280898,0.07516111782765668,0.0026556875185408104,-8.406766407990013,13.001408526417512,0.45938218250330587
R:A:ASN:84,0.0,3.1029065243626843,0.10963581125607827,-0.3408938826466917,1.6722933614622466,0.05908758059662303,1.643861423220974,5.653877316814533,0.19976993232131507,-1.3821685393258427,4.179364839348896,0.1476705956494317,-0.02359761797752809,0.20229424448449349,0.0071477156763683795,-0.10279861672908908,7.867587693890073,0.27798754254292013
R:A:SER:85,0.0,1.5459062108102004,0.05462191020491591,-0.5304469413233459,1.176315378703673,0.04156306025482573,-4.1309325842696625,4.684174654764044,0.16550717345431368,4.61108988764045,2.1849004669025813,0.07719966209805475,-0.16434515056179774,0.05375587580750198,0.0018993704797945756,-0.21463478851435708,5.521930443566372,0.19510781879076444
R:A:ARG:87,0.0,4.740446764235609,0.16749545067909183,-0.1711136079900125,1.8946787589773828,0.06694518226030356,-98.3143570536829,8.103396329801837,0.28631943101470886,92.37662546816479,6.268201305728802,0.2214760031841876,-0.02508694831460674,0.015233830793954156,0.000538260944865567,-6.133932141822721,11.446276900409964,0.40443430828001103
R:A:THR:100,0.0,2.1380040289872393,0.07554265793905099,-0.024992509363295883,0.911515460165252,0.03220681517893963,-2.786352059925094,3.4907989671161914,0.12334131682238514,2.8653645443196005,2.993521502277788,0.10577088153893031,0.0,0.08061763143715958,0.0028484839471507747,0.05401997503121087,5.153180501205387,0.1820786802189274
R:A:ASP:101,0.0,2.4805628741890855,0.08764637959543045,-0.1457390761548065,1.456589306354796,0.05146605255920061,48.15033957553059,7.244729024346062,0.255979913567579,-47.95245443196006,6.458874553462965,0.2282131111299256,-8.15550561797753e-05,0.04788077114852867,0.0016917838636836692,0.05206451235955091,10.123255221617788,0.3576876357892723
R:A:HIS:102,0.0,2.9604828499117706,0.10460351815672211,-4.179209737827715,1.0469540155138206,0.036992301230293186,-16.958342072409486,1.7348518694863109,0.06129797679268533,15.176372034956303,1.0156112115303162,0.035884857704427536,-0.6335765483146067,0.04217188083986893,0.0014900701428713968,-6.594756323595506,3.7287433573259006,0.13174866846177505
R:A:TYR:103,0.0,3.4227378789010845,0.12093649651508716,-3.9745368289637955,1.8093226241531688,0.0639292715283301,0.2577827715355805,2.2232726450227656,0.07855547634667547,0.6269300873907616,0.6930737365352485,0.024488556380514996,-0.35488628314606735,0.029417539910734834,0.0010394176646793803,-3.444710253183521,4.518068259330824,0.15963809255382327
R:A:GLN:104,0.0,3.1507957830234687,0.11132789501126186,-1.6912284644194757,0.9683755140254552,0.034215866397235055,-2.8276679151061175,4.073544728548499,0.14393162587908306,3.9682097378277152,2.704200412809183,0.09554822348966859,-0.3023207550561798,0.062353246000307165,0.0022031436190613546,-0.8530073967540577,5.89708569192376,0.20836327772183413
R:A:PHE:106,0.0,3.4228102835622667,0.12093905480799902,-0.29501498127340825,1.1190570299414937,0.0395399359781399,-1.614434456928839,0.5483622778646721,0.019375428400400362,1.631912609238452,0.41987487102443727,0.014835549105128245,-0.00949029213483146,0.029385757245882656,0.001038294679433905,-0.2870271210986268,3.666848577641667,0.12956172395348345
L:B:ILE:13,0.0,3.0652556136023525,0.10830548173653626,-0.14247440699126093,1.3728405346427108,0.048506935210269046,0.7587702871410736,0.6148764916313512,0.02172559258649935,-0.7361722846441947,0.551226510197463,0.019476631073753834,-0.031072773033707868,0.09871401615686433,0.003487888261772992,-0.1509491775280899,3.4600796714483306,0.1222559038796111
L:B:HIS:17,0.0,2.9545277506288428,0.10439310506955109,-0.18707240948813983,1.024024620678416,0.03618213089978126,-1.6229975031210986,1.7085984979981557,0.060370359522003196,1.6619925093632957,1.1219581444366402,0.0396424418186236,-0.004296314606741573,0.02519726134518518,0.0008903014535954165,-0.15237371785268414,3.735852574741148,0.13199986030806393
L:B:LEU:26,0.0,2.885048591126102,0.10193817967696679,-0.12341573033707866,1.398622255981925,0.04941788754235177,1.4686441947565543,0.6972485381909883,0.02463606574399937,-1.4174332084893884,0.4285959761285307,0.015143694202516633,-0.00014060224719101124,0.006845158360470316,0.00024186177834687822,-0.07234534631710358,3.3090098940684194,0.11691811575441981
L:B:PRO:27,0.0,2.200818954145836,0.07776211418908002,-0.29798002496878906,0.964750385367721,0.0340877787741701,3.9750399500624214,1.5216678983982006,0.05376549154586086,-3.9393632958801503,1.4395910247467156,0.05086544781025673,-0.007643595505617978,0.07797637418095212,0.0027551597107463967,-0.2699469662921349,3.1887808330884138,0.1126700307626211
L:B:GLU:28,0.0,2.8731071316475942,0.10151624895258679,-0.04978901373283396,1.1761035809741092,0.041555576750014804,-8.434225967540575,15.454966574028942,0.5460743934679945,8.704897627965043,14.877496807190571,0.5256705025141132,-5.6880898876404466e-05,0.10899254278545842,0.0038510621429696137,0.2208257657927588,21.67592550849455,0.7658811695393335
L:B:TYR:29,0.0,3.4726693316723893,0.12270073765119452,-4.098719101123595,2.0618007823508955,0.07285014860958013,-2.714264669163546,1.6940997234636086,0.0598580705130262,3.2536691635455686,1.6114329699240568,0.05693718439639509,-0.6344055101123596,0.3084488649598553,0.010898504764927154,-4.193720116853933,4.676781537033079,0.16524595048359833
L:B:TYR:30,0.0,3.4055303837314512,0.12032849956841947,-0.7670973782771536,1.1334575664642133,0.04004875391764113,1.8047590511860176,1.0334082264899256,0.03651368430868178,-1.6680961298377028,0.7096026433282695,0.025072576585829162,-0.03102559101123595,0.017441902958030234,0.0006162793386262903,-0.6614600479400751,3.8018595375772866,0.13433210166379614
L:B:GLY:31,0.0,0.31727804968920753,0.01121046866810375,0.00287016229712859,0.2327405325714194,0.008223482370575191,-0.4114282147315855,0.4457183103704426,0.015748682135756198,0.21725093632958797,0.3723015790916845,0.013154629485340191,-0.05334761348314607,0.02362170323116839,0.0008346318449059292,-0.24465472958801493,0.7019008328627347,0.024800446493639907
L:B:GLU:32,0.0,2.9549571296581907,0.1044082764315787,-0.25012734082397003,1.4384130674547038,0.05082382673584771,-6.355511860174781,15.292149297989916,0.5403215278870019,6.843171036204744,14.26081787165886,0.50388122370384,-0.040845033707865165,0.09450728721839555,0.0033392508032217146,0.19668680149812678,21.16673078060752,0.7478896584703112
L:B:ASN:33,0.0,2.71274611800228,0.09585017113592999,-2.487729088639201,1.0910641958297569,0.03855085781767954,-6.083741573033708,2.4228708187653893,0.08560793104735288,6.392685393258427,1.0789089921204411,0.03812137481224887,-0.40791022022471907,0.03897815541105217,0.0013772254034091244,-2.5866954886392004,3.9478195873748505,0.13948934644216415
L:B:LEU:34,0.0,2.9736774694996058,0.10506972711640865,-1.6247915106117352,1.3245381321704057,0.0468002537362738,1.7858801498127341,0.8433125094791567,0.029796982407691647,-1.6367465667915104,0.5234730207953586,0.018496009742786843,-0.3279023101123596,0.06005161441960532,0.002121819465858033,-1.8035602377028712,3.4038162618922456,0.12026793405123178
L:B:ASP:35,0.0,2.2415264910264807,0.07920044428220549,-3.74443695380774,0.7966040426307538,0.028146619879769835,-51.47174032459426,6.36278948601611,0.22481811220346112,58.988335830212236,5.137688151982432,0.1815312849745057,-0.8110177797752809,0.028491128490338854,0.001006684526624933,2.9611407720349563,8.517086376542721,0.3009364500988778
L:B:ALA:36,0.0,1.2018700500890664,0.042465990171251605,-0.6079575530586766,0.5963362648338729,0.02107050588316055,-0.5658876404494382,0.18976679707820585,0.00670508008661651,0.5164968789013733,0.07728218253868774,0.002730631655109118,-0.06069446292134831,0.019659803575678043,0.0006946450037186728,-0.7180427775280899,1.35737947492402,0.04796064552612024
L:B:LEU:37,0.0,2.932991527580917,0.10363216004374624,-0.14572659176029962,1.3026738980490176,0.046027719009052656,2.018757802746567,0.6542278391655117,0.023116004085219476,-1.914318352059925,0.34909336571468513,0.012334607586061705,0.0,0.0031579017901060594,0.00011157897342602374,-0.041287141073658065,3.2938258608172597,0.11638161431921397
L:B:TRP:38,0.0,3.9408925731015723,0.13924459242734918,-2.799275905118602,1.1547094663117001,0.04079965287712258,-2.3909862671660425,1.9023418208168579,0.06721594323711028,2.07439950062422,1.5572514155636472,0.055022773304478974,-0.4541359280898876,0.0879687449975312,0.0031082227734734384,-3.5699985997503125,4.787030718401252,0.16914141376768832
L:B:ASP:39,0.0,2.3504995384941516,0.08305081759199094,-0.33648813982521847,1.3117018950832746,0.04634670759961986,-75.33489637952559,9.125885851754049,0.32244732186797753,67.2718352059925,6.2023903313265,0.21915068673926782,-0.612260404494382,0.04106372058325891,0.001450915225447599,-9.011809717852685,11.35775217957108,0.40130644106609864
L:B:ALA:40,0.0,1.209772370284338,0.04274520492638891,-0.11225717852684144,0.5146336725906357,0.01818368673086537,-0.3232297128589263,0.20085008357265072,0.007096688759537,0.25310611735330835,0.08789407289239354,0.0031055843643687207,-0.013959748314606741,0.013736700619287416,0.0004853624511575571,-0.19634052234706612,1.3329110345151207,0.04709609569410374
L:B:THR:42,0.0,2.1901118267597393,0.07738379644473933,-0.35151685393258425,1.1837493338441318,0.041825726144457356,-3.5234444444444444,1.9558891140386405,0.06910794381361589,1.3430424469413234,0.797408825854369,0.028175055496799727,-0.15294075505617977,0.07376285265393268,0.0026062822478796713,-2.6848596064918855,3.265678538908301,0.11538707760083554
L:B:GLY:43,0.0,0.3247395646045264,0.011474108334499546,-0.08489013732833958,0.19043588584639362,0.006728721175810347,4.346153558052435,0.5547691342372799,0.01960180353948268,-3.7844044943820223,0.46102521233168614,0.016289524923368975,-0.07322050337078652,0.025838440830911875,0.0009129564167812119,0.4036384229712859,0.814065276971121,0.02876358225920595
L:B:TRP:44,0.0,3.8772390842467614,0.13699550698597893,-2.2138314606741574,1.4957112690910541,0.05284835914460465,0.46261298377028715,1.906368353313636,0.06735821376745565,0.23231460674157303,1.3044889469552707,0.04609185060881053,-0.31769127191011237,0.16621366962408088,0.005872871247653441,-1.8365951420724094,4.757488183076313,0.1680975796072067
L:B:VAL:45,0.0,2.5995976008611854,0.09185226485941587,-0.1427940074906367,1.1286820142344818,0.03988001807632863,3.300350811485643,0.9546496923673637,0.03373088833527098,-3.0924868913857675,0.7261365338025474,0.025656772880862225,-2.985168539325843e-05,0.024738199434457687,0.0008740812985233228,0.06504006092384523,3.0775108537632776,0.1087384993561879
L:B:GLU:46,0.0,3.003203447651844,0.10611297625795821,-0.4263895131086142,1.290878026604257,0.0456109323849102,-32.34124344569288,20.36447489369971,0.7195433404921479,33.06896254681648,19.61363132815349,0.6930135875689676,-0.29947806741573035,0.18931714948658573,0.006689192570154268,0.001851520599250319,28.462744238451382,1.00568161839739
L:B:TYR:47,0.0,3.5321047044377845,0.12480078328881808,-0.23072284644194757,1.4379862041802898,0.050808744263649994,1.4549188514357052,1.4989524470816808,0.05296288053789757,-1.3272534332084895,0.7976265559120965,0.02818274861011989,-0.016830355056179778,0.0702184206217005,0.0024810458998799135,-0.1198877832709114,4.175112591826396,0.14752034987079463
L:B:SER:69,0.0,1.5262176803984124,0.053926250188351385,-0.09016853932584269,0.8305003686946939,0.029344287672029196,0.9376117353308365,2.603268992877545,0.09198198711788298,-0.6994893882646691,1.5842363768748142,0.055976240030541996,-0.004937204494382023,0.06827384957195025,0.0024123378602046797,0.1430166032459426,3.5086389007689593,0.12397165988409807
L:B:GLN:72,0.0,3.18095053487583,0.1123933607791159,-0.29770911360799,1.385995949896128,0.048971758952909894,3.505157303370787,7.3988609042084565,0.2614258957640968,-2.901028714107366,5.655092886300056,0.1998128823572369,-0.042618391011235955,0.12394688982898726,0.0043794480150702786,0.2638010846441949,9.938712801085433,0.351167149971421
L:B:VAL:73,0.0,2.4576832918687836,0.08683796930359876,-0.6972759051186018,1.2012327752221044,0.042443473170986235,3.973387016229713,0.6596702012017301,0.02330830049257343,-3.5835830212234705,0.4609298174125446,0.01628615430963386,-0.08771034606741572,0.021695059735485103,0.0007665572442075183,-0.3951822561797753,2.8515362683909875,0.10075407997518979
L:B:GLU:76,0.0,2.9129493352899183,0.1029240039991083,0.603521847690387,1.4114612055716027,0.04987152952057067,-51.84898377028714,13.02097857817264,0.4600736562823742,48.63941323345818,11.437899586431273,0.40413831044475906,-0.15751986516853933,0.08653024078691357,0.003057395726352275,-2.7635685543071165,17.63112061469394,0.6229650157904003
L:B:GLU:80,0.0,2.9112680791485377,0.10286459973425459,-0.3205705368289637,1.0008196192789591,0.03536222249014897,-21.907762796504368,5.9537178380544855,0.21036427621646012,23.395555555555557,5.668323609041157,0.20028036695912085,-0.07209161348314606,0.1590497268069652,0.005619745774365794,1.095130608739076,8.779468502510948,0.31020726667480725
L:B:GLY:81,0.0,0.32408703055227195,0.011451052177432156,-0.0047503121098626715,0.23851246522749373,0.0084274235832078,1.311807740324594,0.5821268317599803,0.020568440252013268,-1.2966591760299626,0.5429853935085992,0.01918544553311781,-0.004547892134831461,0.024650864844371644,0.0008709954825119084,0.005850360049937591,0.8923189174265341,0.031528538692056546
L:B:ALA:82,0.0,1.279209368826918,0.04519864063469356,-0.027774032459425713,0.5325787288660836,0.018817744117817687,0.06761548064918851,0.23422745358904176,0.008276020141455745,-0.08386017478152309,0.14397945757982622,0.005087263993302714,-0.0021572314606741576,0.04458854129392438,0.001575458641471196,-0.04617595805243446,1.4133638717505421,0.04993875692443852

Backbone Energy Decomposition:
Residue,Internal,,,van der Waals,,,Electrostatic,,,Polar Solvation,,,Non-Polar Solv.,,,TOTAL,,
,Avg.,Std. Dev.,Std. Err. of Mean,Avg.,Std. Dev.,Std. Err. of Mean,Avg.,Std. Dev.,Std. Err. of Mean,Avg.,Std. Dev.,Std. Err. of Mean,Avg.,Std. Dev.,Std. Err. of Mean,Avg.,Std. Dev.,Std. Err. of Mean
R:A:LYS:27,0.0,2.4305111739728944,0.08587788972476791,-0.1538976279650437,1.1773207627506244,0.04159858375343775,0.6098913857677903,3.2314880434370954,0.11417901584364071,-0.5280861423220973,1.779774532745807,0.06288524105332885,-4.977977528089888e-05,0.011438506282707896,0.00040415974700366,-0.07214216429463177,4.57205773661316,0.16154571693588754
R:A:SER:28,0.0,2.414973011305206,0.08532887574186979,-0.08687141073657928,0.8864911285616538,0.03132262389732662,2.7737515605493135,2.020707402067082,0.07139818541014221,-2.7496354556803992,1.7162597110483528,0.060641055175052735,-0.0003786067415730338,0.044785008161798714,0.001582400456919139,-0.06313391260923838,3.6944245375759905,0.13053607258913422
R:A:GLN:31,0.0,2.3715303359490205,0.08379390428255774,-0.04868789013732833,1.1258910282786163,0.039781403436450466,0.4333395755305868,1.6141304718662035,0.05703249594106137,-0.39229338327091134,1.3121210125783755,0.04636151638816255,0.0,0.048719673711173986,0.0017214250282815338,-0.007641697877652928,3.3498117977504336,0.11835978013452511
R:A:TRP:35,0.0,2.287456067269803,0.08082328606378923,-0.0754019975031211,1.0086183108171713,0.035637775706726584,2.5647590511860177,1.9348829257589437,0.06836572664549945,-2.2615480649188515,1.4554438443268098,0.051425579648490836,-0.0005007280898876405,0.04248737355902157,0.0015012175299867045,0.22730826067415735,3.4804683670304137,0.12297630301604787
R:A:VAL:36,0.0,2.289785786058721,0.08090560262969802,-0.23237203495630462,1.3287492592490164,0.046949046595465956,5.06645443196005,2.172530646354482,0.07676259597948659,-4.7728177278401995,1.019180164317174,0.03601096045069127,-0.001351811235955056,0.015840317902344237,0.0005596901131703895,0.05991285792759047,3.573172550038637,0.12625184426459582
R:A:ALA:37,0.0,2.2939973090200136,0.08105440947671697,-1.2676641697877653,0.956696709198164,0.03380321611863716,-1.706960049937578,1.6129582391446544,0.05699107713440417,2.5944169787765294,1.3626418193157888,0.04814658132275818,-0.08476987865168539,0.07633613362728744,0.0026972046604268967,-0.46497711960049937,3.2621996354379803,0.11526415659072599
R:A:SER:38,0.0,2.3884617341247134,0.08439214582161701,-1.2255630461922595,0.9990494784992477,0.03529967764102207,2.0369875156054933,1.9035542823319025,0.06725878345829482,-1.6174169787765293,1.7119190633931787,0.06048768593130809,-0.10344886292134832,0.09336471474882206,0.0032988799900383306,-0.9094413722846443,3.642218015333635,0.12869144582582084
R:A:LYS:39,0.0,2.5450586247775404,0.08992522489186983,-0.1813820224719101,1.0972325575554132,0.03876880616275648,-0.22951310861423221,1.6147239037121235,0.05705346382434816,0.46764544319600493,1.3674250530853118,0.048315588577933825,-0.00024788314606741566,0.061704041890907425,0.0021802051197395166,0.05650242896379524,3.4874395534151557,0.12322261777567972
R:A:GLY:40,0.0,2.380105314114487,0.08409688623844092,-0.10252309612983772,1.0736610192882932,0.03793594680970194,1.8842584269662923,2.7244763149507416,0.09626463726584421,-1.7070624219725343,2.258686984051116,0.07980678048973808,-0.0002841438202247191,0.043710032044195796,0.0015444180433952534,0.07438876504369539,4.398181208200271,0.15540209188586995
R:A:ILE:51,0.0,2.1741452101131724,0.07681964378486483,-0.04301747815230961,1.0314460200138806,0.03644435315185703,4.8997940074906365,1.4208307740808892,0.0502025869457846,-4.820186017478153,0.8561919836883435,0.030252056252936133,0.0,0.00836398437867089,0.0002955268569932485,0.03659051186017478,2.922786862671086,0.10327159593805971
R:A:ASP:54,0.0,2.4648318016548663,0.08709054947754717,-0.07359176029962547,1.123112583347008,0.03968323191187649,8.401742821473158,3.136452284566435,0.11082109241271752,-8.322792759051186,1.615397714706012,0.05707727176518305,0.0,0.019936164352883774,0.0007044097316505055,0.00535830212234705,4.447922868711876,0.15715962704221317
R:A:ILE:55,0.0,2.3010155858775674,0.0813023880963938,-0.2139925093632959,1.2688197019946654,0.044831539807488226,8.809099875156054,2.3362549278887226,0.08254750902388192,-8.437514357053683,1.9371075802912747,0.06844433094843337,-0.051332125842696634,0.044257892078207954,0.0015637757258816901,0.10626088289637951,4.0145993311087445,0.14184889266834066
R:A:PHE:56,0.0,2.219817458230613,0.07843339332418521,-0.20181647940074907,1.1164186677054646,0.03944671403224391,-1.5180499375780276,1.52719340030333,0.05396072555604114,1.6097390761548063,1.192814780973823,0.042146037969083436,-0.006066391011235955,0.023683302308513798,0.0008368083412858119,-0.11619373183520598,3.151137552046019,0.11133997082590703
R:A:SER:57,0.0,2.4780696857995475,0.0875582871151849,-0.4796616729088639,0.987502905863974,0.03489169955719775,1.271426966292135,1.6890235681237096,0.059678713383063665,-1.54849063670412,1.1998505371050794,0.04239463418852922,-0.017535793258426965,0.03242431589093667,0.0011456568701683132,-0.7742611365792759,3.3777928619289477,0.11934844242484333
R:A:ASN:58,0.0,2.424345824101185,0.08566004779831758,-0.7436042446941322,1.0945469125987481,0.038673913564072654,-7.35041947565543,2.2716624257623916,0.08026524517994134,5.636448189762796,1.4292282949244306,0.050499298755500036,-0.005273375280898877,0.019780183740747585,0.000698898427710957,-2.4628489058676655,3.778759130987101,0.1335158889300334
R:A:ARG:59,0.0,2.5618785711249457,0.09051952847420551,-0.6120624219725344,0.9945235956846217,0.03513976343473338,-3.574200998751561,1.686513613302632,0.05959002849008853,2.220717852684145,1.2243657535351558,0.04326083676998849,-0.08118279550561798,0.034465594266560866,0.0012177818951904624,-2.046728363545568,3.4491863589889737,0.12187100760917226
R:A:GLU:60,0.0,2.5325612869305703,0.08948365317108611,-0.5552184769038702,1.0409828985151213,0.03678132218496348,5.044078651685394,2.1103001945610527,0.07456379108039082,-5.274267166042447,1.6383530609005403,0.05788835904188345,-0.02316935730337079,0.054537035089764034,0.0019269713858994114,-0.8085763485642945,3.8259709902955796,0.13518403795597161
R:A:GLY:61,0.0,2.232209912363454,0.07887125916114812,-0.0979450686641698,0.8362216167210226,0.02954643803132583,1.4492097378277153,2.098301435532928,0.07413983577597352,-1.3811922596754058,1.455601824667468,0.051431161609363514,-2.744269662921354e-05,0.04908941853762494,0.0017344893193542447,-0.029955033208489423,3.4937205157929205,0.12344454466917408
R:A:LYS:62,0.0,2.4625846097952904,0.0870111488573099,-0.058614232209737833,0.9265124577714273,0.03273670803457317,-0.8417528089887639,1.2046990661935166,0.04256594854035897,0.864378277153558,0.9464344469985533,0.03344061691278194,-0.0009246831460674155,0.041766299367972125,0.0014757396261920474,-0.03691344719101121,3.0449188365409934,0.10758691705082951
R:A:GLU:73,0.0,2.319537618061879,0.08195683192468646,-0.04689263420724095,1.1339110846747797,0.04006477819569929,7.562121098626717,1.671899000009869,0.05907364651984048,-7.5148614232209745,1.0346724375829026,0.03655835301129632,0.0,0.0032373698109354086,0.00011438683787960412,0.0003670411985018821,3.245275475124345,0.11466617078894795
R:A:ASP:75,0.0,2.4585703926819913,0.08686931346964383,-0.0374481897627965,1.228519584075243,0.04340760515553509,6.9376791510611735,1.8421954816009949,0.065090776835145,-6.84643445692884,1.0303006691694916,0.036403884169626505,0.0,0.002176750723778568,7.69117050835864e-05,0.05379650436953818,3.4654057689965874,0.12244409228327308
R:A:PHE:82,0.0,2.162701992910095,0.07641531758567434,-0.1820374531835206,1.1943913000204587,0.04220174153065755,-0.14712359550561796,2.999782334127168,0.1059920971551776,0.4202933832709113,2.336612776026106,0.08256015296611494,-0.00017498426966292127,0.055732236107172366,0.0019692017373872206,0.0909573503121099,4.534910129988601,0.16023317079357613
R:A:ARG:83,0.0,2.4063653950934425,0.08502474057732386,-0.7289325842696629,0.9770558906801389,0.034522572425622434,-0.8639712858926342,2.24930101985603,0.07947514375145118,1.6200237203495629,1.7290995453515619,0.06109472841308722,-0.15284303820224715,0.05920736410489155,0.0020919893477316567,-0.12572318801498122,3.8468010678797233,0.13592003255862362
R:A:ASN:84,0.0,2.5428221047690487,0.08984620134295006,-1.2375518102372036,1.3847567131108922,0.0489279726740707,3.151375780274657,2.364657315154513,0.0835510580335105,-2.9338813982521845,1.2985318317011765,0.04588136629080075,-0.1037711191011236,0.03613665254512718,0.001276825836278708,-1.1238285473158551,3.9575990707397213,0.1398348874966415
R:A:SER:85,0.0,2.6791733155777555,0.09466393448940104,-0.9388064918851436,1.0133408384480012,0.03580463801595828,4.99083645443196,1.775118585333989,0.0627207312404639,-4.812136079900125,1.3132109726372354,0.04640002823321865,-0.028803649438202242,0.02319255492707407,0.0008194686351543192,-0.7889097667915106,3.6167576992421573,0.1277918497897789
R:A:ARG:87,0.0,2.3535003234266685,0.08315684511421838,-0.04777528089887641,1.0486169425255651,0.037051057867195,2.1793308364544317,1.2893132204991764,0.04555564267977665,-2.109744069912609,0.5108950090250549,0.018051587549079613,0.0,0.0008718850783849697,3.080654448990823e-05,0.021811485642946292,2.92607319038765,0.1033877126184785
R:A:THR:100,0.0,2.4992276128623434,0.08830586570958132,-0.09015230961298377,1.0747087011325034,0.037972964827494744,2.79365418227216,2.85937749878618,0.10103113622837465,-2.6457240948813987,1.840582034908645,0.0650337684993652,-0.00011476853932584277,0.04329320072482578,0.001529690032900171,0.0576630092384519,4.355088249646117,0.1538794770621831
R:A:ASP:101,0.0,2.3362539318035997,0.08254747382894463,-0.5651960049937578,1.288821060908843,0.04553825307569738,8.601490636704119,3.242316834234302,0.11456163235324308,-8.28938202247191,1.9138862051731902,0.06762384400189997,-0.02597606292134831,0.03459663536719437,0.001222412004819303,-0.27906345368289637,4.614750041768253,0.16305417536778696
R:A:HIS:102,0.0,2.3283735199515125,0.08226903316705164,-1.0620936329588015,1.0889812737431515,0.03847726138447887,-1.1016342072409488,1.785765507680668,0.06309692174433297,1.004965043695381,1.0359509730871654,0.03660352784209737,-0.06685890337078652,0.010452676956283501,0.00036932718046839475,-1.225621699875156,3.2968872574736983,0.11648978345140341
R:A:TYR:103,0.0,2.5116990161466504,0.08874652107765031,-1.1342734082397006,1.0468253302675012,0.03698775436068363,3.7823358302122343,4.570740627153769,0.16149917916139783,-3.1647990012484395,2.8494863750433455,0.10068165055509846,-0.03054652584269663,0.028693334069046762,0.0010138291094501277,-0.5472831051186017,6.034611918714691,0.21322252801662284
R:A:GLN:104,0.0,2.3252973640919308,0.08216034254406078,-0.6425443196004994,1.1668685193216155,0.041229271890902426,1.9545118601747813,3.738158587916922,0.13208133927731686,-1.8108789013732836,2.6247843205455297,0.09274219384173985,-0.01512890786516854,0.05968446361110575,0.002108846829902961,-0.5140402686641697,5.256945364546977,0.18574503139096854
R:A:PHE:106,0.0,2.210067548472548,0.07808889720172513,-0.022108614232209743,0.9456162013565965,0.03341170562458865,0.5816853932584269,1.3850416079808325,0.048938038939342746,-0.5512609238451934,1.105915177966483,0.03907559147037761,0.0,0.03806451259935023,0.001344943421959554,0.008315855181023771,2.9868756440290127,0.10553606168377949
L:B:ILE:13,0.0,2.54746337661666,0.0900101926202501,-0.026509363295880148,1.242892816179902,0.04391545834086102,-1.3213832709113607,2.006549325715728,0.07089793437956209,1.3327815230961297,0.9081790289236829,0.032088928177511286,0.0,0.014047998689507572,0.0004963616276403383,-0.01511111111111115,3.5896488545662724,0.12683400586025023
L:B:HIS:17,0.0,2.2676281130526044,0.0801226997492861,-0.027786516853932585,0.9944675649247899,0.035137783685178815,-0.6368639200998751,1.5698521807984216,0.055467999452322926,0.7320374531835206,0.81266191467312,0.028713996890513887,0.0,0.00016880189333067687,5.96432163571924e-06,0.06738701622971288,3.0423606430543,0.10749652772841146
L:B:LEU:26,0.0,2.417863918324272,0.08543102091891996,-0.06356679151061173,1.2672022255751763,0.044774389088300934,-0.44230961298377025,3.4685084289806363,0.1225537193834555,0.5498039950062421,2.7878014079470703,0.098502119410088,0.0,0.051656763739287063,0.0018252020017211232,0.04392759051186015,5.2208163385948065,0.18446847502710204
L:B:PRO:27,0.0,2.2477236714899806,0.07941941088731638,-0.11945568039950062,1.0177880255696865,0.03596177164665755,-3.542302122347066,2.7778703656754518,0.09815122328494903,3.589589263420724,2.107038988944707,0.0744485620457378,0.0,0.031462749969306515,0.0011116816088878358,-0.0721685393258427,4.271454218698367,0.15092441387881642
L:B:GLU:28,0.0,2.456718617819499,0.08680388422202746,-0.10853932584269663,1.0139829017716306,0.03582732420802085,-0.8291860174781523,2.8435502236862518,0.10047190695996792,0.9770424469413231,2.4122642014832927,0.0852331646529175,-0.00010909662921348313,0.08806325797456525,0.0031115622253164114,0.03920800699126082,4.579975904086747,0.16182549162707213
L:B:TYR:29,0.0,2.5078184729838537,0.08860940882678907,-1.040338327091136,1.1107497066675494,0.03924641114284295,0.7882983770287141,1.3625619160158042,0.048143758078471884,0.33255430711610484,1.2452261911047724,0.043997904089981776,-0.09482940224719101,0.03410431178843324,0.0012050166064938382,-0.01431504519350811,3.306243298726461,0.11682036291450944
L:B:TYR:30,0.0,2.270843620437293,0.08023631411631658,-0.8984481897627965,0.9725741202911321,0.034364216855255016,-0.6758751560549313,2.423703406926513,0.0856373491035432,-0.22193133583021224,2.0865219682978764,0.07372362876608154,-0.027755029213483145,0.040251166040686,0.001422205022363705,-1.824009710861423,4.0413071466105235,0.14279256692872355
L:B:GLY:31,0.0,2.383231332833355,0.08420733867893626,-1.8412921348314606,1.0509919958716434,0.037134976250919834,-2.3054007490636703,2.1417008943732028,0.07567328025477733,1.4569538077403246,1.2716048680238492,0.04492994881036824,-0.2574575640449438,0.0255247418239192,0.0009018724073688008,-2.9471966401997505,3.604010118599976,0.1273414361745815
L:B:GLU:32,0.0,2.451007648486385,0.08660209704249806,-0.45079026217228463,1.0470537175589612,0.036995824028842564,0.5398539325842696,2.4290572218615267,0.08582651685291189,-0.053781523096129866,1.901166321976996,0.06717440902783682,-0.0015125842696629209,0.0320815298810721,0.0011335451220432372,0.03376956304619223,4.0767071977086475,0.1440433662325945
L:B:ASN:33,0.0,2.317387400393636,0.08188085771902347,-0.6079937578027467,1.1220009911128663,0.0396439557314891,-2.0333196004993757,2.2398902192980747,0.07914262946343133,1.7683196004993758,0.9646072741418226,0.034082722187634855,-0.009858597752808987,0.013891411709251504,0.0004908288987367373,-0.8828523555555554,3.5463980242938327,0.12530581291367354
L:B:LEU:34,0.0,2.436483430569234,0.08608890903580037,-1.0508664169787765,1.0677882566552561,0.037728442945008614,-5.269188514357054,2.0006148356782965,0.07068824948427554,5.363208489388265,1.0550261750881882,0.037277516964823273,-0.031327865168539325,0.013027515304002745,0.00046030462013311064,-0.988174307116105,3.4917521297339533,0.12337499516752276
L:B:ASP:35,0.0,2.396188314040204,0.08466515109928767,-2.030143570536829,1.0156006114182026,0.035884483167881925,-6.988136079900124,1.5566264440920181,0.05500069102331259,7.035162297128591,1.059873321104991,0.03744878244821969,-0.038834948314606745,0.020584530482225725,0.0007273186224028521,-2.0219523016229712,3.212476319661784,0.11350726961373749
L:B:ALA:36,0.0,2.329173598030108,0.08229730253595667,-1.7160499375780276,1.0767127946223292,0.03804377598917974,-3.1131897627965044,1.7057997480628557,0.06027147055540034,3.4136079900124843,0.8995083246028825,0.03178256390423761,-0.07084257977528088,0.015638569497510104,0.0005525616837897613,-1.4864742901373285,3.209902282506597,0.11341632048281895
L:B:LEU:37,0.0,2.3031295712407487,0.08137708209650502,-0.2928239700374532,1.1531806627803534,0.04074563526038345,-2.693439450686642,1.3745198805718026,0.048566271981090196,2.89271036204744,0.7198369247306909,0.025434187138827672,0.0,8.384695781184448e-05,2.962586584184595e-06,-0.09355305867665419,3.0069422292849763,0.10624507961145577
L:B:TRP:38,0.0,2.238454391660497,0.07909189698836842,-0.479123595505618,1.2071257028149187,0.04265168952950004,-1.8125118601747816,1.8682920935925527,0.06601285528135832,1.8207440699126092,0.8125134914895856,0.028708752615184213,-1.0597752808988765e-05,0.0007396981237904409,2.613594810208498e-05,-0.4709019835205992,3.2586077692669506,0.11513724423984072
L:B:ASP:39,0.0,2.267608520238717,0.08012200747124663,-1.1262022471910111,0.9684112157784879,0.034217127856652624,-9.939822721598004,1.9257119369190239,0.06804168568790354,9.795313358302122,1.3653993748396744,0.04824401475640214,-0.01756916853932584,0.013246563043863534,0.000468044291462198,-1.2882807790262172,3.4136089512629098,0.1206139417169806
L:B:ALA:40,0.0,2.2680224693055973,0.08013663364235743,-0.38112983770287134,1.1670968529434311,0.04123733966273772,-1.1630174781523097,1.7582824043081198,0.06212585403396975,0.9837390761548064,0.8369306205670031,0.029571489450447686,-0.003119865168539325,0.01162988381153372,0.0004109217394982009,-0.5635281048689138,3.2090787021457117,0.11338722070160051
L:B:THR:42,0.0,2.44072453699682,0.08623876116320445,-1.1876866416978777,1.1159974713456764,0.03943183179062918,-2.9487590511860176,2.3606221951313153,0.08340848407783846,4.925846441947566,1.5193139731525542,0.05368231968685824,-0.19920246292134833,0.039242422083768366,0.0013865628071703076,0.5901982861423221,3.8839385533762596,0.13723222108846012
L:B:GLY:43,0.0,2.494164894008825,0.08812698333452139,-1.9289188514357054,0.9473317174026723,0.033472320403653895,-6.6909126092384525,2.4485980553799385,0.08651695825634768,7.624616729088638,1.248123468416654,0.04410027435026127,-0.3247360629213484,0.0380329272407121,0.0013438274081863655,-1.3199507945068663,3.8305596241385516,0.13534616936082747
L:B:TRP:44,0.0,2.4841173676136887,0.08777197144524966,-1.512825218476904,0.906275852303097,0.03202168273807466,-2.837188514357054,2.2848650755903996,0.08073173787421317,3.497655430711611,1.3695944616416316,0.04839224086028605,-0.22583557752808986,0.03245823698916397,0.0011468554132419274,-1.0781938796504371,3.7536150517478823,0.1326274665737573
L:B:VAL:45,0.0,2.500585663744776,0.08835385007812531,-0.7985480649188516,1.023705906616853,0.03617086969212843,-4.852209737827716,1.8577413343562752,0.06564006253392794,5.467760299625468,1.6132629093515733,0.057001842126852005,-0.07024599550561797,0.03770218233979411,0.0013321411117264994,-0.2532434986267167,3.654605858309026,0.12912914873554637
L:B:GLU:46,0.0,2.2469370797949826,0.07939161803634542,-0.5176042446941324,0.9824928716084748,0.03471467870087814,-2.998111111111111,3.568771170130887,0.12609632915221858,3.136131086142322,2.6948520712279573,0.09521791608107943,-0.03421178426966292,0.04576248265462539,0.0016169378199243577,-0.41379605393258434,5.100438024199174,0.18021511642516505
L:B:TYR:47,0.0,2.249546911076789,0.07948383189054174,-0.12371285892634207,1.0047268359811785,0.0355002772041849,-1.3256317103620476,1.818066129253574,0.0642382080906719,1.4959975031210984,1.458213331980149,0.05152343468319894,-0.004392620224719102,0.05486787629578444,0.0019386610851327573,0.04226031360799007,3.3918576585447693,0.11984539757802638
L:B:SER:69,0.0,2.450402139650929,0.08658070243976777,-0.12144569288389512,0.9986308385669765,0.03528488572633229,-3.6558152309612986,1.617033528180612,0.05713507039235511,3.76289013732834,0.9534253633417438,0.03368762879621806,-0.0044528719101123585,0.03309051891256879,0.0011691959965211094,-0.0188236584269663,3.2444793935095833,0.11463804262814929
L:B:GLN:72,0.0,2.345872392933102,0.08288732544248449,-0.14595380774032457,1.2617368809806386,0.04458128063217713,-1.354322097378277,1.9770794094797326,0.06985666608842475,1.7526504369538078,1.2575316047353007,0.04443269450201382,-0.00025929887640449437,0.012276100354007741,0.0004337546783331177,0.2521152329588015,3.547601537897006,0.1253483369759376
L:B:VAL:73,0.0,2.6049175983636825,0.09204023772855874,-0.30657303370786515,1.166692743890694,0.04122306117143129,-4.471429463171036,1.669822491926339,0.05900027671429521,4.3211598002496885,0.8486907260363932,0.02998701234598784,-0.004760107865168539,0.0067368033249180165,0.00023803324141442983,-0.46160280449438207,3.4140000205674164,0.1206277594714377
L:B:GLU:76,0.0,2.2442374202766135,0.07929623025747176,-0.08897503121098628,1.1716503089241461,0.04139822811894639,-2.24587265917603,2.3406767092628917,0.08270374498663094,2.4859400749063676,1.612654284590695,0.05698033742831033,0.0,0.022525359495342012,0.0007958944437147888,0.15109238451935078,3.8064806233168658,0.13449537970003886
L:B:GLU:80,0.0,2.508486088714014,0.08863299786874336,-0.10263795255930086,1.051975729913229,0.03716973478420553,-2.050440699126092,2.0149651936814226,0.07119529445296374,2.2975667915106115,1.4007562766999244,0.0494932894569174,-0.02037224269662922,0.06272874768566161,0.002216411318741839,0.12411589712858925,3.6640541982681234,0.12946298941308712
L:B:GLY:81,0.0,2.4365842592427556,0.08609247164180626,-0.07601997503121098,0.8767916951267684,0.030979911268051906,-0.8438314606741575,2.457031700779103,0.08681494646447567,1.0053657927590511,2.0309499050688404,0.07176008645906963,-0.004841159550561799,0.05928819467507794,0.002094845355499566,0.08067319750312106,4.107430329852626,0.14512891473058692
L:B:ALA:82,0.0,2.38235635564277,0.0841764228800338,-0.051188514357053676,1.0261929646915429,0.03625874556834923,0.661521847690387,2.746092612307523,0.0970284115782367,-0.5621772784019975,2.0595916504914404,0.07277209277332422,-0.0024246471910112357,0.03445413270658103,0.0012173769208811227,0.045731407740324574,4.30265305311252,0.15202677049007213

idecomp = 2: Per-residue decomp adding 1-4 interactions to EEL and VDW.
Energy Decomposition Analysis (All units kcal/mol): Poisson Boltzmann model

Complex:
Total Energy Decomposition:
Residue,Internal,,,van der Waals,,,Electrostatic,,,Polar Solvation,,,Non-Polar Solv.,,,TOTAL,,
,Avg.,Std. Dev.,Std. Err. of Mean,Avg.,Std. Dev.,Std. Err. of Mean,Avg.,Std. Dev.,Std. Err. of Mean,Avg.,Std. Dev.,Std. Err. of Mean,Avg.,Std. Dev.,Std. Err. of Mean,Avg.,Std. Dev.,Std. Err. of Mean
R:A:LYS:27,25.791260923845197,3.149672011631937,0.11128818850150735,-5.892555555555555,1.385063744111857,0.04893882108107466,-76.3171847690387,7.1180239504807945,0.25150300991147123,41.3057215980025,6.406080089142643,0.2263477104547385,0.0,0.0,0.0,-15.112757802746566,10.17560624357285,0.35953736819889004
R:A:SER:28,17.106960049937577,2.1426083071701543,0.07570534210947931,-2.4994744069912613,0.7808846065173839,0.02759120091460092,-16.9208202247191,2.268988347257531,0.08017076126173725,-7.03845443196005,1.8128798557872112,0.06405496012802266,0.0,0.0,0.0,-9.351789013732834,3.69261325055304,0.1304720739089872
R:A:GLN:31,28.361026217228467,2.9326034166866726,0.10361844681957603,-3.912700374531835,1.2158211920954594,0.042958929536266406,-71.83313732833957,2.1517553067187642,0.07602853544714416,-13.046092384519351,1.5611028485736138,0.05515885699866401,0.0,0.0,0.0,-60.43090387016229,4.140709718698932,0.14630478411808662
R:A:TRP:35,26.528745318352062,3.3948572522055493,0.11995138300873663,-11.402746566791508,1.2066373077485875,0.04263443293833615,4.6713208489388265,1.5334008398027874,0.054180054646364224,-5.637159800249687,1.2365026176792149,0.04368967177874275,0.0,0.0,0.0,14.160159800249689,4.106249653191926,0.14508719757200977
R:A:VAL:36,19.6716404494382,2.52571427418429,0.08924172587123833,-2.621421972534332,1.5076399914392264,0.05326983982461289,-28.51903870162297,1.428967745866541,0.050490092707200014,-1.539166042446941,0.604098129824428,0.021344757897656684,0.0,0.0,0.0,-13.007986267166043,3.325521659497863,0.11750153029943224
R:A:ALA:37,16.126675405742823,2.024223160314451,0.07152240861976975,-4.484857677902622,0.8321830051296217,0.02940374070715736,-3.2043308364544316,1.1917169693310927,0.04210724870195209,-3.1843483146067415,1.3315225971578002,0.047047037672261025,0.0,0.0,0.0,5.253138576779026,2.8254468174986997,0.09983225455397794
R:A:SER:38,16.09510736579276,2.1130119608097395,0.07465960662954686,-2.471516853932584,1.2914924492984254,0.045632641943351746,-6.55814357053683,4.382752574347746,0.1548569479133676,-5.520400749063671,2.400847627149306,0.08482977983321881,0.0,0.0,0.0,1.5450461922596752,5.577218101335119,0.19706131212494407
R:A:LYS:39,24.068885143570533,3.161918725514314,0.11172090485991948,-1.8415268414481896,1.217208571366623,0.04300795017247302,-23.951538077403246,9.604810893816614,0.33936930617692007,-12.935822721598004,8.820518010783715,0.3116576797329551,0.0,0.0,0.0,-14.660002496878901,13.47342781245755,0.47606016392079104
R:A:GLY:40,11.007875156054933,1.7627689819683605,0.062284379460914384,-2.5764756554307113,0.7953383028304148,0.028101897162936536,-11.299369538077404,1.7862407265971232,0.06311371277913236,-2.680558052434457,1.3881616875744844,0.04904828153116682,0.0,0.0,0.0,-5.548528089887641,2.9761663770600584,0.1051576683409957
R:A:ILE:51,20.154518102372034,2.6726351386326708,0.09443291936603783,-6.508900124843946,1.3982284796880378,0.04940397414112786,-10.114063670411985,1.042027511883256,0.03681823178348512,-0.45997627965043697,0.6325156110238747,0.02234884022520782,0.0,0.0,0.0,3.0715780274656677,3.2532935310812814,0.1149494748661521
R:A:ASP:54,12.39807365792759,2.6161773021380736,0.09243807979957054,-3.800458177278402,1.5375041495225061,0.0543250379664946,6.066702871410737,9.092427132243639,0.32126511614301884,-73.45911111111111,11.46965277277298,0.4052602541182809,0.0,0.0,0.0,-58.794792759051184,14.94769107819534,0.5281506951292347
R:A:ILE:55,21.735642946317103,2.902475529544358,0.10255393026957856,-1.7610886392009988,1.4736336072351246,0.052068283319178565,-6.276146067415731,1.808464983871758,0.06389896829899332,-5.632420724094882,1.8061303822876955,0.06381647920800113,0.0,0.0,0.0,8.065987515605492,4.138672826364702,0.14623281406621713
R:A:PHE:56,22.418319600499377,2.93583093240198,0.10373248548010645,-7.564913857677903,1.1825885375982008,0.04178471142579715,-8.33103870162297,1.1928433847637308,0.04214704863430551,-1.0641335830212235,0.8300627480354577,0.02932882510632795,0.0,0.0,0.0,5.458233458177278,3.4827429447430798,0.12305667126782573
R:A:SER:57,17.11811235955056,2.19199585938252,0.07745036546427302,-2.749023720349563,0.957804092618551,0.03384234358790265,-8.014300873907615,2.0759984636519793,0.07335179901225194,-7.856401997503121,1.6677586357480252,0.0589273539418402,0.0,0.0,0.0,-1.5016142322097377,3.579584195906621,0.12647838863217628
R:A:ASN:58,24.87461797752809,2.6809976288722974,0.09472839343022377,-5.358116104868913,1.1672600193666338,0.04124310486482715,-85.1341722846442,2.0411139287636932,0.07211921457803225,-6.704082397003744,1.2260402297217359,0.043320001476918356,0.0,0.0,0.0,-72.32175280898876,3.7708838425387703,0.1332376292947111
R:A:ARG:59,31.0503670411985,4.010058350902179,0.141688445021937,-6.372534332084894,1.6559858627597819,0.05851138346152906,-247.75395380774034,7.498938488449326,0.2649619633351461,40.13131210986267,5.968844321499581,0.2108987442292519,0.0,0.0,0.0,-182.94480898876407,10.520648180751271,0.3717288255963038
R:A:GLU:60,18.71020224719101,2.8451608098668943,0.1005288142245362,-1.9883058676654182,1.3889993344631608,0.04907787832870651,8.719555555555555,8.596446195419,0.3037404914244293,-84.0760149812734,8.656273644906674,0.30585439041186674,0.0,0.0,0.0,-58.63456304619226,12.603738326043636,0.4453311968587054
R:A:GLY:61,10.379573033707866,1.6620840579532319,0.058726852594093125,-1.4605031210986268,0.6013995352936617,0.02124940774826972,-3.3725667915106117,1.3626153611961112,0.048145646471065943,-3.3673445692883894,0.877515472438028,0.031005484681902968,0.0,0.0,0.0,2.179158551810237,2.3981156860521677,0.08473325144084318
R:A:LYS:62,25.21918352059925,3.1805354557521395,0.11237869467941099,-3.2331760299625465,1.3755572254995205,0.048602924761897405,-63.5798277153558,10.467264402063346,0.36984260252177287,28.912335830212232,11.171716140277125,0.39473318082421954,0.0,0.0,0.0,-12.681484394506866,15.696459124514401,0.5546071131863917
R:A:GLU:73,18.885139825218477,2.6878378922018387,0.09497008225115706,-5.636350811485642,1.4545109995176448,0.05139261919782118,0.5015593008739075,4.632970759859635,0.16369797278608894,-64.03585642946318,6.624797770591582,0.23407571974326455,0.0,0.0,0.0,-50.285508114856434,8.642478715358424,0.30536697054266726
R:A:ASP:75,11.625289637952559,2.550219152122064,0.09010756316003349,-5.439111111111111,1.3431686003728662,0.04745852896287826,-11.245810237203496,5.0076155864461125,0.17693539685065615,-51.09140574282147,4.02471411832557,0.14220628110189235,0.0,0.0,0.0,-56.15103745318352,7.04146697846017,0.24879800231008564
R:A:PHE:82,21.46057927590512,2.697410281406442,0.0953083059932729,-1.2444344569288388,1.3038196046843624,0.046068200562538485,3.0913483146067415,1.8587284485552065,0.06567494049920097,-5.835966292134832,1.3631404807097736,0.04816420065677368,0.0,0.0,0.0,17.47152684144819,3.7800782007009572,0.13356249596670902
R:A:ARG:83,29.752596754057432,3.9139398803131953,0.13829226585347779,-5.881199750312111,1.6483221515092226,0.058240599538909935,-254.21121722846442,7.98336209405829,0.2820782298341641,43.88251435705369,4.514354225690797,0.15950686362766658,0.0,0.0,0.0,-186.45730586766544,10.106896442613884,0.35710962675381797
R:A:ASN:84,24.22058551810237,2.9994323184061242,0.10597972995776843,-3.6532421972534337,1.5665189758314821,0.05535022644570351,-98.1148302122347,4.047573971506581,0.14301399429886327,-4.828776529338327,2.776909587594876,0.09811727586066347,0.0,0.0,0.0,-82.37626342072409,5.961934069312839,0.21065458247364335
R:A:SER:85,17.460539325842696,2.387770082902255,0.08436770752730002,-4.686278401997503,1.187642260309203,0.041963275937790555,-18.64216354556804,3.636666298584507,0.12849528555967177,-1.477983770287141,1.4516538232161946,0.05129166583707645,0.0,0.0,0.0,-7.345886392009988,4.737571181206033,0.1673938469485874
R:A:ARG:87,29.280488139825216,3.7774687794470307,0.13347029660013549,-10.981543071161049,1.618644425510051,0.05719198865082555,-257.5064269662921,5.8911339865862855,0.20815298455382927,50.25099250936329,3.280390694118803,0.1159069060452841,0.0,0.0,0.0,-188.95648938826466,7.896562727535637,0.27901132501750053
R:A:THR:100,18.73070911360799,2.4442869743573628,0.08636463369819881,-2.4893770287141073,1.1557202941990898,0.04083536872437873,-32.96264918851436,2.742066464349256,0.09688615463489154,-7.041605493133583,2.270233847980015,0.08021476886591655,0.0,0.0,0.0,-23.76292259675406,4.4702481397412015,0.1579484517076016
R:A:ASP:101,9.92688888888889,2.58032900163778,0.09117144238183247,-2.0923483146067414,1.5080116944794966,0.05328297330576883,0.7651660424469413,6.559555801329614,0.23177050810642702,-67.25496254681647,4.876339418399954,0.17229698152317993,0.0,0.0,0.0,-58.65525593008739,8.702795841657906,0.3074981714095182
R:A:HIS:102,40.485588014981275,2.7336665312682085,0.09658935759295469,-10.593769038701623,1.3248095909506605,0.04680984526065977,-22.224529338327095,2.0374863781199632,0.07199104137829992,-2.6385780274656683,0.8869739515499844,0.03133968360879491,0.0,0.0,0.0,5.028711610486892,3.763791530917117,0.13298703478526785
R:A:TYR:103,25.247852684144817,3.1377707905220853,0.11086767952997635,-7.793956304619227,1.5054042619338224,0.05319084420674636,-35.06533208489388,3.40180984944295,0.12019704095314272,-0.949094881398252,1.6663799389275522,0.05887864008494443,0.0,0.0,0.0,-18.560530586766543,5.144023705070707,0.1817551407359137
R:A:GLN:104,27.754,2.8550245036346986,0.10087733070729969,-4.505411985018727,1.1354867776765751,0.040120452570414085,-80.99425093632958,3.4016603980809736,0.12019176034891409,-7.084384519350811,2.439493950298529,0.08619528052015937,0.0,0.0,0.0,-64.83004744069913,5.192583108246647,0.18347090288327605
R:A:PHE:106,21.3167240948814,3.011414196967778,0.10640308882022999,-5.475514357053682,1.0766586136715417,0.03804186159941402,-2.0923058676654183,1.0647864128297486,0.03762237800863701,-5.297262172284644,0.8545317244518525,0.03019339387723809,0.0,0.0,0.0,8.451641697877653,3.477327107008156,0.12286531205057648
L:B:ILE:13,23.461927590511863,2.879592736714454,0.10174540653996779,-3.413609238451935,1.4926957828002185,0.05274181217542219,-11.674807740324596,1.443864620277089,0.05101644788366341,-1.8422297128589262,0.6085914928419497,0.021503523073412415,0.0,0.0,0.0,6.531280898876404,3.6021276596167007,0.1272749227568658
L:B:HIS:17,39.78564794007491,2.806556694652453,0.09916480488164191,-12.023687890137328,1.0242994707157338,0.03619184224834381,-21.15799875156055,1.629712233430705,0.05758305041523258,0.6136604244694133,1.0535560528982648,0.037225572751334306,0.0,0.0,0.0,7.2176217228464425,3.562568203754042,0.12587715811191166
L:B:LEU:26,22.414118601747813,2.725648191181032,0.09630604347650212,-4.941551810237203,1.4431412160329555,0.05099088765149111,-18.39207365792759,2.355954021013847,0.08324354225557125,-3.1730536828963793,1.803929512552174,0.06373871529954035,0.0,0.0,0.0,-4.092560549313358,4.279777525396565,0.1512185034606408
L:B:PRO:27,27.665560549313355,2.35012533926467,0.08303759591232591,-4.723573033707866,1.0269992639295173,0.03628723475111269,-8.657700374531835,1.7838344929503858,0.0630286926936543,-2.7351985018726594,1.3452501094504814,0.047532075469861136,0.0,0.0,0.0,11.549088639200999,3.4014085249469437,0.12018286084931068
L:B:GLU:28,20.277364544319603,2.8207549749411953,0.099666476448502,-0.26601123595505616,1.233743181673434,0.04359217190153805,12.064350811485646,10.698634611941268,0.37801766692068034,-86.24585892634208,10.372662353198264,0.366500003480398,0.0,0.0,0.0,-54.17015480649189,15.216165342170326,0.5376367668175598
L:B:TYR:29,23.651543071161047,3.0592661435030584,0.10809385421628248,-4.03643570536829,2.068704059445569,0.07309406391242847,-23.27623595505618,1.9071700392354693,0.06738653994670812,-7.387928838951311,1.9426984228713915,0.0686418736578458,0.0,0.0,0.0,-11.049057428214732,4.588030137557411,0.16211007397387145
L:B:TYR:30,22.565671660424474,2.9540906344360502,0.10437766032829521,-8.845485642946318,1.1272522867391617,0.03982950113919442,-21.63040574282147,1.9070958492415206,0.06738391857216469,-6.596353308364544,1.4370592983532158,0.05077599365659453,0.0,0.0,0.0,-14.506573033707864,3.9622598601806933,0.13999956839419436
L:B:GLY:31,11.359558052434458,1.7639515471271985,0.062326163346292304,-3.412132334581773,0.8471159561486938,0.02993137058790587,-12.613093632958801,1.8913760700014666,0.0668284874832105,-2.30305493133583,1.1161733717187974,0.03943804692471587,0.0,0.0,0.0,-6.968722846441947,2.9414752995193507,0.10393191938605281
L:B:GLU:32,19.814857677902623,2.8483655351695423,0.10064204762542986,-4.109598002496879,1.3662665069399977,0.04827465336266974,21.55194132334582,11.633340003767133,0.41104385804621135,-90.3816254681648,10.551447520178769,0.37281706674626197,0.0,0.0,0.0,-53.12442446941323,16.020222058519135,0.5660467139753802
L:B:ASN:33,22.600971285892633,2.6515888625604087,0.09368928576541695,-7.385917602996256,1.1743978575391332,0.04149530797584974,-94.19017353308364,2.4490802765216917,0.08653399670261278,0.40132709113608,1.5851389059601895,0.05600812932778006,0.0,0.0,0.0,-78.5737927590512,4.113489197248869,0.14534299428376216
L:B:LEU:34,22.666953807740324,2.897275952801227,0.1023702122587569,-6.896383270911362,1.3232188864254644,0.04675364047984562,-33.46185642946317,2.175281369000074,0.07685978798524704,0.2597315855181023,0.9847681281808205,0.03479507093898337,0.0,0.0,0.0,-17.431554307116105,3.9807955823770826,0.1406544959352797
L:B:ASP:35,12.887345817727839,2.4582192709419908,0.08685690719297634,-8.57362047440699,1.1145271787803,0.039379881557219575,-5.484930087390762,6.106069583243533,0.21574736044698212,-53.45480524344569,4.8326050694553775,0.17075170428435626,0.0,0.0,0.0,-54.62600998751561,8.241551451578047,0.2912009022212023
L:B:ALA:36,15.255792759051188,1.98573220350013,0.07016239753234985,-6.412700374531836,0.9034541429297274,0.0319219825396158,-4.778808988764045,1.1829595420475922,0.04179782022345808,0.4997540574282147,0.36936514781597257,0.013050875787772224,0.0,0.0,0.0,4.564037453183521,2.509020857413691,0.08865189299167507
L:B:LEU:37,23.431865168539325,2.6588489346381112,0.09394580779911889,-7.586464419475655,1.355629112693058,0.047898799517651476,-32.70462297128589,1.0885388700373462,0.038461629818136854,0.14311485642946317,0.34953162424318346,0.012350092689765136,0.0,0.0,0.0,-16.71610736579276,3.195981410511558,0.11292445065606625
L:B:TRP:38,27.830605493133582,3.2867026202605025,0.1161299269895827,-10.385656679151062,1.2848594392034953,0.04539827605539552,-10.3865468164794,2.0747964683642,0.07330932859702449,-0.7997915106117354,1.2056254452917463,0.04259868053636583,0.0,0.0,0.0,6.258610486891386,4.267504070532218,0.15078484225608876
L:B:ASP:39,14.89119475655431,2.4204139939573954,0.08552112341108553,-5.35049063670412,1.4430110962653018,0.05098629009556244,-23.751007490636706,9.186771164528215,0.32459859861678225,-55.60621348314607,5.0838800249399085,0.17963006828809946,0.0,0.0,0.0,-69.81651685393258,10.871213615023839,0.38411544616738486
L:B:ALA:40,15.645177278401999,1.9750785855907125,0.06978597045240384,-5.000344569288389,0.907856109319951,0.03207751837433234,-5.868339575530588,1.2594366810611468,0.04450000706423539,0.0784307116104869,0.4375363304401695,0.015459586089744728,0.0,0.0,0.0,4.854923845193508,2.5500503776486325,0.09010159980723227
L:B:THR:42,18.102338327091136,2.4682856933126547,0.08721258673871475,-2.769529338327091,1.3010856196705676,0.04597159995191876,-41.90354681647939,1.8758310845584505,0.06627923242939962,-1.505915106117353,0.9849474876064926,0.034801408292682426,0.0,0.0,0.0,-28.076652933832705,3.5034442859368484,0.12378811719378183
L:B:GLY:43,11.58643695380774,1.843644840651158,0.06514198741916304,-3.2169787765293387,0.7398569408560247,0.026141559627179234,-8.29201747815231,1.9437791555208466,0.06868005946842166,-1.2359225967540575,0.7782168702423741,0.027496941088070034,0.0,0.0,0.0,-1.158481897627965,2.886228247031,0.1019798607689111
L:B:TRP:44,27.69219225967541,3.267367854958406,0.11544676664856128,-8.414057428214731,1.4778376784826366,0.05221682687283718,1.1917265917602995,2.3276109737986306,0.08224208992353625,-4.758930087390762,1.7434017066407042,0.06160007043462055,0.0,0.0,0.0,15.71093133583021,4.617024935997635,0.1631345548031331
L:B:VAL:45,19.455935081148564,2.7269059542228997,0.09635048434843313,-4.511368289637952,1.2219824800161265,0.04317662794073361,-26.726605493133583,1.6067232694490523,0.05677077531242943,-4.427835205992509,1.3874981500576755,0.04902483658579608,0.0,0.0,0.0,-16.20987390761548,3.665510611858216,0.12951444925701747
L:B:GLU:46,19.543498127340825,2.768909540370639,0.09783460809074207,-2.7519600499375776,1.3636284575313251,0.04818144246998491,-13.638403245942573,13.902298281814549,0.4912135568646494,-56.074911360799,13.620873789331657,0.4812699113508584,0.0,0.0,0.0,-52.92177652933833,19.70605092133862,0.6962790733305437
L:B:TYR:47,24.353325842696623,3.017284928047489,0.10661052090351603,-3.714092384519351,1.217240492234182,0.043009078040871035,-15.078299625468166,1.554451208437593,0.05492383285057243,-5.295981273408239,1.0285641026485928,0.03634252560860508,0.0,0.0,0.0,0.26495255930087397,3.749659374613573,0.13248769959454537
L:B:SER:69,16.813538077403248,2.209025913610351,0.07805209284353615,-4.099881398252185,0.9774676354964337,0.034537120713368306,-11.07216479400749,1.990330923195739,0.07032488530328615,-4.749112359550561,1.3170819085831957,0.04653680102976393,0.0,0.0,0.0,-3.107620474406991,3.395785682753167,0.11998418748914355
L:B:GLN:72,27.835700374531836,2.893318915567101,0.10223039722278092,-3.9221560549313357,1.4069389123155571,0.04971174214509815,-81.13231460674157,5.157199666766379,0.1822206904513956,-4.61312858926342,3.778729775506415,0.13351485170512362,0.0,0.0,0.0,-61.831898876404495,7.157253563299269,0.25288912012550635
L:B:VAL:73,20.56815730337079,2.682800411447922,0.09479209162049958,-6.106478152309613,1.3114263031710058,0.04633697003819481,-27.92216229712859,1.2544396040569006,0.04432344402987774,-0.8371285892634207,0.44854874843151993,0.015848690747230575,0.0,0.0,0.0,-14.297611735330834,3.2698733455991573,0.11553529380748034
L:B:GLU:76,20.741102372034955,2.5981125622073216,0.09179979359858843,-3.0487041198501874,1.4663687724697403,0.05181159300418177,-6.2818164794007485,11.974780766136464,0.42310807418818625,-75.41690262172284,10.042287313152602,0.3548267754118841,0.0,0.0,0.0,-64.00632084893883,15.91047878411305,0.5621691260348667
L:B:GLU:80,19.65898377028714,2.882006947151928,0.10183070847148817,-1.719265917602996,1.2115703125166626,0.04280873209154351,43.47310986267166,5.7550910203141,0.20334614269255283,-115.07476779026217,5.395760126648591,0.19064980984234517,0.0,0.0,0.0,-53.661940074906354,8.48582150778783,0.2998317602789157
L:B:GLY:81,10.94503745318352,1.7984359819351665,0.0635446109392811,-0.6142896379525593,0.6594397660125945,0.02330015846550801,-7.7817215980024965,1.56531888592298,0.055307823353742534,-5.982298377028714,1.2233973325613452,0.04322661929734872,0.0,0.0,0.0,-3.4332721598002496,2.7597385807469568,0.09751056816545116
L:B:ALA:82,13.870594257178528,2.078172694756247,0.07342862169095754,-2.86408988764045,0.8234087666001437,0.029093718232493467,-7.033111111111111,1.9182113121580935,0.0677766641430599,-0.3689263420724095,1.5292123447460046,0.054032061450344,0.0,0.0,0.0,3.6044669163545566,3.3188595600837436,0.11726613659092029

Sidechain Energy Decomposition:
Residue,Internal,,,van der Waals,,,Electrostatic,,,Polar Solvation,,,Non-Polar Solv.,,,TOTAL,,
,Avg.,Std. Dev.,Std. Err. of Mean,Avg.,Std. Dev.,Std. Err. of Mean,Avg.,Std. Dev.,Std. Err. of Mean,Avg.,Std. Dev.,Std. Err. of Mean,Avg.,Std. Dev.,Std. Err. of Mean,Avg.,Std. Dev.,Std. Err. of Mean
R:A:LYS:27,12.538455680399501,2.5538918597518347,0.09023733190341483,-3.738632958801498,1.0506957911571813,0.037124510371940575,-68.91374531835207,7.204216180583801,0.2545484626175448,43.61706741573034,6.4158407342717,0.22669258589288166,0.0,0.0,0.0,-16.49685518102372,10.03444409925072,0.3545496490749364
R:A:SER:28,4.123204744069913,1.0929400261000835,0.038617137021339475,-0.9294681647940075,0.30753857372667986,0.01086634120568201,-3.1302209737827713,1.6929641454745057,0.059817946837658495,-2.1558539325842694,1.4443961427240954,0.05103522830589683,0.0,0.0,0.0,-2.092338327091136,2.498300560372983,0.08827310992046877
R:A:GLN:31,15.425280898876403,2.315382007886417,0.0818100006588157,-2.168063670411985,0.8434693142526904,0.029802522831942336,-64.49281772784019,2.067906879107351,0.07306589693014534,-8.847684144818976,1.563843654315185,0.05525569860784983,0.0,0.0,0.0,-60.08328464419475,3.576909303061991,0.12638387594069125
R:A:TRP:35,15.430694132334583,2.8009182777403208,0.09896558121586016,-9.254740324594257,0.849139136651146,0.03000285615602152,8.562754057428215,0.6483931916845388,0.022909846953205616,-0.24202621722846443,0.6009700153606622,0.021234231407656384,0.0,0.0,0.0,14.496681647940076,3.0574105321918936,0.10802828941441747
R:A:VAL:36,6.844219725343321,1.7399984456664819,0.06147982212069441,-1.2902883895131085,0.8700890840653995,0.030743086150866634,-18.89029088639201,0.7311060620299337,0.025832362527050935,3.5845530586766547,0.629513005595191,0.02224274837891114,0.0,0.0,0.0,-9.751806491885143,2.1715092224722294,0.07672650574116074
R:A:ALA:37,2.9928951310861427,0.9174305262664891,0.032415813763186585,-1.521039950062422,0.43132856153054305,0.015240245360285615,2.046194756554307,0.15149020733639315,0.005352643287276688,0.010540574282147318,0.06368454688760405,0.0022501828230008644,0.0,0.0,0.0,3.5285905118601746,1.0269995632660793,0.036287245327650056
R:A:SER:38,4.006147315855181,1.109050994380214,0.03918639009539908,-1.2987003745318353,0.9310048804936422,0.03289543998662784,-6.9601123595505605,3.716605492499299,0.13131979809564168,1.1047990012484394,1.913883915300884,0.0676237630932403,0.0,0.0,0.0,-3.1478664169787764,4.4241238933558495,0.15631873159475612
R:A:LYS:39,12.823627965043693,2.5071512090290464,0.08858583221420571,-1.4401111111111111,0.8398195700572089,0.02967356546161647,-20.46801373283396,9.65088933401422,0.34099740780770216,-8.343433208489387,8.968787842798736,0.31689653665311585,0.0,0.0,0.0,-17.427930087390763,13.437630907332986,0.4747953424693635
R:A:GLY:40,0.6527840199750313,0.2113912526978662,0.00746914265705423,-0.05449687890137329,0.17295302647262065,0.006110994713388725,-4.322870162297129,0.49785477190011845,0.01759083342550585,2.7931460674157305,0.4276887656781288,0.015111639497378447,0.0,0.0,0.0,-0.9314369538077404,0.7108980695389546,0.02511834822039686
R:A:ILE:51,10.128996254681647,2.062116004427566,0.07286128643401352,-4.585700374531836,1.0044920046362424,0.03549197984659186,-5.899513108614232,0.3974606288063455,0.014043580797357366,3.786124843945068,0.271007565427348,0.009575581493955793,0.0,0.0,0.0,3.4299076154806487,2.343660951388754,0.0828091879975256
R:A:ASP:54,3.043143570536829,1.6862346349356796,0.059580171274170625,-2.117265917602996,1.0916535684719266,0.038571682276054,9.589071161048688,9.464033274265748,0.3343951735677114,-68.5870149812734,11.554116846481499,0.4082446454205386,0.0,0.0,0.0,-58.072066167290885,15.069858548645072,0.5324672704519833
R:A:ILE:55,10.43069163545568,2.260104971663656,0.07985688261851032,-0.9825867665418228,0.99764278119779,0.035249974435776876,-5.579061173533083,0.6981104101946148,0.024666518493888737,3.5494494382022475,0.6367341652968205,0.022497895511408298,0.0,0.0,0.0,7.418493133583021,2.6450244127215856,0.09345734233499826
R:A:PHE:56,10.47252933832709,2.3319159589062024,0.08239419909311908,-5.3027191011235955,0.7975210279420091,0.028179019962634087,-1.0504669163545568,0.48793936937018884,0.017240489903468013,0.881390761548065,0.2372218173487875,0.008381820782699024,0.0,0.0,0.0,5.0007340823970035,2.523535386757783,0.089164738669476
R:A:SER:57,4.388970037453183,1.105858074754283,0.03907357382758182,-1.6259887640449437,0.4649192282135061,0.01642711320935032,-2.433209737827715,1.577817610005036,0.05574944405473466,-1.4400736579275908,1.4362609821361574,0.050747786540005974,0.0,0.0,0.0,-1.1103021223470662,2.447738954527344,0.08648660342026562
R:A:ASN:58,11.826358302122348,1.9534765220131372,0.06902269906587076,-3.58530961298377,0.7092570194368537,0.02506036456608982,-80.53185018726592,1.657385922893739,0.058560852153991594,-4.962062421972535,0.8097420320081118,0.028610827909354687,0.0,0.0,0.0,-77.25286392009988,2.778799434555137,0.09818405031971057
R:A:ARG:59,17.57669288389513,3.4344972287140143,0.12135199271081912,-5.744645443196005,1.3408553707338469,0.047376795012433984,-238.30189263420723,7.45896924669751,0.2635497196177332,46.09706866416978,6.140276398804226,0.21695599884618555,0.0,0.0,0.0,-180.3727765293383,10.340835595645133,0.3653754602959382
R:A:GLU:60,8.045711610486892,1.9897504189132793,0.07030437419299476,-2.050339575530587,1.0055966940853451,0.03553101212906233,15.28321847690387,8.45943998825068,0.2988996151195582,-73.75298751560548,8.505363853592124,0.30052225511634584,0.0,0.0,0.0,-52.47439700374532,12.201379866126908,0.43111455970822693
R:A:GLY:61,0.6509975031210987,0.21843760267163628,0.007718113191520202,-0.010089887640449439,0.09141812084640823,0.003230100476378598,-4.338538077403245,0.4028564752938586,0.014234233658610821,2.753995006242197,0.38279774337711675,0.01352549321503208,0.0,0.0,0.0,-0.9436354556803996,0.6040692932940925,0.02134373900895594
R:A:LYS:62,12.74247440699126,2.557369841560568,0.09036022034821342,-2.55178152309613,1.1202400562953088,0.039581736159041085,-59.04248938826467,10.693457437505424,0.3778347404564664,32.21050436953808,11.333994736716992,0.4004670130974418,0.0,0.0,0.0,-16.64129213483146,15.830494210539372,0.5593430100874897
R:A:GLU:73,7.458947565543071,2.0001864862488388,0.07067311450137131,-3.2683183520599246,1.142701049122516,0.04037535631836368,13.247339575530585,4.390735454028203,0.15513900909795525,-59.627701622971294,6.221958294085809,0.21984208670729818,0.0,0.0,0.0,-42.18973283395756,7.955993621669238,0.2811112124104505
R:A:ASP:75,2.5944382022471904,1.6948755743337542,0.05988548385561138,-3.428088639200999,0.9399394106875009,0.03321112608877261,-7.03958177278402,4.528264300937328,0.1599983519700683,-46.41933957553058,3.83440691197297,0.13548210659243606,0.0,0.0,0.0,-54.292571785268414,6.242110480756188,0.22055412921223466
R:A:PHE:82,10.467667915106118,2.2353215650009006,0.07898120400111512,-0.22473782771535578,0.8824693781800552,0.031180522334712975,1.247267166042447,0.6897712668214139,0.024371869350666667,-1.7176791510611733,0.5473140801216465,0.019338392154219213,0.0,0.0,0.0,9.772518102372036,2.559443651502293,0.09043349481960558
R:A:ARG:83,17.87809238451935,3.4312552576499598,0.12123744329565446,-4.6298551810237205,1.4457228117591205,0.051082103851383384,-251.67780274656678,7.462665854202378,0.2636803328216791,48.395928838951306,4.243585650980579,0.1499397264554941,0.0,0.0,0.0,-190.03363670411986,9.357511844517086,0.3306314239107505
R:A:ASN:84,12.23718352059925,2.1940862447648355,0.07752422560006136,-2.5550174781523096,1.1222854033337342,0.039654004943194696,-81.62319600499374,3.6327434177711777,0.12835667738148357,-4.574234706616729,3.0181415485088503,0.10664078809928312,0.0,0.0,0.0,-76.51526466916354,5.327245265819609,0.18822895626809014
R:A:SER:85,4.105515605493133,1.0931207647422931,0.03862352310725872,-1.3170299625468165,0.8421165825928002,0.029754726408885632,-7.631534332084894,3.369910321086768,0.11906992653878419,0.8088464419475655,1.2352419032080915,0.043645126623186606,0.0,0.0,0.0,-4.034202247191011,3.8452817161551143,0.13586634890505464
R:A:ARG:87,17.11216729088639,3.3520020528448264,0.11843716899308275,-7.507373283395755,1.4192979042678133,0.05014842565404506,-249.39326716604242,5.8980010694526,0.2083956209965,51.31015230961299,3.3447824140780638,0.11818207560017675,0.0,0.0,0.0,-188.47832084893884,7.695733253961239,0.2719153644764453
R:A:THR:100,6.95103870162297,1.5117971471010367,0.05341672569755874,-1.3587003745318351,0.6444993722350282,0.022772265607818656,-24.78987016229713,2.5595492494130454,0.09043722593832326,-0.22330212234706626,2.3270063719914647,0.08222072736907479,0.0,0.0,0.0,-19.420833957553057,3.8297729789445665,0.13531837461956275
R:A:ASP:101,1.6210986267166043,1.754022829498695,0.061975349358379124,-1.6076903870162298,1.0298388885401144,0.036387567953354245,-0.6774544319600497,5.130674910714395,0.18128348427863597,-56.4585493133583,4.186595500585261,0.1479260785021514,0.0,0.0,0.0,-57.12259550561798,6.927378374804357,0.24476687970981742
R:A:HIS:102,27.345922596754058,2.093377498759089,0.07396585702458836,-7.762340823970038,0.9087776015244486,0.03211007770043934,-16.529700374531835,1.476692428013927,0.0521763614372069,1.186956304619226,0.7110337285490816,0.025123141495834805,0.0,0.0,0.0,4.240837702871411,2.809678908955873,0.09927512289972694
R:A:TYR:103,12.305599250936329,2.420241164395017,0.0855150167787614,-4.4377602996254675,1.3006498606070116,0.045956203162466666,-26.42475655430712,1.5880568743325816,0.05611123067073543,1.3949138576779025,0.47601846009612314,0.01681928528485942,0.0,0.0,0.0,-17.16200374531835,3.2090147341818858,0.11338496050473239
R:A:GLN:104,15.302248439450688,2.2279490643098727,0.07872070949768728,-2.843149812734082,0.7247603418280635,0.025608147528347735,-68.7347315855181,2.220890957095704,0.07847132354155806,-6.915159800249688,1.411830877406696,0.04988459123262057,0.0,0.0,0.0,-63.190792759051185,3.5234440049409614,0.12449477251861793
R:A:PHE:106,10.318149812734083,2.4202923622219283,0.08551682576502764,-4.563529338327091,0.7898879245083327,0.027909317514048546,1.5050411985018726,0.3771886702094773,0.013327306359482132,0.30485642946317104,0.19522857850326325,0.006898062644337143,0.0,0.0,0.0,7.564518102372035,2.581108975365566,0.0911990013984296
L:B:ILE:13,10.876544319600498,2.167463030448355,0.07658354057558056,-2.0774893882646692,0.9752818358687559,0.0344598892809864,-5.425399500624221,0.46944245911690086,0.016586933714962906,3.650369538077403,0.4164250394777328,0.014713655300932051,0.0,0.0,0.0,7.024024968789013,2.458222260834372,0.08685701283562919
L:B:HIS:17,27.083898876404497,2.0891666076734916,0.07381707250379933,-8.565912609238453,0.7262551904126446,0.025660965406033954,-8.902264669163545,1.132852949462678,0.04002739082631303,-0.269167290886392,0.8146213979213517,0.028783231826815005,0.0,0.0,0.0,9.346554307116104,2.6151534454553333,0.09240190360246604
L:B:LEU:26,9.442519350811486,2.040037422837962,0.07208117811139593,-4.401906367041198,0.9886496206348503,0.034932216731401115,-26.16638327091136,0.5049073280389219,0.0178400232440311,3.2067003745318354,0.30621459532388856,0.01081956072901091,0.0,0.0,0.0,-17.91906991260924,2.3426223654822307,0.0827724913688883
L:B:PRO:27,13.04567540574282,1.5562140066404062,0.05498611826250113,-3.168590511860175,0.6870829432435667,0.02427688210755703,-8.966630461922596,1.0513973797799532,0.03714929978703307,8.5848177278402,0.9733661821635301,0.03439220298544088,0.0,0.0,0.0,9.49527215980025,2.2241320060076886,0.07858584037408142
L:B:GLU:28,7.976570536828964,2.0315935358634447,0.07178282803499587,-0.07799750312109863,0.8325072324782512,0.029415196717230273,11.089192259675405,10.99339254670198,0.38843242645272724,-73.47033083645444,10.505270292655883,0.3711854746369676,0.0,0.0,0.0,-54.48256554307115,15.363457429717165,0.5428410768356052
L:B:TYR:29,11.90300124843945,2.4555480332441024,0.08676252364975118,-3.4401985018726595,1.8885443764895467,0.06672843451256175,-19.764975031210984,1.5230684095439024,0.05381497617403983,-1.8340511860174784,1.6649951929018394,0.058829712489891,0.0,0.0,0.0,-13.136223470661674,3.8325268920225595,0.1354156793537092
L:B:TYR:30,11.699430711610487,2.4080736278733346,0.08508509801483197,-6.804770287141074,0.7966592196640279,0.028148569464379686,-19.682029962546817,0.7570101113692138,0.026747637106491504,0.7193957553058676,0.30641732972698166,0.010826723996927011,0.0,0.0,0.0,-14.067973782771535,2.6646651568643636,0.09415131390676801
L:B:GLY:31,0.6453620474406992,0.22434946045688103,0.007926998415495486,-0.12888014981273407,0.21832307919535407,0.007714066703451199,-6.008585518102373,0.37094346492733515,0.013106642880839627,4.3789563046192255,0.2615759533369265,0.009242331866592821,0.0,0.0,0.0,-1.1131473158551812,0.5513788904673932,0.019482015165856525
L:B:GLU:32,7.857214731585518,2.089470224496843,0.07382780027676888,-2.095485642946317,1.0126778015212932,0.035781210758069074,18.009430711610488,10.915453326653349,0.38567857951869733,-77.59695131086141,9.891609432742177,0.349502834285254,0.0,0.0,0.0,-53.82579151061174,14.912493441574906,0.5269070477892716
L:B:ASN:33,11.506921348314604,1.9182011756768944,0.06777630598810717,-4.564493133583022,0.8264292218284204,0.029200440770447714,-86.23439825218476,1.8105095212505147,0.06397120847522918,0.7106991260923845,0.9752174714984553,0.03445761507778418,0.0,0.0,0.0,-78.5812709113608,2.9311217737096418,0.10356609553909006
L:B:LEU:34,9.742375780274656,2.102707503744824,0.07429551654143263,-3.429520599250936,0.9653667586281962,0.03410955725248331,-27.15527965043695,0.713273244133608,0.025202270888229447,3.588833957553059,0.4974745546054023,0.017577399107961154,0.0,0.0,0.0,-17.253590511860175,2.471750690956882,0.08733501641061835
L:B:ASP:35,2.5524531835205995,1.5849985820141115,0.05600317122493483,-4.857795255930087,0.7433258111021387,0.0262641261307425,-1.4353483146067414,5.928001690681218,0.2094556408265403,-45.25301373283396,4.635366915682879,0.1637826367891824,0.0,0.0,0.0,-48.99370411985019,7.726097608376701,0.272988236186717
L:B:ALA:36,2.8974169787765294,0.8498504625229945,0.030027989619893287,-2.4155730337078656,0.47051676371914125,0.016624892401658105,2.1892459425717856,0.1369478087037385,0.0048388128965826446,-0.030031210986267164,0.031157090994789725,0.0011008816800547453,0.0,0.0,0.0,2.6410586766541826,0.9815076669182443,0.03467986820477758
L:B:LEU:37,10.186446941323345,2.0739381983151572,0.07327900311594254,-4.893857677902622,0.9206627991463195,0.03253002050986067,-27.032118601747815,0.4667875441802086,0.01649312690814654,3.436415730337079,0.21991198603133683,0.007770207966040176,0.0,0.0,0.0,-18.303113607990014,2.3270349230651215,0.08222173617165973
L:B:TRP:38,15.094915106117353,2.7866318623678237,0.0984607955489356,-7.3863133583021225,0.9269940253475452,0.032753723388231994,5.494476903870162,1.6643674852240606,0.05880753352963403,0.28014232209737827,1.2128831890093021,0.042855120301507114,0.0,0.0,0.0,13.483220973782771,3.5868983558843777,0.12673682176785794
L:B:ASP:39,3.9448277153558053,1.6620541628450651,0.058725796302383816,-2.036560549313358,1.2688480848051928,0.04483254266478782,-17.779669163545567,8.748802364075518,0.3091237319504893,-48.42972034956304,4.637602924528025,0.1638616422770334,0.0,0.0,0.0,-64.30112234706617,10.120341061139623,0.3575846689916439
L:B:ALA:40,2.9050174781523093,0.8554382467201783,0.030225424266658217,-1.972119850187266,0.365355487611132,0.012909201410549662,2.2764182272159803,0.13973106367111066,0.0049371543754137,-0.14387390761548063,0.037450762759886916,0.0013232576376700422,0.0,0.0,0.0,3.0654419475655437,0.9413748223025821,0.03326184386440336
L:B:THR:42,7.103192259675406,1.548642924258669,0.05471860722003464,-2.0290374531835207,0.9068012863243007,0.032040248036359964,-30.48950436953808,1.6959221283601307,0.05992246202392042,2.836213483146067,0.6944506361221541,0.024537206735285047,0.0,0.0,0.0,-22.579136079900124,2.564955561254009,0.09062824857465909
L:B:GLY:43,0.6583483146067416,0.22962554825142756,0.008113419811393711,-0.13870536828963798,0.153036043288709,0.0054072627150197694,-4.5684394506866415,0.4233660362392061,0.01495890336267514,3.2311997503121095,0.27414692116082595,0.00968650517469154,0.0,0.0,0.0,-0.8175967540574282,0.5749289155870395,0.02031411438922058
L:B:TRP:44,14.744183520599252,2.741622048752405,0.09687045198187474,-5.654297128589263,1.2133247176729318,0.0428707209497541,6.40005243445693,1.34666236130405,0.04758197493555506,-1.6463732833957554,1.0546867137473275,0.03726552268810139,0.0,0.0,0.0,13.843565543071161,3.4517404172720703,0.12196125082135544
L:B:VAL:45,7.322902621722847,1.838193091925224,0.06494935934943578,-3.171277153558053,0.7972452527914572,0.02816927592680264,-19.295063670411988,0.7127853680911282,0.02518503263587163,4.170272159800249,0.5752626200127855,0.020325905255348563,0.0,0.0,0.0,-10.973166042446943,2.2030760085046794,0.07784186328359445
L:B:GLU:46,7.789727840199751,2.1235855231174376,0.07503320508388936,-1.0446941323345817,1.0335666282872822,0.03651928116099469,-11.5204556803995,13.977945505872436,0.49388642010230693,-50.262159800249684,13.547554663120726,0.47867930740594156,0.0,0.0,0.0,-55.03758177278402,19.608596924932865,0.6928357056776022
L:B:TYR:47,11.45043695380774,2.4975751883688635,0.08824748016091602,-3.7084694132334577,1.0139554895099667,0.03582635564337919,-21.30477028714107,1.0560709338838465,0.0373144317017738,0.8776029962546815,0.6352559716398825,0.02244566610665519,0.0,0.0,0.0,-12.685199750312108,2.9639202963577804,0.10472497435490231
L:B:SER:69,4.047626716604245,1.0791988713765204,0.0381316171921456,-1.6003807740324594,0.5898124682009896,0.020839998863145588,-3.383161048689139,1.7452959091563103,0.061666998789648715,-1.923031210986267,1.1110666536659923,0.039257609914390416,0.0,0.0,0.0,-2.8589463171036207,2.4068809424298485,0.0850429565467783
L:B:GLN:72,15.170186017478152,2.249271693829675,0.07947410756725899,-1.9720199750312113,0.9617569931942537,0.03398201246224,-71.92942696629213,4.857883013284538,0.1716448565133506,-3.371062421972535,3.6171987041793447,0.12780743193306193,0.0,0.0,0.0,-62.10232334581773,6.5320252221571105,0.23079776292115364
L:B:VAL:73,7.3508027465667904,1.7378445216892937,0.06140371695904393,-3.595409488139825,0.8506281380974936,0.030055467435236682,-19.733234706616727,0.47873539702896883,0.016915283531157,4.529651685393258,0.30942572521689016,0.010933020424977801,0.0,0.0,0.0,-11.448189762796504,2.017078003123127,0.07126994690393254
L:B:GLU:76,7.9301622971285886,2.0597662282363474,0.07277826117464081,-1.366541822721598,1.1636980341428091,0.04111724830529821,2.321843945068664,11.349949587545163,0.40103075003256444,-66.28016354556804,9.595574676784462,0.33904296049447474,0.0,0.0,0.0,-57.39469912609238,15.049692324004988,0.5317547319397758
L:B:GLU:80,8.202621722846443,2.0585774006178656,0.07273625601613136,-1.744601747815231,0.7365362790345251,0.026024229810812316,41.56974032459426,5.0748338036644975,0.17931043577563266,-101.49343570536828,4.90193946545852,0.1732015147101847,0.0,0.0,0.0,-53.46567540574282,7.386689059551936,0.2609958247797075
L:B:GLY:81,0.6287752808988764,0.2291641369981233,0.008097116646383257,0.11500249687890138,0.16900066113606557,0.005971344750796758,-6.15167290886392,0.41097425780324953,0.014521061400287725,4.485051186017478,0.37622436478900523,0.0132932343027695,0.0,0.0,0.0,-0.9228439450686643,0.6257172191879845,0.022108630860757948
L:B:ALA:82,2.960149812734082,0.904537619254877,0.031960265293205656,-1.5533370786516854,0.37637817494209086,0.013298668917309306,2.2066491885143567,0.1636766796405126,0.0057832311141807835,-0.2013358302122347,0.08272293800090613,0.002922871296961935,0.0,0.0,0.0,3.41212609238452,0.9967356596157602,0.03521792287064822

Backbone Energy Decomposition:
Residue,Internal,,,van der Waals,,,Electrostatic,,,Polar Solvation,,,Non-Polar Solv.,,,TOTAL,,
,Avg.,Std. Dev.,Std. Err. of Mean,Avg.,Std. Dev.,Std. Err. of Mean,Avg.,Std. Dev.,Std. Err. of Mean,Avg.,Std. Dev.,Std. Err. of Mean,Avg.,Std. Dev.,Std. Err. of Mean,Avg.,Std. Dev.,Std. Err. of Mean
R:A:LYS:27,13.252806491885144,1.7186309328659102,0.060724838178373916,-2.153925093632959,0.8357960191637431,0.02953140028104409,-7.403445692883895,2.276752024844001,0.08044507732116096,-2.3113345817727837,1.0060484635574587,0.0355469746184854,0.0,0.0,0.0,1.3841011235955056,3.1381492256919676,0.11088105087923619
R:A:SER:28,12.983761548064919,1.707643792676408,0.06033662666810042,-1.5700187265917604,0.6279249507060756,0.022186637218384608,-13.790593008739075,1.4352038884420961,0.05071043597085021,-4.882607990012485,1.0808286845422905,0.038189203808829696,0.0,0.0,0.0,-7.259458177278401,2.5570173861579875,0.0903477669488957
R:A:GLN:31,12.935719101123595,1.6769251823391635,0.059251237940293064,-1.7446466916354557,0.7944875396781163,0.02807183692500907,-7.340287141073658,1.1573448291800954,0.040892768845574134,-4.198408239700375,0.8150592447279534,0.02879870238304052,0.0,0.0,0.0,-0.34762297128589265,2.333893130353965,0.08246405901122034
R:A:TRP:35,11.098074906367042,1.6174756968327892,0.057150693653485546,-2.1480374531835205,0.7079170187696266,0.025013017970540893,-3.891458177278402,1.3311151618449684,0.04703264165333297,-5.395112359550561,0.9468283859121933,0.033454536059892286,0.0,0.0,0.0,-0.33653308364544315,2.4053535502647088,0.0849889887982121
R:A:VAL:36,12.827445692883895,1.6191230567866908,0.057208900255443645,-1.33116354556804,0.9514674752842361,0.0336184502232098,-9.628720349563046,1.482901500647329,0.05239574823148062,-5.123735330836454,0.5419271178962006,0.01914805320293098,0.0,0.0,0.0,-3.2561735330836457,2.4534733932275317,0.08668921984910646
R:A:ALA:37,13.133789013732832,1.6221010532317435,0.057314122586057725,-2.9638501872659173,0.6983605485051789,0.024675356696518946,-5.250499375780274,1.1961730614008508,0.042264696973520643,-3.1948988764044945,1.3510524259587875,0.04773709024312548,0.0,0.0,0.0,1.7245405742821474,2.5248944399943127,0.08921275845446057
R:A:SER:38,12.088937578027464,1.6888974888041655,0.05967425858934935,-1.172848938826467,0.7488357811416999,0.02645881134943695,0.4019413233458177,1.4879541041418938,0.05257427319790567,-6.625179775280899,1.2540937838204835,0.0443112250726289,0.0,0.0,0.0,4.692850187265917,2.683260775522387,0.09480835778526506
R:A:LYS:39,11.2452734082397,1.7996282120975078,0.06358673632076647,-0.40139700374531834,0.775102749221803,0.027386909032073747,-3.483539325842697,1.1467177722537234,0.040517280251818756,-4.5924069912609236,0.8177068582435505,0.02889225120682749,0.0,0.0,0.0,2.7679300873907615,2.4131001075068457,0.08526269994001252
R:A:GLY:40,10.35509238451935,1.6829886075484912,0.059465478535875214,-2.521992509363296,0.7591404084516514,0.026822907452863757,-6.976470661672909,1.8424049119632075,0.06509817669314348,-5.473685393258427,1.605259305097816,0.05671904867547225,0.0,0.0,0.0,-4.617056179775282,3.0626880528567426,0.10821476143829846
R:A:ILE:51,10.025529338327091,1.5373528213552754,0.054319691048612936,-1.9231910112359552,0.7294243380145682,0.025772941730682827,-4.214563046192259,1.0159352554560803,0.035896307233572164,-4.246102372034956,0.6142115248514074,0.021702097140598852,0.0,0.0,0.0,-0.35832709113607986,2.074823800411958,0.07331029432744715
R:A:ASP:54,9.35493008739076,1.7428992814344113,0.06158231811283614,-1.6831960049937578,0.7951589875708044,0.02809556136976854,-3.522375780274657,2.2169684629929427,0.07833272902711592,-4.872086142322098,1.2279038242339115,0.04338584835132161,0.0,0.0,0.0,-0.7227278401997501,3.1768967071991447,0.11225012582100931
R:A:ILE:55,11.30492883895131,1.6270637243899646,0.057489469949620495,-0.7785043695380774,0.9033082754479599,0.031916828565567955,-0.6970923845193507,1.68676637029835,0.05959895921940912,-9.181883895131087,1.9348777694661596,0.06836554445685213,0.0,0.0,0.0,0.6474481897627966,3.1705259775725416,0.11202502715773287
R:A:PHE:56,11.945787765293382,1.569647977711152,0.05546078429100305,-2.2621697877652935,0.7900801117022537,0.027916108114652567,-7.2805380774032455,1.1021763778547076,0.03894348746396929,-1.9455043695380776,0.8052496842445288,0.028452098605833046,0.0,0.0,0.0,0.4575755305867666,2.22513846281911,0.07862140177696224
R:A:SER:57,12.72912858926342,1.752259879081677,0.061913058568225945,-1.1230037453183521,0.7089140038853966,0.025048244707511363,-5.581083645443196,1.2372154376646372,0.043714858034521874,-6.416354556803995,0.7554184918044662,0.02669139999434453,0.0,0.0,0.0,-0.39131335830212244,2.3820858266863496,0.0841668642093576
R:A:ASN:58,13.048230961298376,1.7142713721632368,0.060570800674954156,-1.7727902621722849,0.7803152510948329,0.027571083729905112,-4.602342072409488,1.5006974700849272,0.05302453789403102,-1.7419912609238453,0.8369800038024068,0.029573234321275545,0.0,0.0,0.0,4.931107365792759,2.549558128773297,0.09008420704842257
R:A:ARG:59,13.473680399500624,1.811521710218952,0.06400697241391949,-0.6278826466916353,0.7845794463128101,0.027721751659604745,-9.45203745318352,1.1925147417679323,0.04213543660501133,-5.965755305867665,0.7285958088913359,0.025743667093544503,0.0,0.0,0.0,-2.5719950062421972,2.4187019403471295,0.08546063097117422
R:A:GLU:60,10.664510611735333,1.790791259759136,0.0632744979626201,0.062028714107365795,0.7531194041308268,0.026610165725677648,-6.563647940074906,1.6619273443134195,0.058721315389894155,-10.323043695380774,1.0140775637034962,0.03583066892292402,0.0,0.0,0.0,-6.160152309612982,2.7503596084678743,0.09717917847436897
R:A:GLY:61,9.728590511860174,1.5784107660640272,0.05577040219356945,-1.4504069912609239,0.5909336117401056,0.020879612522300445,0.9659825218476903,1.4337694475257552,0.05065975249317302,-6.121324594257179,0.9768598379900869,0.03451564524442828,0.0,0.0,0.0,3.1228414481897624,2.418787516845447,0.08546365466806738
R:A:LYS:62,12.47670786516854,1.741310276831878,0.06152617339583595,-0.6814132334581773,0.6547622456104282,0.02313488640850858,-4.537314606741573,0.8308963052398896,0.02935827740198001,-3.298157303370786,0.5528205333081977,0.019532953111022495,0.0,0.0,0.0,3.9598227215980026,2.111131045336973,0.07459314774909341
R:A:GLU:73,11.42618352059925,1.6401607789488466,0.057952231618511915,-2.368059925093633,0.8018206180468845,0.028330938509169564,-12.745777777777779,1.1681796783262786,0.04127559941641223,-4.408178526841448,0.8309469662754502,0.02936006742165645,0.0,0.0,0.0,-8.095832709113608,2.3212411132719573,0.08201702196839591
R:A:ASP:75,9.030870162297129,1.738471796689909,0.06142588063140504,-2.0110449438202247,0.8684923642405257,0.030686668829888953,-4.2062197253433204,1.3092373957622607,0.04625962879776813,-4.672068664169787,0.6445306426715955,0.0227733704943676,0.0,0.0,0.0,-1.8584631710362047,2.4302439141854353,0.08586844656449732
R:A:PHE:82,10.992900124843946,1.5292612448723888,0.05403378925135397,-1.0196629213483146,0.848125406619954,0.02996703776655611,1.8440474406991259,1.930232033491743,0.0682013954473871,-4.118295880149813,1.3380911436481517,0.047279125850744216,0.0,0.0,0.0,7.698988764044943,2.928180368804183,0.10346216610695584
R:A:ARG:83,11.874538077403248,1.7015572888832187,0.06012157063085271,-1.2513171036204744,0.7228570097183652,0.025540896594973463,-2.5334207240948814,1.676099611936462,0.05922206784440441,-4.513390761548065,1.1755917025271703,0.0415374904143956,0.0,0.0,0.0,3.576409488139825,2.758467912453374,0.09746567130887153
R:A:ASN:84,11.98341697877653,1.7980467536332438,0.06353085823345188,-1.09819975031211,1.0266702794575948,0.03627561065635292,-16.49160049937578,1.8140532313832152,0.06409641931616317,-0.254501872659176,1.104761476703672,0.0390348274406196,0.0,0.0,0.0,-5.8608851435705365,2.966194706635582,0.10480533669066013
R:A:SER:85,13.35501622971286,1.894461619419077,0.06693751001125457,-3.36925343320849,0.7270114681679813,0.025687687166612384,-11.010632958801498,1.2358328039072854,0.04366600507280127,-2.286856429463171,0.669248913317582,0.023646747643773235,0.0,0.0,0.0,-3.3117265917603,2.468341007537213,0.08721454117074029
R:A:ARG:87,12.168308364544318,1.66417603821973,0.058800769082343225,-3.4742022471910117,0.7414663738602628,0.026198426146262725,-8.113158551810237,0.8911272321616174,0.031486432563574994,-1.059171036204744,0.3321956269156362,0.011737555342598602,0.0,0.0,0.0,-0.4782234706616729,2.0551681070394463,0.07261579455061656
R:A:THR:100,11.779701622971288,1.7672207927836308,0.06244167646179358,-1.1306779026217229,0.7605524807852249,0.02687280057553054,-8.172796504369538,1.998129582260216,0.07060043737246076,-6.818305867665418,1.2357203785689197,0.043662032718790385,0.0,0.0,0.0,-4.3420786516853935,3.0366158940487127,0.10729354700284176
R:A:ASP:101,8.305790262172284,1.6519809977520592,0.058369878514265804,-0.48465792759051185,0.9152000567691808,0.03233700399856773,1.4426429463171035,2.324370290163782,0.08212758599744589,-10.79640449438202,1.2221064983515693,0.043181009913155315,0.0,0.0,0.0,-1.532629213483146,3.2346365947279763,0.11429026443342154
R:A:HIS:102,13.139662921348316,1.6464087050929055,0.058172991234083204,-2.8314119850187267,0.7903746295190942,0.02792651439003507,-5.694828963795256,1.3575201051605665,0.04796561445120705,-3.825499375780275,0.5000219673697291,0.017667407512284072,0.0,0.0,0.0,0.7879225967540574,2.329857610018388,0.08232147091120585
R:A:TYR:103,12.942252184769037,1.7760394066168763,0.06275326686072141,-3.3561985018726586,0.7473388773179235,0.0264059208534444,-8.64058052434457,3.207751655827395,0.11334033182546432,-2.343996254681648,1.6585670789244071,0.05860258625027376,0.0,0.0,0.0,-1.3985230961298376,4.093085243696016,0.1446220560334364
R:A:GLN:104,12.451759051186018,1.6442335344246086,0.05809613535751498,-1.6622646691635459,0.826716227137466,0.02921058160441901,-12.259516853932583,2.6251832048362638,0.09275628772515805,-0.16922097378277154,1.938850872032085,0.06850592713341641,0.0,0.0,0.0,-1.6392434456928837,3.7466909665560646,0.13238281605294694
R:A:PHE:106,10.998565543071162,1.5627537504052673,0.055217188746719055,-0.9119675405742821,0.6688042669650668,0.023631036837405948,-3.597343320848939,0.9622263332179366,0.03399859577657687,-5.602123595505619,0.8021549773550226,0.028342752514429123,0.0,0.0,0.0,0.8871310861423222,2.1115943161388464,0.07460951661802188
L:B:ILE:13,12.585392009987515,1.8013286284300203,0.06364681757768618,-1.336123595505618,0.8787857619669093,0.031050368155489918,-6.249395755305868,1.420701520699655,0.05019802000211487,-5.492580524344569,0.5497336059613971,0.01942388189624442,0.0,0.0,0.0,-0.4927078651685393,2.517468786594776,0.08895038589242153
L:B:HIS:17,12.701769038701624,1.6034552159487516,0.05665530431969389,-3.4577415730337075,0.7034176596284571,0.02485404093217333,-12.255741573033708,1.1137008978041683,0.03935068635445327,0.8828002496878902,0.47954448845173064,0.01694387137091896,0.0,0.0,0.0,-2.1289138576779028,2.1298257298672763,0.07525369194807704
L:B:LEU:26,12.971573033707864,1.7096879726333694,0.06040885421545811,-0.5396254681647941,0.8955638705546123,0.03164319347327264,7.774252184769038,2.4531313116673945,0.08667713299148865,-6.37974406991261,1.946718999262683,0.06878393373955155,0.0,0.0,0.0,13.826455680399501,3.6786730901757565,0.12997952256075823
L:B:PRO:27,14.619883895131085,1.5893806503440888,0.056158003996262126,-1.554976279650437,0.7193715357369973,0.025417743427271218,0.30893133583021226,1.9802016364194432,0.06996698455299116,-11.320002496878901,1.531378652317183,0.05410860416477369,0.0,0.0,0.0,2.05383645443196,3.0512203060034584,0.1078095685265341
L:B:GLU:28,12.300800249687889,1.73716239412741,0.061379615166727575,-0.1880074906367041,0.7158307239927992,0.0252926349958595,0.9751123595505619,2.0315745478397447,0.07178215712616695,-12.775536828963794,1.6716710587892105,0.059065592612818345,0.0,0.0,0.0,0.31236828963795255,3.2329438722635184,0.11423045502596273
L:B:TYR:29,11.748571785268414,1.7732954482317755,0.06265631385835367,-0.5962796504369539,0.7950834748835097,0.028092893260153677,-3.5112646691635456,1.0239147635710935,0.03617824928975241,-5.553842696629213,0.8520739933316114,0.030106554218002048,0.0,0.0,0.0,2.0871847690387018,2.356091257129761,0.08324839125530221
L:B:TYR:30,10.866218476903871,1.6057289230254204,0.05673564180906137,-2.0407178526841445,0.7012104090401116,0.02477605156736369,-1.9483657927590512,1.765907132263381,0.06239526054957649,-7.315769038701624,1.384375155846508,0.04891449101102576,0.0,0.0,0.0,-0.4386342072409488,2.8469253562203383,0.10059116140433033
L:B:GLY:31,10.7141797752809,1.6851990365827192,0.059543580205548084,-3.2832559300873907,0.8045465814145462,0.02842725568885944,-6.604515605493134,1.8839739688155714,0.06656694709772246,-6.681991260923844,1.1659639697264053,0.04119731120245964,0.0,0.0,0.0,-5.855583021223471,2.8975888059626422,0.10238126638168536
L:B:GLU:32,11.957649188514356,1.7331241289848167,0.061236930083725834,-2.014083645443196,0.7412117667311874,0.026189430045694243,3.5425181023720347,1.8057176895949847,0.06380189742868887,-12.784681647940074,1.432311449951861,0.05060823668192694,0.0,0.0,0.0,0.701401997503121,2.977456396622728,0.10520324894104892
L:B:ASN:33,11.09405493133583,1.638640345454605,0.05789850974249235,-2.8214307116104873,0.7836938292363537,0.027690459918820038,-7.955791510611736,1.942897698900369,0.06864891473012087,-0.30938327091136086,1.1260726972626534,0.039787822394381875,0.0,0.0,0.0,0.0074494382022472425,2.8882883144948437,0.10205264967372257
L:B:LEU:34,12.924583021223471,1.722853956004168,0.06087405136416629,-3.4668127340823975,0.7780819689785765,0.02749217458628218,-6.306559300873908,1.7323070303016352,0.061208059321328216,-3.32912858926342,0.6079575410581487,0.02148112348851724,0.0,0.0,0.0,-0.17791760299625467,2.635173110657198,0.0931092636915465
L:B:ASP:35,10.334871410736579,1.694361005857789,0.059867302472489996,-3.7158339575530586,0.7565635899007358,0.02673186004615937,-4.049573033707865,1.2090629887782391,0.042720140163302896,-8.201786516853932,0.8840903917823817,0.031237798034110562,0.0,0.0,0.0,-5.632322097378277,2.3846796043515366,0.08425851083690114
L:B:ALA:36,12.358360799001247,1.6469744457277593,0.05819298069653582,-3.997107365792759,0.7802852808804795,0.02757002478444918,-6.968042446941324,1.170415593867428,0.04135460160752862,0.5297852684144819,0.3559482650238546,0.012576813543907595,0.0,0.0,0.0,1.9229962546816481,2.1949810418726914,0.0775558417013068
L:B:LEU:37,13.245424469413232,1.6285585377755991,0.057542286583613086,-2.6925880149812733,0.8146946258503508,0.02878581920846488,-5.672506866416978,0.9832710843067395,0.034742175494556625,-3.2933058676654183,0.34524692725215694,0.012198700365533211,0.0,0.0,0.0,1.5870237203495632,2.0980819122145937,0.0741320793009053
L:B:TRP:38,12.735692883895132,1.5828262797199455,0.0559264166973832,-2.9993383270911362,0.8531160269549439,0.030143372665722975,-15.88101872659176,1.3271708444416477,0.0468932760504799,-1.0799350811485644,0.4212803483019863,0.014885209202948214,0.0,0.0,0.0,-7.224599250936329,2.274204381629072,0.08035506077426638
L:B:ASP:39,10.946379525593008,1.6034413617371894,0.056654814805197726,-3.3139225967540575,0.6903083220756069,0.024390845265029694,-5.971339575530586,1.3192865546490353,0.046614698368295744,-7.176499375780275,0.8259559348441231,0.029183717997114722,0.0,0.0,0.0,-5.51538202247191,2.3388608337475754,0.08263958418007791
L:B:ALA:40,12.74017852684145,1.6037340679294463,0.05666515706997296,-3.02823595505618,0.8238400693888982,0.029108957567217486,-8.144787765293383,1.2399520851360883,0.04381155271845731,0.22227840199750315,0.41785701865039787,0.014764251797173326,0.0,0.0,0.0,1.7894332084893882,2.2277255401051916,0.07871281165825088
L:B:THR:42,10.999109862671661,1.7258528711188477,0.06098001281962894,-0.7404706616729089,0.817863668788864,0.028897791835013984,-11.414033707865167,1.3562589077426626,0.04792105223156545,-4.342143570536829,0.9672293057746434,0.03417536712003818,0.0,0.0,0.0,-5.497538077403246,2.534253315723306,0.08954343806885975
L:B:GLY:43,10.928113607990012,1.7636409099510664,0.06231518752135393,-3.0782858926342076,0.7148888405516636,0.02525935518083227,-3.723566791510612,1.9002785283319044,0.06714304038178082,-4.467093632958801,0.7642262101933412,0.027002605421674552,0.0,0.0,0.0,-0.340832709113608,2.7958175010511814,0.09878535413329771
L:B:TRP:44,12.9480049937578,1.756536235902915,0.06206415620704805,-2.7597865168539326,0.6979243423419444,0.024659944109576473,-5.208338327091137,2.0467484372011175,0.0723183001446505,-3.1125617977528095,1.1487424058921545,0.04058881716396964,0.0,0.0,0.0,1.867318352059925,3.0135205683641066,0.10647751379405047
L:B:VAL:45,12.133034956304622,1.768181079771795,0.06247560653418197,-1.3400898876404492,0.7421388275524406,0.026222186129199757,-7.431519350811485,1.414962008529064,0.04999522431101163,-8.598096129837703,1.2662188433672832,0.04473964298644751,0.0,0.0,0.0,-5.236670411985019,2.6986407717780527,0.0953517832327821
L:B:GLU:46,11.753789013732833,1.588824446022531,0.05613835148287207,-1.7072734082397005,0.7119425564256796,0.025155253349917625,-2.117953807740325,2.4693511794708676,0.08725023384101081,-5.81276529338327,1.9270233667560743,0.06808802278280524,0.0,0.0,0.0,2.115796504369538,3.5836210217469726,0.1266210228599339
L:B:TYR:47,12.902866416978776,1.5906698754196489,0.05620355652449362,-0.005642946317103622,0.7130004245066234,0.025192631280688518,6.2264531835206,1.29340335465032,0.045700160464081784,-6.173591760299626,1.0270533377988058,0.03628914535733967,0.0,0.0,0.0,12.950084893882646,2.401318607436039,0.08484642110340086
L:B:SER:69,12.765918851435705,1.7326959695811974,0.061221801815054454,-2.499499375780275,0.7071310168337966,0.024985245957685538,-7.688993757802747,1.14178324124962,0.040342927171712915,-2.8260786516853935,0.6168286901684382,0.021794570130188148,0.0,0.0,0.0,-0.24865293383270917,2.277370457563882,0.08046692856689429
L:B:GLN:72,12.665506866416978,1.6587822768413096,0.058610189894797035,-1.950174781523096,0.8968247326884897,0.031687743846235655,-9.202893882646691,1.3216769329458617,0.046699158232530714,-1.2420411985018727,0.7812753535585033,0.027605007282441096,0.0,0.0,0.0,0.27039700374531833,2.431681380502751,0.08591923693946182
L:B:VAL:73,13.2173645443196,1.8419548982351353,0.0650822762398858,-2.511048689138577,0.8300201215173942,0.02932731897236864,-8.188883895131086,1.1553333820690697,0.04082169785645973,-5.366786516853933,0.5058534752721596,0.017873453712744628,0.0,0.0,0.0,-2.8493545568039953,2.3816830627571406,0.08415263324565411
L:B:GLU:76,12.810915106117353,1.5869154984701972,0.05607090213758817,-1.6821573033707864,0.8276582024601669,0.02924386466592172,-8.60367166042447,1.6169124901513239,0.05713079372387359,-9.136747815230962,1.0022568609414533,0.03541300492732565,0.0,0.0,0.0,-6.6116616729088635,2.611942517647752,0.09228845104683639
L:B:GLU:80,11.456377028714108,1.7737675238417987,0.06267299382988124,0.025349563046192264,0.747046288697102,0.026395582742851576,1.9033682896379525,1.4899797317218844,0.05264584522925475,-13.581335830212236,1.0288619864166546,0.036353050814026205,0.0,0.0,0.0,-0.19624094881398255,2.642522653474748,0.09336894701840047
L:B:GLY:81,10.316288389513106,1.7229252526429533,0.060876570507031755,-0.7292846441947566,0.6221978613376039,0.021984280465411708,-1.630052434456929,1.7369730353664685,0.06137292450388896,-10.467357053682896,1.4095615639623755,0.04980440898461891,0.0,0.0,0.0,-2.5104057428214728,2.891287037469323,0.10215860434024504
L:B:ALA:82,10.910460674157305,1.684580334277873,0.05952171943449835,-1.3107515605493134,0.7269627627173998,0.025685966244133676,-9.239740324594257,1.9344675369904265,0.06835104960503256,-0.1675717852684145,1.535919314279875,0.05426904056658299,0.0,0.0,0.0,0.19239700374531835,3.0769300532610804,0.10871797777948672

Receptor:
Total Energy Decomposition:
Residue,Internal,,,van der Waals,,,Electrostatic,,,Polar Solvation,,,Non-Polar Solv.,,,TOTAL,,
,Avg.,Std. Dev.,Std. Err. of Mean,Avg.,Std. Dev.,Std. Err. of Mean,Avg.,Std. Dev.,Std. Err. of Mean,Avg.,Std. Dev.,Std. Err. of Mean,Avg.,Std. Dev.,Std. Err. of Mean,Avg.,Std. Dev.,Std. Err. of Mean
R:A:LYS:27,25.791260923845197,3.149672011631937,0.11128818850150735,-4.270797752808988,1.232683367167064,0.04355472519720631,32.1108277153558,9.637972237805522,0.3405410046544669,-67.17158426966292,8.36164695161921,0.2954442680692669,0.0,0.0,0.0,-13.54029338327091,13.200287522049688,0.46640922629490256
R:A:SER:28,17.106960049937577,2.1426083071701543,0.07570534210947931,-2.32249063670412,0.7743345515522084,0.02735976610203388,-15.605081148564292,2.260321977143131,0.07986455013011677,-8.363043695380775,1.553075347671161,0.054875219200719035,0.0,0.0,0.0,-9.18365543071161,3.5653138475570763,0.12597417066559397
R:A:GLN:31,28.361026217228467,2.9326034166866726,0.10361844681957603,-3.456455680399501,1.2110710381812522,0.04279109110030763,-70.14370786516854,2.7664154444942177,0.0977464835460241,-14.878429463171036,2.2468802786525117,0.07938961106665873,0.0,0.0,0.0,-60.11756679151061,4.771622497350088,0.16859699104605821
R:A:TRP:35,26.528745318352062,3.3948572522055493,0.11995138300873663,-10.277720349563046,1.2705146063668997,0.044891426308867624,3.575506866416979,1.6327306463592954,0.05768970079207557,-4.947860174781523,1.3733980477914525,0.04852663396879377,0.0,0.0,0.0,14.878671660424468,4.206102077824843,0.1486153095194893
R:A:VAL:36,19.6716404494382,2.52571427418429,0.08924172587123833,-1.953470661672909,1.3211728340300382,0.04668134677312783,-26.877621722846445,1.685557839097001,0.059556257869030745,-3.215878901373283,0.7239097439736645,0.025578093130934374,0.0,0.0,0.0,-12.375330836454431,3.3896726683499403,0.11976819474554794
R:A:ALA:37,16.126675405742823,2.024223160314451,0.07152240861976975,-2.5261173533083645,0.7894333268168534,0.02789325509440775,-1.3940624219725344,1.1134058269244598,0.03934026053755518,-5.957081148564294,0.8724993213890764,0.030828247699313624,0.0,0.0,0.0,6.249414481897628,2.5926071784009794,0.09160527042647697
R:A:SER:38,16.09510736579276,2.1130119608097395,0.07465960662954686,-0.48259425717852683,0.8869095870760556,0.03133740940193117,-0.6155680399500624,2.0370085280866905,0.07197415737755893,-10.906230961298379,1.6578851140913813,0.05857849020769888,0.0,0.0,0.0,4.090714107365793,3.4856010897973015,0.12315765885776658
R:A:LYS:39,24.068885143570533,3.161918725514314,0.11172090485991948,-1.5077390761548066,1.1673207190003037,0.041245249580927394,31.60049438202247,4.070393110338366,0.14382026892503874,-67.49561797752808,4.104138438938061,0.14501260148423187,0.0,0.0,0.0,-13.333977528089887,6.691219626228422,0.23642262061530253
R:A:GLY:40,11.007875156054933,1.7627689819683605,0.062284379460914384,-2.468896379525593,0.7950161913877383,0.02809051591472444,-9.27731086142322,1.9170167846952666,0.06773445759045305,-4.68874656679151,1.5252716233625505,0.05389282290660542,0.0,0.0,0.0,-5.4270786516853935,3.1210274119585755,0.11027608133726088
R:A:ILE:51,20.154518102372034,2.6726351386326708,0.09443291936603783,-6.271459425717853,1.3956898011871217,0.04931427434682824,-8.640902621722846,1.0520593386024821,0.03717268895198415,-1.976434456928839,0.608936342465095,0.02151570773572758,0.0,0.0,0.0,3.2657215980024965,3.250932316506649,0.11486604545137376
R:A:ASP:54,12.39807365792759,2.6161773021380736,0.09243807979957054,-3.460810237203496,1.5851362544789296,0.05600803564229624,-71.64053183520599,9.051279588216667,0.31981123916181686,1.4425118601747815,9.764796219259626,0.3450221097036441,0.0,0.0,0.0,-61.26075655430712,13.661403588549044,0.4827019613924422
R:A:ILE:55,21.735642946317103,2.902475529544358,0.10255393026957856,-1.4213108614232213,1.4689031932892356,0.05190114236070541,-8.548791510611736,1.7774612694858325,0.06280350591494653,-4.493410736579276,1.187180673863119,0.0419469665826476,0.0,0.0,0.0,7.272129837702871,3.8924037955709827,0.13753132571446502
R:A:PHE:56,22.418319600499377,2.93583093240198,0.10373248548010645,-6.334985018726591,1.1854788693132812,0.04188683627548049,-6.052710362047441,1.1327486246721392,0.04002370469108625,-3.2413620474406994,0.8101067599734059,0.02862371493835438,0.0,0.0,0.0,6.789262172284645,3.4588807181641585,0.12221354094829613
R:A:SER:57,17.11811235955056,2.19199585938252,0.07745036546427302,-1.7300574282147316,0.8849082584739976,0.031266695932751914,-3.601088639200999,2.857649881865187,0.10097009388591745,-12.125189762796504,2.389568065471387,0.08443123611768563,0.0,0.0,0.0,-0.33822347066167285,4.41181446349576,0.15588379927623006
R:A:ASN:58,24.87461797752809,2.6809976288722974,0.09472839343022377,-4.449975031210986,1.1553650489695042,0.04082281675137062,-80.94931460674157,1.9204219355094585,0.06785477267859122,-9.615757802746566,0.9691543200889022,0.03424338415644139,0.0,0.0,0.0,-70.14042946317103,3.626278697084942,0.1281282577074088
R:A:ARG:59,31.0503670411985,4.010058350902179,0.141688445021937,-1.0634706616729088,1.1755268978595077,0.04153520065405104,-125.11035830212235,4.182718199423596,0.1477890808017677,-76.76668039950061,3.3435305404070337,0.1181378428189325,0.0,0.0,0.0,-171.8901423220974,6.792404542991783,0.23999781385722863
R:A:GLU:60,18.71020224719101,2.8451608098668943,0.1005288142245362,0.16418851435705367,1.201851442382115,0.04246533270025426,-48.88767540574282,7.957820964552861,0.28117577839653995,-30.050054931335833,7.5389500816798884,0.2663757034684819,0.0,0.0,0.0,-60.063339575530584,11.388681651600267,0.4023992802254538
R:A:GLY:61,10.379573033707866,1.6620840579532319,0.058726852594093125,-1.3603046192259676,0.6021721000209006,0.021276704980704414,-0.5848414481897628,1.4573117671235123,0.051491579455308176,-5.868240948813981,0.9520013654776234,0.03363731430564802,0.0,0.0,0.0,2.566186017478153,2.4809673194570254,0.08766066996631695
R:A:LYS:62,25.21918352059925,3.1805354557521395,0.11237869467941099,-2.6955118601747814,1.2752556572830287,0.04505894310620425,2.2521560549313357,9.857537233709744,0.34829895232720287,-37.38315855181024,8.39713323196885,0.29669811413393116,0.0,0.0,0.0,-12.607330836454432,13.394960604874447,0.4732876614645208
R:A:GLU:73,18.885139825218477,2.6878378922018387,0.09497008225115706,-5.0218701622971285,1.4508209103740632,0.051262236308846805,-88.39837328339574,4.285206251274888,0.15141031805804606,13.422099875156054,4.208277516151507,0.14869217485330094,0.0,0.0,0.0,-61.11300374531836,6.7380966242438465,0.23807893789921628
R:A:ASP:75,11.625289637952559,2.550219152122064,0.09010756316003349,-5.2610961298377035,1.3471397042508404,0.04759884101927619,-85.85244943820226,4.982196241469937,0.17603724845779292,19.949109862671662,4.205765688804917,0.14860342379789,0.0,0.0,0.0,-59.53914606741573,7.1294563273972775,0.2519069530879681
R:A:PHE:82,21.46057927590512,2.697410281406442,0.0953083059932729,-0.658310861423221,1.224789860238157,0.043275821843524416,4.253058676654182,2.304430237478126,0.0814230388783122,-7.295787765293382,1.7956962608063154,0.0634478076530014,0.0,0.0,0.0,17.759539325842695,4.160655742603161,0.14700954221985463
R:A:ARG:83,29.752596754057432,3.9139398803131953,0.13829226585347779,-3.9203295880149813,1.4875194288384908,0.05255891470123572,-141.92547565543072,6.370249039573443,0.22508168256868,-59.90798002496879,4.921178635819213,0.17388129737003188,0.0,0.0,0.0,-176.00118851435704,9.073572142751049,0.32059890784669587
R:A:ASN:84,24.22058551810237,2.9994323184061242,0.10597972995776843,-2.074749063670412,1.623640333721,0.057368510387902624,-102.91003620474405,4.640206361369337,0.1639536301947841,-1.3569300873907617,3.9929452582413374,0.14108378362390883,0.0,0.0,0.0,-82.12112983770287,7.007704979334476,0.24760508072681858
R:A:SER:85,17.460539325842696,2.387770082902255,0.08436770752730002,-3.2170137328339576,1.2044579848482024,0.042557430349860904,-19.50206866416979,3.598937042965645,0.12716218786066474,-1.421871410736579,1.6185844572149177,0.057189869775301924,0.0,0.0,0.0,-6.680414481897628,4.767004142061935,0.16843380948557293
R:A:ARG:87,29.280488139825216,3.7774687794470307,0.13347029660013549,-10.76269288389513,1.4764956463936911,0.05216940850053109,-161.371379525593,5.577090082072446,0.19705678878670962,-35.49778526841448,4.005024864607591,0.14151059552856018,0.0,0.0,0.0,-178.35136953807742,7.97455125528656,0.281766914153527
R:A:THR:100,18.73070911360799,2.4442869743573628,0.08636463369819881,-2.3742322097378277,1.1541147959836362,0.040778641234220904,-32.969941323345815,2.715075681791472,0.09593248222519275,-6.985711610486891,2.1193530843413972,0.07488365921289404,0.0,0.0,0.0,-23.59917602996255,4.378334526881682,0.1547008438817744
R:A:ASP:101,9.92688888888889,2.58032900163778,0.09117144238183247,-1.3814232209737827,1.4997513458190344,0.052991108236828725,-55.98664419475655,6.395155969532805,0.2259617256671597,-12.584377028714107,4.958388130643267,0.17519603022435204,0.0,0.0,0.0,-60.025555555555556,8.625020845466643,0.30475012704017684
R:A:HIS:102,40.485588014981275,2.7336665312682085,0.09658935759295469,-5.3524619225967545,1.0340663517569866,0.03653693802161056,-4.164556803995006,1.4948695957161369,0.05281862007816898,-20.067700374531835,0.9790744324014042,0.034593894090463956,0.0,0.0,0.0,10.900868913857677,3.4257039825984124,0.12104129863612205
R:A:TYR:103,25.247852684144817,3.1377707905220853,0.11086767952997635,-2.6851385767790266,1.4877979822467498,0.052568756901976495,-39.1054581772784,3.421402227093699,0.12088930357894533,0.5051423220973783,2.1256864922631142,0.07510743917856856,0.0,0.0,0.0,-16.03760174781523,5.3182407460346015,0.18791079720533732
R:A:GLN:104,27.754,2.8550245036346986,0.10087733070729969,-2.171614232209738,1.0810102443139942,0.038195618907933035,-80.12110486891386,4.1189333136063695,0.14553535267701076,-8.17758302122347,2.769920934509155,0.09787034394549798,0.0,0.0,0.0,-62.71630212234707,5.827334012225039,0.20589872330158324
R:A:PHE:106,21.3167240948814,3.011414196967778,0.10640308882022999,-5.158378277153558,1.0728021683246522,0.03790560080301192,-1.0595917602996254,1.081799036530226,0.03822348951049874,-6.285641697877652,0.8781380243002583,0.03102748147037491,0.0,0.0,0.0,8.813112359550562,3.487253289226472,0.12321603645417553

Sidechain Energy Decomposition:
Residue,Internal,,,van der Waals,,,Electrostatic,,,Polar Solvation,,,Non-Polar Solv.,,,TOTAL,,
,Avg.,Std. Dev.,Std. Err. of Mean,Avg.,Std. Dev.,Std. Err. of Mean,Avg.,Std. Dev.,Std. Err. of Mean,Avg.,Std. Dev.,Std. Err. of Mean,Avg.,Std. Dev.,Std. Err. of Mean,Avg.,Std. Dev.,Std. Err. of Mean
R:A:LYS:27,12.538455680399501,2.5538918597518347,0.09023733190341483,-2.270777777777778,0.86194253977757,0.030455242161717393,40.12420474406991,9.602385506932524,0.33928360934507573,-65.53609987515605,8.376018351712656,0.29595205652365936,0.0,0.0,0.0,-15.14421722846442,13.024162139084412,0.46018614187628587
R:A:SER:28,4.123204744069913,1.0929400261000835,0.038617137021339475,-0.8393420724094881,0.29924246485790074,0.010573212611908415,0.9592484394506866,1.7912334201588076,0.06329012093216259,-6.2190961298377045,1.281233116619922,0.04527014624703529,0.0,0.0,0.0,-1.975985018726592,2.476719487152976,0.08751058019175312
R:A:GLN:31,15.425280898876403,2.315382007886417,0.0818100006588157,-1.7604893882646693,0.8008953947975918,0.0282982473530768,-62.3700786516854,2.4982476160535576,0.08827123922492379,-11.132468164794007,1.9877788209447516,0.07023471120409928,0.0,0.0,0.0,-59.83775530586767,4.024292865580972,0.14219139686801832
R:A:TRP:35,15.430694132334583,2.8009182777403208,0.09896558121586016,-8.205077403245943,0.8989031721271058,0.031761181892857475,10.031721598002497,0.7098857629224178,0.025082580124815346,-2.026757802746567,0.7390957587426861,0.02611466457963131,0.0,0.0,0.0,15.23058052434457,3.1150233463701915,0.11006393811075733
R:A:VAL:36,6.844219725343321,1.7399984456664819,0.06147982212069441,-0.8546329588014981,0.7402783514093889,0.026156449436951848,-12.182478152309614,0.5454868444451738,0.01927382995610811,-3.038438202247191,0.3920184860080567,0.013851292136394768,0.0,0.0,0.0,-9.231329588014981,2.006699035561132,0.07090322411685357
R:A:ALA:37,2.9928951310861427,0.9174305262664891,0.032415813763186585,-0.8299176029962545,0.2986654305456081,0.010552824106984379,2.14949063670412,0.14559841723330322,0.005144467119986096,-0.13156304619225967,0.06593750177277019,0.002329787069735067,0.0,0.0,0.0,4.180905118601747,0.9779705840000904,0.03455489152495592
R:A:SER:38,4.006147315855181,1.109050994380214,0.03918639009539908,-0.5353445692883896,0.3763693846893384,0.013298358328999895,1.0195006242197253,1.4002066336940449,0.04947386877621765,-6.186706616729088,1.1872800870318412,0.041950479174250606,0.0,0.0,0.0,-1.6964032459425717,2.1775813748216892,0.07694105469507752
R:A:LYS:39,12.823627965043693,2.5071512090290464,0.08858583221420571,-1.287769038701623,0.7511637116422023,0.026541064729281437,34.85453308364544,3.83572078842532,0.13552853013423877,-62.663029962546815,3.9146622492807337,0.13831778950595022,0.0,0.0,0.0,-16.2726379525593,6.073498876210134,0.21459653110012505
R:A:GLY:40,0.6527840199750313,0.2113912526978662,0.00746914265705423,-0.04944444444444445,0.17267916667614325,0.006101318353265891,-0.4165805243445693,0.6127989174099048,0.021652185110823053,-1.072250936329588,0.5310215869388017,0.018762725213091427,0.0,0.0,0.0,-0.8854918851435706,0.8555762942572072,0.030230301936544576
R:A:ILE:51,10.128996254681647,2.062116004427566,0.07286128643401352,-4.391268414481898,1.0032507197133482,0.0354481212003668,0.4734519350811486,0.41058116357733726,0.014507172098750734,-2.38323595505618,0.3016566708557566,0.010658514386562611,0.0,0.0,0.0,3.827943820224719,2.3491292134060995,0.08300239953571578
R:A:ASP:54,3.043143570536829,1.6862346349356796,0.059580171274170625,-1.8511810237203496,1.1427221932411191,0.04037610340906014,-59.716368289637956,8.819146395712396,0.31160921609736236,-1.6247353308364545,9.806691584707133,0.34650240965552576,0.0,0.0,0.0,-60.14914107365793,13.345326681709786,0.4715339330201561
R:A:ILE:55,10.43069163545568,2.260104971663656,0.07985688261851032,-0.8568102372034956,1.0055345626825227,0.03552881682388655,0.9574182272159801,0.7270414118873177,0.02568874517591292,-2.8356941323345812,0.6737125476284285,0.023804462407327268,0.0,0.0,0.0,7.695605493133583,2.664892502732333,0.0941593467780372
R:A:PHE:56,10.47252933832709,2.3319159589062024,0.08239419909311908,-4.274680399500624,0.7952995511175839,0.028100527938488287,-0.290227215980025,0.4575974093808055,0.016168409461335208,-0.09448813982521848,0.2965084166094786,0.010476609767002995,0.0,0.0,0.0,5.813133583021223,2.523419514389462,0.08916064452065028
R:A:SER:57,4.388970037453183,1.105858074754283,0.03907357382758182,-1.0867315855181023,0.4493291091207301,0.015876263436437343,3.2514044943820224,2.4381140812804687,0.08614652524569837,-7.463414481897628,2.112297620824617,0.07463436666721907,0.0,0.0,0.0,-0.9097715355805245,3.4396250147482528,0.12153317412166642
R:A:ASN:58,11.826358302122348,1.9534765220131372,0.06902269906587076,-3.420787765293383,0.708725153512346,0.025041572007675626,-83.6973895131086,1.66173849689108,0.058714642794316665,-2.907210986267166,0.7611909301476057,0.026895359074551047,0.0,0.0,0.0,-78.19902996254682,2.7675166358066297,0.09778539222791204
R:A:ARG:59,17.57669288389513,3.4344972287140143,0.12135199271081912,-1.0476429463171038,0.8791367161290959,0.031062768511086494,-119.23253183520599,4.183189411768171,0.14780573027131044,-69.8224382022472,3.383589288521439,0.1195532490881651,0.0,0.0,0.0,-172.52592009987515,6.443322334620304,0.22766360049650508
R:A:GLU:60,8.045711610486892,1.9897504189132793,0.07030437419299476,-0.4530024968789014,0.820863333161554,0.029003779764206723,-37.27994382022472,7.792256987509502,0.2753258629074939,-25.169536828963793,7.401714294562544,0.2615267153549689,0.0,0.0,0.0,-54.85677153558052,10.960728388160016,0.38727829515917145
R:A:GLY:61,0.6509975031210987,0.21843760267163628,0.007718113191520202,-0.007827715355805244,0.09146053244244512,0.0032315990164414913,-0.10164044943820225,0.2719573533832533,0.00960914060127963,-1.4247390761548064,0.2462415064206075,0.008700515825847214,0.0,0.0,0.0,-0.8832097378277153,0.4366642838601538,0.015428773838875282
R:A:LYS:62,12.74247440699126,2.557369841560568,0.09036022034821342,-2.072696629213483,1.0022273915736877,0.03541196367841377,5.947722846441948,9.913367309916104,0.3502716110745141,-33.46333083645444,8.456698233229123,0.2988027399692133,0.0,0.0,0.0,-16.845830212234706,13.316726199789418,0.47052338468006444
R:A:GLU:73,7.458947565543071,2.0001864862488388,0.07067311450137131,-2.7006878901373286,1.1441944235430812,0.04042812210902551,-68.09049313358302,4.120972960974621,0.145607420073221,10.574071161048689,4.039607946722769,0.14273252865276598,0.0,0.0,0.0,-52.75816229712859,6.213757105564172,0.2195523119590826
R:A:ASP:75,2.5944382022471904,1.6948755743337542,0.05988548385561138,-3.2874744069912607,0.9428849238809986,0.03331520068012722,-74.70856304619225,4.507284398672837,0.1592570635726316,17.93712234706617,4.041833965572549,0.1428111811614867,0.0,0.0,0.0,-57.464476903870164,6.357174659228007,0.22461972205372804
R:A:PHE:82,10.467667915106118,2.2353215650009006,0.07898120400111512,0.17933583021223473,0.8109379232917894,0.028653082650201896,2.2619063670411985,0.6242929883498466,0.022058308138455753,-2.7713632958801497,0.45663754968945625,0.016134494486737417,0.0,0.0,0.0,10.1375468164794,2.500508428596082,0.08835112110832939
R:A:ARG:83,17.87809238451935,3.4312552576499598,0.12123744329565446,-3.3979538077403246,1.2654747730050637,0.044713352552896574,-140.2560424469413,6.040957269529446,0.21344672996367403,-53.849345817727844,4.758355472010587,0.16812822375492947,0.0,0.0,0.0,-179.62524968789012,8.515283352570039,0.30087274337925635
R:A:ASN:84,12.23718352059925,2.1940862447648355,0.07752422560006136,-2.214123595505618,1.2397743989350392,0.04380527448524336,-83.26705742821473,4.332378558509181,0.15307706958015807,-3.1915118601747814,4.131950547684594,0.14599529402789294,0.0,0.0,0.0,-76.43550936329588,6.49565811234413,0.2295127942776964
R:A:SER:85,4.105515605493133,1.0931207647422931,0.03862352310725872,-0.7865830212234707,0.8213145143591396,0.02901972146797137,-3.500601747815231,3.2534899145635494,0.11495641373531452,-3.607789013732834,1.3116447458268121,0.04634468832993006,0.0,0.0,0.0,-3.7894581772784015,3.764980624283421,0.13302904933351492
R:A:ARG:87,17.11216729088639,3.3520020528448264,0.11843716899308275,-7.336259675405744,1.255149815225684,0.04434853810765332,-151.07891011235955,5.556853017903379,0.1963417472828175,-36.55211360799001,4.058151922925036,0.14338774783480904,0.0,0.0,0.0,-177.85511610486893,7.756193094106093,0.27405160788908095
R:A:THR:100,6.95103870162297,1.5117971471010367,0.05341672569755874,-1.3337078651685392,0.644578151436213,0.02277504913402681,-22.003518102372034,2.373685966729505,0.08387006975113741,-2.947878901373284,2.090135056252364,0.073851290951816,0.0,0.0,0.0,-19.334066167290885,3.5642756949084924,0.12593748934537324
R:A:ASP:101,1.6210986267166043,1.754022829498695,0.061975349358379124,-1.461951310861423,1.0300894480760434,0.03639642103925091,-48.82779400749063,5.1149069978610635,0.18072635247208074,-9.43238077403246,4.210442030649879,0.14876865421261815,0.0,0.0,0.0,-58.10102746566791,6.930207503940367,0.24486684207269854
R:A:HIS:102,27.345922596754058,2.093377498759089,0.07396585702458836,-3.5831310861423216,0.5198422660461381,0.01836772333155362,0.42864169787765294,0.9105440583005747,0.03217249238169989,-14.763759051186018,0.638301511510511,0.02255327496686656,0.0,0.0,0.0,9.42767415730337,2.4267230240762805,0.08574404202944934
R:A:TYR:103,12.305599250936329,2.420241164395017,0.0855150167787614,-0.46322347066167285,1.2577592370463713,0.04444073749425234,-26.682539325842697,1.5559616376991932,0.05497720124441229,-0.017053682896379527,0.4641700938444009,0.016400643847913936,0.0,0.0,0.0,-14.85721722846442,3.1742709534976203,0.11215734937577482
R:A:GLN:104,15.302248439450688,2.2279490643098727,0.07872070949768728,-1.1519213483146067,0.6422410630575821,0.02269247217646893,-65.90706367041199,3.414880673197204,0.12065887580212425,-9.851935081148564,2.1691251573721706,0.07664226894276542,0.0,0.0,0.0,-61.60867166042447,4.662911598642762,0.16475588030727983
R:A:PHE:106,10.318149812734083,2.4202923622219283,0.08551682576502764,-4.268514357053683,0.7926952144282162,0.028008508226169872,3.1194756554307115,0.3980325298898797,0.014063787928561352,-1.287525593008739,0.24082029428394403,0.008508966713449613,0.0,0.0,0.0,7.881585518102372,2.5889389970790626,0.09147566161231994

Backbone Energy Decomposition:
Residue,Internal,,,van der Waals,,,Electrostatic,,,Polar Solvation,,,Non-Polar Solv.,,,TOTAL,,
,Avg.,Std. Dev.,Std. Err. of Mean,Avg.,Std. Dev.,Std. Err. of Mean,Avg.,Std. Dev.,Std. Err. of Mean,Avg.,Std. Dev.,Std. Err. of Mean,Avg.,Std. Dev.,Std. Err. of Mean,Avg.,Std. Dev.,Std. Err. of Mean
R:A:LYS:27,13.252806491885144,1.7186309328659102,0.060724838178373916,-2.000027465667915,0.8291738012948504,0.029297415717645207,-8.013337078651686,2.293232476711781,0.08102738545587407,-1.635474406991261,0.9832617010190194,0.034741843952386935,0.0,0.0,0.0,1.6039675405742821,3.1411686107392844,0.11098773560420548
R:A:SER:28,12.983761548064919,1.707643792676408,0.06033662666810042,-1.4831473158551813,0.6257609585930455,0.02211017631664586,-16.56434456928839,1.422479596820068,0.05026084523271913,-2.1439350811485642,1.0873310901724944,0.03841895501492828,0.0,0.0,0.0,-7.207665418227216,2.552128759093209,0.09017503580473546
R:A:GLN:31,12.935719101123595,1.6769251823391635,0.059251237940293064,-1.6959588014981273,0.797759460523342,0.028187444563658664,-7.773626716604244,1.1251533791342,0.03975533988547481,-3.745951310861423,0.7846176443444499,0.027723101320690034,0.0,0.0,0.0,-0.27981772784019976,2.3086994603913853,0.08157388445288985
R:A:TRP:35,11.098074906367042,1.6174756968327892,0.057150693653485546,-2.072635455680399,0.718445816643126,0.02538503475137172,-6.4562172284644195,1.4042451218715106,0.04961656173976913,-2.921083645443196,1.0407076768520882,0.036771597705651915,0.0,0.0,0.0,-0.3518614232209738,2.4874422309383446,0.08788944971443119
R:A:VAL:36,12.827445692883895,1.6191230567866908,0.057208900255443645,-1.0987915106117354,0.927515087441197,0.03277213421205275,-14.695174781523095,1.5877318881748657,0.056099747849461756,-0.1774307116104869,0.6488578310381201,0.022926264177531075,0.0,0.0,0.0,-3.1439513108614237,2.534512328649467,0.08955258984061393
R:A:ALA:37,13.133789013732832,1.6221010532317435,0.057314122586057725,-1.6961860174781522,0.6538815930137062,0.023103770078990334,-3.543539325842697,1.0820371012139745,0.03823190111250133,-5.825525593008738,0.8743551215372855,0.030893819173407527,0.0,0.0,0.0,2.068538077403246,2.234742520188779,0.07896074445867253
R:A:SER:38,12.088937578027464,1.6888974888041655,0.05967425858934935,0.05271410736579276,0.6613205224182288,0.0233666117256007,-1.6350461922596755,1.187228490961794,0.04194865611675505,-4.719501872659176,1.0841009520410074,0.03830482369587815,0.0,0.0,0.0,5.787103620474407,2.4237380066806256,0.08563857162574347
R:A:LYS:39,11.2452734082397,1.7996282120975078,0.06358673632076647,-0.22001498127340827,0.776617675248507,0.02744043631129617,-3.254026217228465,1.1368252442731805,0.04016774496224279,-4.832604244694132,0.8296512146736412,0.029314284289958706,0.0,0.0,0.0,2.938627965043696,2.4129835244592726,0.08525858068057011
R:A:GLY:40,10.35509238451935,1.6829886075484912,0.059465478535875214,-2.4194694132334584,0.7592455627759944,0.026826622898226328,-8.860729088639202,2.0070663494517107,0.07091620251503059,-3.6164906367041203,1.8472001812439642,0.06526760920219887,0.0,0.0,0.0,-4.541596754057429,3.293837931414082,0.11638204081278204
R:A:ILE:51,10.025529338327091,1.5373528213552754,0.054319691048612936,-1.8801735330836455,0.7292606031553355,0.025767156443893834,-9.114357053682896,0.9932953464587899,0.03509636538221667,0.4068152309612984,0.5657223070172386,0.019988814870352666,0.0,0.0,0.0,-0.5621860174781523,2.049866361155552,0.07242846657070788
R:A:ASP:54,9.35493008739076,1.7428992814344113,0.06158231811283614,-1.6096042446941325,0.7931608029635371,0.028024958988183052,-11.924118601747816,2.218644578894222,0.07839195167051596,3.0672659176029966,1.1103551199206587,0.039232469105670194,0.0,0.0,0.0,-1.1115268414481898,3.134018861521591,0.11073511163709442
R:A:ILE:55,11.30492883895131,1.6270637243899646,0.057489469949620495,-0.5645118601747815,0.8910317590731904,0.03148305918786399,-9.506192259675405,1.6164486691865194,0.05711440541589375,-1.6577478152309613,1.354788874771394,0.04786911117046266,0.0,0.0,0.0,-0.42352309612983763,2.8088490800009205,0.09924580233529301
R:A:PHE:56,11.945787765293382,1.569647977711152,0.05546078429100305,-2.0603533083645442,0.7887737690198622,0.027869950765522674,-5.762488139825218,1.0571314554156093,0.037351903387619456,-3.1468789013732836,0.7904025470188429,0.027927500806386694,0.0,0.0,0.0,0.9760674157303372,2.1973215360955956,0.07763853899845499
R:A:SER:57,12.72912858926342,1.752259879081677,0.061913058568225945,-0.6433420724094882,0.6874612164951333,0.024290247735714483,-6.8525106117353305,1.1498254539197017,0.04062708478440781,-4.661770287141073,0.7210011018922787,0.025475321316268833,0.0,0.0,0.0,0.5715056179775281,2.320551393836351,0.08199265193041119
R:A:ASN:58,13.048230961298376,1.7142713721632368,0.060570800674954156,-1.0291860174781522,0.7675552441279125,0.027120231052111712,2.7480774032459427,1.7053906531646559,0.06025701589790656,-6.708555555555556,1.0343752109973512,0.03654785102627745,0.0,0.0,0.0,8.058566791510613,2.7397366200483346,0.09680383363423416
R:A:ARG:59,13.473680399500624,1.811521710218952,0.06400697241391949,-0.01582022471910112,0.6111565059761315,0.021594153356226456,-5.877836454431959,1.1925756825129639,0.04213758984036265,-6.944244694132335,0.8174211725501555,0.028882156999182593,0.0,0.0,0.0,0.6357790262172285,2.3969850465211673,0.08469330225731278
R:A:GLU:60,10.664510611735333,1.790791259759136,0.0632744979626201,0.617247191011236,0.7186491203101633,0.025392218133240288,-11.6077265917603,1.3005246685041234,0.0459517797170115,-4.880550561797754,1.0012974231420055,0.035379104859545235,0.0,0.0,0.0,-5.206519350811487,2.5332490673305035,0.08950795469661407
R:A:GLY:61,9.728590511860174,1.5784107660640272,0.05577040219356945,-1.352461922596754,0.5916621153896157,0.020905352933102365,-0.4832272159800249,1.5320489828008887,0.05413228912782808,-4.44347315855181,1.057557134732968,0.03736694402675155,0.0,0.0,0.0,3.4494282147315856,2.51138324119199,0.08873536371823368
R:A:LYS:62,12.47670786516854,1.741310276831878,0.06152617339583595,-0.6227990012484395,0.6555240164393981,0.02316180225730054,-3.6955617977528084,0.8723022240177032,0.030821283606119944,-3.919861423220974,0.6182588814298492,0.021845103453691454,0.0,0.0,0.0,4.2384856429463165,2.1459329977476624,0.0758228142749405
R:A:GLU:73,11.42618352059925,1.6401607789488466,0.057952231618511915,-2.3211672908863923,0.8017718156827711,0.02832921416241958,-20.307898876404494,1.196077967934997,0.04226133701111373,2.848049937578028,0.7563987250214688,0.026726034832075685,0.0,0.0,0.0,-8.354832709113607,2.309914925234033,0.08161683079143749
R:A:ASP:75,9.030870162297129,1.738471796689909,0.06142588063140504,-1.9735967540574284,0.8688966461624249,0.03070095342922689,-11.143898876404494,1.2959867414324788,0.04579143994782594,2.011988764044944,0.6195251563491257,0.021889845078022732,0.0,0.0,0.0,-2.0746367041198504,2.416745460928133,0.08539150216996048
R:A:PHE:82,10.992900124843946,1.5292612448723888,0.05403378925135397,-0.837625468164794,0.8409838715518265,0.029714704032149236,1.9911710362047441,2.296279240210948,0.081135037550874,-4.524443196004993,1.7522737665361139,0.06191354925730134,0.0,0.0,0.0,7.622002496878902,3.3747971093375932,0.11924259271164803
R:A:ARG:83,11.874538077403248,1.7015572888832187,0.06012157063085271,-0.5223845193508115,0.6573552745766803,0.023226506582075993,-1.6694494382022473,1.5000150561883767,0.053000425984576674,-6.058624219725344,1.2003061271459425,0.04241073167111145,0.0,0.0,0.0,3.624079900124844,2.6491872587684893,0.0936044292678153
R:A:ASN:84,11.98341697877653,1.7980467536332438,0.06353085823345188,0.13935205992509364,0.9292466259202377,0.0328333151159505,-19.642976279650437,1.5168437928217475,0.05359504015639529,1.8346204744069912,0.7715002219958204,0.02725961999133352,0.0,0.0,0.0,-5.685586766541824,2.644333395091598,0.09343292642757048
R:A:SER:85,13.35501622971286,1.894461619419077,0.06693751001125457,-2.430446941323346,0.7059135782932174,0.02494222988195047,-16.00146941323346,1.274269701744807,0.0450241060801944,2.1859263420724098,0.8158359748720074,0.02882614679324166,0.0,0.0,0.0,-2.890973782771536,2.5252030449353655,0.08922366247390308
R:A:ARG:87,12.168308364544318,1.66417603821973,0.058800769082343225,-3.4264269662921345,0.7415019275674052,0.026199682374735966,-10.292489388264668,0.9317836855482784,0.0329229577101896,1.054307116104869,0.3233519212569674,0.011425078367612296,0.0,0.0,0.0,-0.49630087390761546,2.071734610514918,0.07320114316938717
R:A:THR:100,11.779701622971288,1.7672207927836308,0.06244167646179358,-1.0405255930087391,0.7593146358798522,0.02682906347634815,-10.966450686641698,2.0453649681808197,0.07226941767036482,-4.037817727840199,1.341827757043863,0.047411152593339466,0.0,0.0,0.0,-4.265092384519351,3.111855978245595,0.10995202466084827
R:A:ASP:101,8.305790262172284,1.6519809977520592,0.058369878514265804,0.08053807740324594,0.9074516974097763,0.03206322918208453,-7.158847690387017,2.260513483207539,0.07987131666419278,-3.152024968789014,1.4834044242950934,0.05241351816482846,0.0,0.0,0.0,-1.9245443196004992,3.295894369339999,0.1164547014741766
R:A:HIS:102,13.139662921348316,1.6464087050929055,0.058172991234083204,-1.7693183520599254,0.7491249292179584,0.026469027894365012,-4.593194756554308,1.160214468323352,0.04099416255918197,-5.303957553058676,0.6563309343058931,0.023190313298228005,0.0,0.0,0.0,1.473192259675406,2.2469351774395254,0.07939155081992037
R:A:TYR:103,12.942252184769037,1.7760394066168763,0.06275326686072141,-2.221925093632959,0.7330265169411329,0.025900218464868233,-12.422916354556806,3.256071128714886,0.11504761645292315,0.522196004993758,2.155552422808287,0.07616269994731191,0.0,0.0,0.0,-1.180393258426966,4.352016692422053,0.1537709489239889
R:A:GLN:104,12.451759051186018,1.6442335344246086,0.05809613535751498,-1.019720349563046,0.8234818887938055,0.029096301878168897,-14.214028714107364,2.6612483479492552,0.09403058689988794,1.674367041198502,1.9739165501430649,0.06974491194870389,0.0,0.0,0.0,-1.1076229712858925,3.789487518555668,0.13389495786598565
R:A:PHE:106,10.998565543071162,1.5627537504052673,0.055217188746719055,-0.8898589263420724,0.6684989549411421,0.02362024916746926,-4.179028714107366,0.9962232377836276,0.03519981733545724,-4.998102372034956,0.8365432482837066,0.029557802323812103,0.0,0.0,0.0,0.9315755305867666,2.140410120260199,0.07562767299399896

Ligand:
Total Energy Decomposition:
Residue,Internal,,,van der Waals,,,Electrostatic,,,Polar Solvation,,,Non-Polar Solv.,,,TOTAL,,
,Avg.,Std. Dev.,Std. Err. of Mean,Avg.,Std. Dev.,Std. Err. of Mean,Avg.,Std. Dev.,Std. Err. of Mean,Avg.,Std. Dev.,Std. Err. of Mean,Avg.,Std. Dev.,Std. Err. of Mean,Avg.,Std. Dev.,Std. Err. of Mean
L:B:ILE:13,23.461927590511863,2.879592736714454,0.10174540653996779,-3.2446004993757804,1.4825996418713832,0.05238508257606182,-11.11218102372035,1.4407374380790545,0.050905954333653074,-2.4013096129837703,0.5649622938993938,0.019961961127229585,0.0,0.0,0.0,6.7038364544319595,3.58957696482837,0.1268314657612579
L:B:HIS:17,39.78564794007491,2.806556694652453,0.09916480488164191,-11.808781523096128,1.0174250249313124,0.035948945649753636,-18.898122347066167,1.6230106355500566,0.05734626109702783,-1.6797465667915104,0.9810204040436091,0.03466265161764028,0.0,0.0,0.0,7.398997503121098,3.5367327744563153,0.12496430810242352
L:B:LEU:26,22.414118601747813,2.725648191181032,0.09630604347650212,-4.754560549313359,1.4467273677324333,0.05111759809145203,-19.418460674157302,2.3485332275407487,0.08298134141058959,-2.20474531835206,1.8043243651123286,0.063752666728763,0.0,0.0,0.0,-3.963647940074906,4.277075271027553,0.1511230239972278
L:B:PRO:27,27.665560549313355,2.35012533926467,0.08303759591232591,-4.306104868913858,1.0169849880437671,0.035933397710822886,-9.09043445692884,1.892589036065923,0.06687134553177196,-2.383339575530587,1.4305846938704465,0.050547224755740694,0.0,0.0,0.0,11.885681647940075,3.4908184429920732,0.12334200496862334
L:B:GLU:28,20.277364544319603,2.8207549749411953,0.099666476448502,-0.1076741573033708,1.2357251814375119,0.0436622024198079,21.32772534332085,10.530278533328667,0.37206909737349564,-95.46849063670412,10.163740798984326,0.35911812332858445,0.0,0.0,0.0,-53.971074906367036,14.955670107725545,0.5284326202754522
L:B:TYR:29,23.651543071161047,3.0592661435030584,0.10809385421628248,1.1025967540574282,1.2022918692089677,0.042480894417012985,-21.350288389513107,1.2081490089978968,0.04268784627565184,-11.853312109862673,1.098449306462107,0.03881179787147633,0.0,0.0,0.0,-8.449460674157303,3.670262930957366,0.12968236419602458
L:B:TYR:30,22.565671660424474,2.9540906344360502,0.10437766032829521,-7.179927590511861,1.1230532785301375,0.03968113647920459,-22.75928963795256,1.8006677658583334,0.06362346714685407,-5.113811485642947,1.401263949920297,0.04951122720816177,0.0,0.0,0.0,-12.487357053682896,3.897928321971499,0.13772652525688459
L:B:GLY:31,11.359558052434458,1.7639515471271985,0.062326163346292304,-1.5737478152309614,0.689787809616462,0.024372453861589347,-9.896303370786518,1.0423374980189493,0.03682918460504066,-4.030077403245943,0.5308079621063103,0.01875517715077284,0.0,0.0,0.0,-4.140570536828964,2.2261080017195414,0.07865565874959694
L:B:GLU:32,19.814857677902623,2.8483655351695423,0.10064204762542986,-3.4086429463171033,1.3731820149912535,0.04851900082511968,27.367596754057427,11.400588671462083,0.4028199940858111,-96.44731086142322,10.360578450535822,0.36607303977358496,0.0,0.0,0.0,-52.673499375780274,15.726214514428257,0.5556584681939734
L:B:ASN:33,22.600971285892633,2.6515888625604087,0.09368928576541695,-4.290193508114856,1.1184164941736836,0.03951730375960834,-86.07314107365794,1.9332751512163127,0.06830891872527554,-9.398489388264668,0.8323426636983621,0.029409381965303683,0.0,0.0,0.0,-77.16085268414481,3.5654068590578967,0.12597745706538352
L:B:LEU:34,22.666953807740324,2.897275952801227,0.1023702122587569,-4.2206916354556805,1.2406919099933886,0.04383769314446778,-29.97856179775281,1.0631242284335407,0.037563647610765014,-3.3948926342072414,0.6647420240289008,0.023487504540725724,0.0,0.0,0.0,-14.927192259675406,3.3919963805693767,0.11985029907975951
L:B:ASP:35,12.887345817727839,2.4582192709419908,0.08685690719297634,-2.7990586766541825,0.7792134500903743,0.027532153505607948,52.97495505617977,2.7064854772249363,0.09562896227088113,-128.99587390761548,2.7376586035413375,0.09673041053116632,0.0,0.0,0.0,-65.93263171036205,4.633557364790654,0.16371869945219833
L:B:ALA:36,15.255792759051188,1.98573220350013,0.07016239753234985,-4.088680399500624,0.8408583363448265,0.029710268463706363,-1.099716604244694,1.2557273576857373,0.044368944567095656,-3.519333333333333,0.5931236762942229,0.020956994648448492,0.0,0.0,0.0,6.548062421972534,2.5649214448086415,0.09062704312933366
L:B:LEU:37,23.431865168539325,2.6588489346381112,0.09394580779911889,-7.147890137328339,1.3570733676771247,0.047949829758361456,-32.02996754057428,1.0764183194497434,0.038033371220557895,-0.49338826466916347,0.41526560285071906,0.014672688622044175,0.0,0.0,0.0,-16.23938077403246,3.2003511841425674,0.1130788490155655
L:B:TRP:38,27.830605493133582,3.2867026202605025,0.1161299269895827,-7.107255930087391,1.116913988226732,0.03946421532232615,-6.183038701622971,1.7303028534896192,0.061137245215598386,-5.017443196004994,0.925386128987311,0.03269691116379472,0.0,0.0,0.0,9.522867665418227,3.987505288227244,0.14089157173450093
L:B:ASP:39,14.89119475655431,2.4204139939573954,0.08552112341108553,-3.887808988764045,0.8394049254876546,0.029658914716127013,61.52370411985019,3.6504232044560214,0.12898136192831353,-137.8708177278402,3.3679070717851025,0.11899914520502121,0.0,0.0,0.0,-65.34372784019975,5.5885053589388995,0.19746012776264718
L:B:ALA:40,15.645177278401999,1.9750785855907125,0.06978597045240384,-4.506977528089887,0.9084744504995004,0.03209936638564711,-4.382076154806492,1.2551972366184836,0.04435021366018113,-1.2459637952559302,0.5721822256182345,0.020217064871088312,0.0,0.0,0.0,5.510159800249688,2.5747182076098136,0.09097319472267258
L:B:THR:42,18.102338327091136,2.4682856933126547,0.08721258673871475,-1.2303058676654182,1.191790312886736,0.04210984016906855,-35.43131460674157,2.379316262826505,0.08406900648202502,-8.055990012484395,1.7760850710693818,0.06275488033481633,0.0,0.0,0.0,-26.61527215980025,4.040844277119426,0.1427762122394141
L:B:GLY:43,11.58643695380774,1.843644840651158,0.06514198741916304,-1.2031697877652934,0.636091477836215,0.022475187266550015,-5.947255930087391,1.527876973323082,0.05398487842110002,-5.059777777777778,0.9965712156292593,0.035212112528079195,0.0,0.0,0.0,-0.6237665418227215,2.67043084540064,0.09435503449427567
L:B:TRP:44,27.69219225967541,3.267367854958406,0.11544676664856128,-4.687425717852684,1.1106031292272922,0.03924123208364531,3.566265917602996,1.6210681541806977,0.05727762689257876,-9.01065418227216,1.0488063991661887,0.03705775198844214,0.0,0.0,0.0,17.56037827715356,3.9543632652673315,0.13972055593194663
L:B:VAL:45,19.455935081148564,2.7269059542228997,0.09635048434843313,-3.569983770287141,1.199908517522581,0.04239668282585034,-25.174736579275905,1.417020295770143,0.05006795031474456,-6.683749063670412,1.1570727047800684,0.04088315380266991,0.0,0.0,0.0,-15.972534332084894,3.4960778447241574,0.1235278367914937
L:B:GLU:46,19.543498127340825,2.768909540370639,0.09783460809074207,-1.8079450686641698,1.1345396111714787,0.04008698608750025,21.700951310861424,13.882893706259596,0.49052792989962696,-91.52911235955055,14.197833884209416,0.5016557939314815,0.0,0.0,0.0,-52.09260799001249,20.081515501450085,0.7095454619617315
L:B:TYR:47,24.353325842696623,3.017284928047489,0.10661052090351603,-3.3596779026217227,1.2167328486944988,0.04299114133834227,-15.207611735330836,1.615136198324521,0.057068031538184134,-5.187931335830212,1.0479118569585877,0.03702614489365436,0.0,0.0,0.0,0.5981048689138578,3.7803745001265887,0.1335729651921429
L:B:SER:69,16.813538077403248,2.209025913610351,0.07805209284353615,-3.888260923845194,0.9682136868503719,0.034210148515151195,-8.35396129837703,2.209683836870482,0.078075339418901,-7.529751560549314,1.6066892244987938,0.056769572393259464,0.0,0.0,0.0,-2.95843570536829,3.644363614330165,0.12876725683874302
L:B:GLN:72,27.835700374531836,2.893318915567101,0.10223039722278092,-3.4785505617977526,1.4290486372909532,0.05049295086514627,-83.28316354556806,6.013917311966922,0.21249132004061613,-2.8716866416978775,4.652884509109907,0.16440159051903117,0.0,0.0,0.0,-61.797700374531836,8.260145885225752,0.2918579042294185
L:B:VAL:73,20.56815730337079,2.682800411447922,0.09479209162049958,-5.102607990012485,1.3015442316350418,0.045987804208921707,-27.424088639201,1.3096513057699326,0.04627425358878966,-1.4834082397003745,0.49230077119619875,0.017394592459782227,0.0,0.0,0.0,-13.441947565543071,3.2937792923316604,0.11637996890268029
L:B:GLU:76,20.741102372034955,2.5981125622073216,0.09179979359858843,-3.5632496878901367,1.2005879417271987,0.04242068909973433,47.81304868913857,6.737210570113112,0.23804763071587798,-125.60809612983769,6.01469326426282,0.21251873696690407,0.0,0.0,0.0,-60.61719475655432,9.474077349321814,0.3347500635099132
L:B:GLU:80,19.65898377028714,2.882006947151928,0.10183070847148817,-1.2960461922596755,1.1420914239183628,0.040353816270896986,67.43131460674158,3.763584047460081,0.1329797037177814,-139.53168539325844,3.280905993886898,0.11592511326734237,0.0,0.0,0.0,-53.73743320848938,5.877009944439335,0.20765393606273302
L:B:GLY:81,10.94503745318352,1.7984359819351665,0.0635446109392811,-0.5334993757802746,0.653194218401708,0.02307948289127406,-8.249685393258426,1.542502188700617,0.05450163499759414,-5.540217228464419,1.2046755699012548,0.04256511833969279,0.0,0.0,0.0,-3.3783645443196,2.737077072158479,0.09670986313006676
L:B:ALA:82,13.870594257178528,2.078172694756247,0.07342862169095754,-2.7851123595505616,0.8212281201516973,0.029016668878746914,-7.762247191011236,1.9297504897342137,0.06818438093531672,0.3562397003745319,1.5276816106742988,0.05397797562131527,0.0,0.0,0.0,3.679474406991261,3.32429923905478,0.11745833819682741

Sidechain Energy Decomposition:
Residue,Internal,,,van der Waals,,,Electrostatic,,,Polar Solvation,,,Non-Polar Solv.,,,TOTAL,,
,Avg.,Std. Dev.,Std. Err. of Mean,Avg.,Std. Dev.,Std. Err. of Mean,Avg.,Std. Dev.,Std. Err. of Mean,Avg.,Std. Dev.,Std. Err. of Mean,Avg.,Std. Dev.,Std. Err. of Mean,Avg.,Std. Dev.,Std. Err. of Mean
L:B:ILE:13,10.876544319600498,2.167463030448355,0.07658354057558056,-1.9350149812734083,0.9661865628244645,0.034138523609485466,-6.184169787765293,0.39711066157830105,0.014031215313364072,4.41616354556804,0.3419809070597677,0.012083301216200193,0.0,0.0,0.0,7.173523096129838,2.4302387291942114,0.08586826336184047
L:B:HIS:17,27.083898876404497,2.0891666076734916,0.07381707250379933,-8.378840199750313,0.7219278510725758,0.025508066388482586,-7.279267166042446,1.279043792156963,0.04519279027072254,-1.9460087390761547,0.6736823259728008,0.023803394577630744,0.0,0.0,0.0,9.47978277153558,2.641135709378755,0.09331994175835247
L:B:LEU:26,9.442519350811486,2.040037422837962,0.07208117811139593,-4.278490636704119,0.9893008352096626,0.034955226267025456,-27.635027465667914,0.4808576859134796,0.016990270921768417,4.6483470661672905,0.2798679809946546,0.009888648884533138,0.0,0.0,0.0,-17.822651685393257,2.334527581763381,0.0824864762495186
L:B:PRO:27,13.04567540574282,1.5562140066404062,0.05498611826250113,-2.8706104868913864,0.6772446641878576,0.023929263609491606,-12.941670411985017,1.100016701149326,0.03886717903966251,12.448675405742822,1.03710666722756,0.0366443622867225,0.0,0.0,0.0,9.682069912609238,2.2729032869108203,0.0803090888528319
L:B:GLU:28,7.976570536828964,2.0315935358634447,0.07178282803499587,-0.028208489388264667,0.830753477905164,0.02935323084624614,19.52341822721598,10.862840886180248,0.3838196103399157,-81.85241947565544,10.313419945759904,0.3644067759373602,0.0,0.0,0.0,-54.38063920099875,15.138872703477004,0.5349057657123926
L:B:TYR:29,11.90300124843945,2.4555480332441024,0.08676252364975118,0.6585205992509362,0.8272983767253957,0.029231150848720747,-17.050710362047443,0.7417792750467505,0.02620948196607367,-5.49687141073658,0.707541688272379,0.02499975631949475,0.0,0.0,0.0,-9.986059925093633,2.786573250649203,0.09845872460568621
L:B:TYR:30,11.699430711610487,2.4080736278733346,0.08508509801483197,-6.03767290886392,0.8062630728858161,0.02848790493287928,-21.486789013732835,0.7034687298393751,0.02485584540935015,2.2735405742821473,0.323381372027598,0.011426118959426728,0.0,0.0,0.0,-13.551490636704118,2.6548677002055294,0.09380513779717406
L:B:GLY:31,0.6453620474406992,0.22434946045688103,0.007926998415495486,-0.13175031210986268,0.08064234986833596,0.0028493573299722425,-5.597157303370787,0.24711486808200173,0.008731374542832439,4.427022471910113,0.21202968838923003,0.0074917006730330984,0.0,0.0,0.0,-0.6565230961298377,0.40355695482199266,0.014258983885771154
L:B:GLU:32,7.857214731585518,2.089470224496843,0.07382780027676888,-1.8453583021223472,1.0215262223410864,0.0360938543350819,24.364942571785267,10.709935052355164,0.3784169483500759,-84.15481148564295,9.72778402287352,0.3437143480468557,0.0,0.0,0.0,-53.7780124843945,14.65407426156045,0.5177762550236614
L:B:ASN:33,11.506921348314604,1.9182011756768944,0.06777630598810717,-2.0767640449438205,0.7123452959974579,0.02516948345299361,-80.15065667915106,1.6100802085256811,0.056889386922580665,-7.113770287141075,0.6747356089525414,0.023840610501816472,0.0,0.0,0.0,-77.83426966292134,2.6897133659504657,0.09503634885774215
L:B:LEU:34,9.742375780274656,2.102707503744824,0.07429551654143263,-1.804729088639201,0.9069003720967133,0.03204374905998317,-28.941159800249686,0.44990806599476646,0.015896719871740465,5.197975031210985,0.26342296748960403,0.009307592902798818,0.0,0.0,0.0,-15.805538077403247,2.3485433908834064,0.08298170051464529
L:B:ASP:35,2.5524531835205995,1.5849985820141115,0.05600317122493483,-1.113358302122347,0.2864345287932433,0.010120666442715287,50.03639200998751,2.3116846667826008,0.08167936153442552,-112.72929712858927,2.3813499799369184,0.08414086434287738,0.0,0.0,0.0,-61.25381023720349,3.6890349645747595,0.1303456413906194
L:B:ALA:36,2.8974169787765294,0.8498504625229945,0.030027989619893287,-1.8076154806491886,0.3663753755580209,0.01294523737926787,2.7551335830212236,0.13136489243540378,0.004641550249626384,-0.5449038701622971,0.0460446995273063,0.0016269094628158173,0.0,0.0,0.0,3.300031210986267,0.9358704898568785,0.03306735784029349
L:B:LEU:37,10.186446941323345,2.0739381983151572,0.07327900311594254,-4.7481310861423225,0.9215960584368219,0.03256299560550829,-29.05087640449438,0.4583922492117252,0.016196493745859193,5.452118601747814,0.1805182500961336,0.006378298746811983,0.0,0.0,0.0,-18.16044194756554,2.3223413267890143,0.08205589610158374
L:B:TRP:38,15.094915106117353,2.7866318623678237,0.0984607955489356,-4.5870374531835205,0.6885027440466783,0.024327048302268017,7.885463171036204,0.9212954343519427,0.03255237357575326,-2.6483158551810244,0.6952810433193903,0.024566547730905462,0.0,0.0,0.0,15.745024968789012,3.093792845599137,0.10931379525046431
L:B:ASP:39,3.9448277153558053,1.6620541628450651,0.058725796302383816,-1.7000724094881399,0.33254533412942067,0.011749911639439751,57.55522721598002,2.596199101300086,0.09173218478175027,-121.14210861423223,2.5873553727034446,0.09141970699629055,0.0,0.0,0.0,-61.342126092384525,4.0382753791353325,0.14268544469217773
L:B:ALA:40,2.9050174781523093,0.8554382467201783,0.030225424266658217,-1.8598626716604245,0.3624405946311169,0.012806208731240946,2.599647940074907,0.14427746156791366,0.0050977934464895855,-0.4697478152309613,0.05091594329621753,0.0017990263984171539,0.0,0.0,0.0,3.17505493133583,0.9415658223334546,0.03326859251866356
L:B:THR:42,7.103192259675406,1.548642924258669,0.05471860722003464,-1.6775205992509363,0.760903352927965,0.026885198033112467,-26.96605992509363,0.9743461196891496,0.03442682737543072,0.8391985018726591,0.5720392780467243,0.020212014066996548,0.0,0.0,0.0,-20.701189762796503,2.062485906845179,0.07287435629329615
L:B:GLY:43,0.6583483146067416,0.22962554825142756,0.008113419811393711,-0.05381523096129837,0.11333929624202298,0.004004647124598572,-8.914593008739075,0.35851079713376044,0.012667356164039209,7.177923845193508,0.29203698984700105,0.010318619670708667,0.0,0.0,0.0,-1.132136079900125,0.5285728744296169,0.018676204210808726
L:B:TRP:44,14.744183520599252,2.741622048752405,0.09687045198187474,-3.4404656679151064,0.8746401145441891,0.030903888906178678,5.937439450686642,1.349348280898132,0.04767687723807488,-1.8475455680399502,0.9437238617966078,0.03334484309386065,0.0,0.0,0.0,15.393611735330836,3.315545550684269,0.11714904182632815
L:B:VAL:45,7.322902621722847,1.838193091925224,0.06494935934943578,-3.028483146067416,0.7989512476727804,0.02822955429205278,-22.595414481897627,0.6350535837016409,0.022438515080472694,7.456258426966292,0.518145448691314,0.018307769238257898,0.0,0.0,0.0,-10.844736579275908,2.165420213152941,0.07651136117550127
L:B:GLU:46,7.789727840199751,2.1235855231174376,0.07503320508388936,-0.6183046192259676,0.773373198695533,0.027325798369033413,20.820787765293385,14.809756146911615,0.523277003971249,-82.4393820224719,14.69847684216045,0.5193451430670885,0.0,0.0,0.0,-54.44717103620474,20.987658759112886,0.7415624596985524
L:B:TYR:47,11.45043695380774,2.4975751883688635,0.08824748016091602,-3.477746566791511,1.0196561129642885,0.03602777726925571,-22.759689138576782,1.0637540228915046,0.03758590030377439,2.311523096129838,0.6006532314055295,0.02122303839696103,0.0,0.0,0.0,-12.475475655430712,2.9614079988878546,0.10463620668850009
L:B:SER:69,4.047626716604245,1.0791988713765204,0.0381316171921456,-1.510212234706617,0.5846812078018918,0.020658694691652112,-4.320772784019975,1.931567145806719,0.06824856932150192,-1.0164519350811485,1.388094709249721,0.04904591496842496,0.0,0.0,0.0,-2.799810237203496,2.676617432384392,0.09457362679718408
L:B:GLN:72,15.170186017478152,2.249271693829675,0.07947410756725899,-1.674310861423221,0.9980021338506341,0.03526267153744986,-75.43458426966292,5.580691293116464,0.1971840313224468,-0.18942696629213476,4.310266260444592,0.1522957699444736,0.0,0.0,0.0,-62.12813607990013,7.468449769318045,0.2638846974137039
L:B:VAL:73,7.3508027465667904,1.7378445216892937,0.06140371695904393,-2.898133583021224,0.8481697654034775,0.02996860510710593,-23.706621722846442,0.4538471041937436,0.01603589894307979,8.196197253433208,0.30681548423399324,0.010840792094705254,0.0,0.0,0.0,-11.057755305867666,2.009877724604377,0.07101553757175487
L:B:GLU:76,7.9301622971285886,2.0597662282363474,0.07277826117464081,-1.9700636704119852,0.7987675632909763,0.028223064123542696,54.170827715355806,6.3815771948174485,0.22548194325344764,-114.13484019975031,5.813630653061749,0.20541453891284814,0.0,0.0,0.0,-54.003913857677894,8.91086389744463,0.31484989467721725
L:B:GLU:80,8.202621722846443,2.0585774006178656,0.07273625601613136,-1.424031210986267,0.6776091941522466,0.023942143642473313,63.47750312109862,3.1133290799965723,0.1100040741519506,-123.83139200998752,2.836410455715897,0.1002196356628908,0.0,0.0,0.0,-53.57529837702871,4.736553321559995,0.16735788264635593
L:B:GLY:81,0.6287752808988764,0.2291641369981233,0.008097116646383257,0.11975280898876405,0.16830618706532785,0.005946806716040046,-7.463480649188514,0.4122763729320182,0.014567069376155024,5.790126092384519,0.3799856168259441,0.013426131608946993,0.0,0.0,0.0,-0.9248264669163546,0.6286525677694615,0.022212346303206128
L:B:ALA:82,2.960149812734082,0.904537619254877,0.031960265293205656,-1.5255630461922598,0.37680176733645276,0.013313635818642987,2.1390337078651687,0.16754833498624724,0.005920029329467251,-0.13478027465667916,0.08592727907255909,0.0030360911217209166,0.0,0.0,0.0,3.4388401997503113,0.9978095100572215,0.03525586551036132

Backbone Energy Decomposition:
Residue,Internal,,,van der Waals,,,Electrostatic,,,Polar Solvation,,,Non-Polar Solv.,,,TOTAL,,
,Avg.,Std. Dev.,Std. Err. of Mean,Avg.,Std. Dev.,Std. Err. of Mean,Avg.,Std. Dev.,Std. Err. of Mean,Avg.,Std. Dev.,Std. Err. of Mean,Avg.,Std. Dev.,Std. Err. of Mean,Avg.,Std. Dev.,Std. Err. of Mean
L:B:ILE:13,12.585392009987515,1.8013286284300203,0.06364681757768618,-1.3096142322097377,0.8789301093237427,0.031055468418564183,-4.928012484394507,1.416985315947886,0.05006671436349671,-6.817479400749063,0.47614824734092337,0.01682387109167076,0.0,0.0,0.0,-0.4697141073657927,2.5003734728506433,0.0883463526815274
L:B:HIS:17,12.701769038701624,1.6034552159487516,0.05665530431969389,-3.4299550561797756,0.7029717873501505,0.024838286809848044,-11.618877652933833,1.1063933205636003,0.039092485808353776,0.26627215980024965,0.4604431435865449,0.016268958535506722,0.0,0.0,0.0,-2.080791510611735,2.121638996537142,0.07496442794893972
L:B:LEU:26,12.971573033707864,1.7096879726333694,0.06040885421545811,-0.4760586766541822,0.8965304424613375,0.03167734561233939,8.21656179775281,2.452080237191828,0.086639995100961,-6.853111111111111,1.9453139921947313,0.0687342902557708,0.0,0.0,0.0,13.85896504369538,3.677464318777608,0.12993681272344323
L:B:PRO:27,14.619883895131085,1.5893806503440888,0.056158003996262126,-1.4355205992509361,0.7199979573335156,0.025439876946081203,3.8512334581772785,1.9481697173551453,0.06883519234296812,-14.832024968789016,1.4734871102407796,0.05206310710239747,0.0,0.0,0.0,2.2035717852684145,3.001842337951476,0.10606488381139666
L:B:GLU:28,12.300800249687889,1.73716239412741,0.061379615166727575,-0.07946816479400749,0.7181557628211036,0.02537478620349067,1.804298377028714,1.9895936095584614,0.07029883360687235,-13.616096129837704,1.6226882019496445,0.057334868465931846,0.0,0.0,0.0,0.4095343320848939,3.181993182768636,0.11243020093098147
L:B:TYR:29,11.748571785268414,1.7732954482317755,0.06265631385835367,0.44405867665418225,0.7756334049209137,0.027405658829276102,-4.29956304619226,0.8989847228500669,0.03176406334597254,-6.3564444444444455,0.6564830308241199,0.02319568736445723,0.0,0.0,0.0,1.5366229712858923,2.232784679996389,0.07889156757689504
L:B:TYR:30,10.866218476903871,1.6057289230254204,0.05673564180906137,-1.1422696629213485,0.6739468686134455,0.023812741732239236,-1.27249063670412,1.6600934326020655,0.05865651730568902,-7.3873420724094885,1.3347985443121473,0.04716278757354838,0.0,0.0,0.0,1.0641161048689138,2.751393667729244,0.09721571516186407
L:B:GLY:31,10.7141797752809,1.6851990365827192,0.059543580205548084,-1.4419637952559299,0.6762314498161317,0.02389346343995756,-4.299114856429464,1.01858961598098,0.035990094451211034,-8.457088639200999,0.5506093466038889,0.019454824670393646,0.0,0.0,0.0,-3.483987515605493,2.153573826218083,0.07609278967427843
L:B:GLU:32,11.957649188514356,1.7331241289848167,0.061236930083725834,-1.5632933832709115,0.7395448629483357,0.026130532896494328,3.0026641697877654,1.6247161636917968,0.05740652297084569,-12.29250811485643,1.2280240211416635,0.04339009530023496,0.0,0.0,0.0,1.1045118601747816,2.7745975311466315,0.09803558336287699
L:B:ASN:33,11.09405493133583,1.638640345454605,0.05789850974249235,-2.21343695380774,0.8029384821237024,0.02837043629422164,-5.92247191011236,1.1145657118872931,0.039381243057610336,-2.2847166042446942,0.4732469281650778,0.016721358019150152,0.0,0.0,0.0,0.6734294631710362,2.1899935545474127,0.077379617501595
L:B:LEU:34,12.924583021223471,1.722853956004168,0.06087405136416629,-2.41594631710362,0.7312730068868212,0.025838261233530224,-1.037370786516854,1.000785728067515,0.035361025003072914,-8.592870162297128,0.617956703589911,0.021834426524700808,0.0,0.0,0.0,0.8783957553058677,2.2105267529111337,0.07810512239277148
L:B:ASP:35,10.334871410736579,1.694361005857789,0.059867302472489996,-1.6856903870162299,0.6775368154938431,0.023939586268324466,2.938563046192259,0.9804348910627327,0.03464196353369211,-16.266590511860176,0.707757577581535,0.025007384393162132,0.0,0.0,0.0,-4.678846441947566,2.1890839907957464,0.07734747964664511
L:B:ALA:36,12.358360799001247,1.6469744457277593,0.05819298069653582,-2.2810574282147313,0.7419335027781782,0.02621493133501872,-3.854852684144819,1.2409190618744066,0.04384571916154507,-2.9744681647940077,0.5837435042031548,0.020625562564094257,0.0,0.0,0.0,3.2479825218476903,2.2679565128651813,0.08013430318612363
L:B:LEU:37,13.245424469413232,1.6285585377755991,0.057542286583613086,-2.3997640449438205,0.8161484593020388,0.02883718788768727,-2.9790674157303374,0.9604597216194812,0.033936175624938295,-5.9455081148564295,0.42982854375353574,0.015187244838165628,0.0,0.0,0.0,1.9210848938826466,2.103695955327563,0.07433044176083903
L:B:TRP:38,12.735692883895132,1.5828262797199455,0.0559264166973832,-2.520214731585518,0.8540172755565445,0.030175216719291485,-14.06850686641698,1.3149649792464009,0.04646200300945973,-2.369154806491885,0.4795530336832937,0.016944173301830328,0.0,0.0,0.0,-6.22218352059925,2.278988492178151,0.08052409900892438
L:B:ASP:39,10.946379525593008,1.6034413617371894,0.056654814805197726,-2.187720349563046,0.6791867956009814,0.023997885448845107,3.968483146067416,1.4028005741069172,0.049565521154167895,-16.72870536828964,1.039518713943067,0.03672958776688629,0.0,0.0,0.0,-4.00156304619226,2.4659212297234654,0.08712904252565165
L:B:ALA:40,12.74017852684145,1.6037340679294463,0.05666515706997296,-2.647106117353309,0.8266816825234223,0.02920936103049728,-6.981770287141074,1.2466257818071185,0.04404735619589389,-0.7762147315855181,0.5590504758423291,0.01975307730698052,0.0,0.0,0.0,2.3350873907615477,2.2631789233869757,0.07996549536217568
L:B:THR:42,10.999109862671661,1.7258528711188477,0.06098001281962894,0.4472159800249688,0.759308484955333,0.02682884614411647,-8.465274656679151,1.9321229058512994,0.06826820613713684,-8.895174781523096,1.4059863450297876,0.04967808483498218,0.0,0.0,0.0,-5.914123595505617,3.043848556318107,0.10754910055858709
L:B:GLY:43,10.928113607990012,1.7636409099510664,0.06231518752135393,-1.149367041198502,0.6215877479904143,0.02196272317025889,2.9673458177278405,1.5442065767154172,0.05456185658700736,-12.23765293383271,1.002088899096478,0.03540707028733913,0.0,0.0,0.0,0.5084394506866418,2.6240344321232447,0.09271569783714441
L:B:TRP:44,12.9480049937578,1.756536235902915,0.06206415620704805,-1.2469612983770288,0.5781327986148764,0.020427318029797095,-2.3711498127340827,1.0155930525892276,0.035884216089792295,-7.1630362047440705,0.6037053873324391,0.021330881024026794,0.0,0.0,0.0,2.166857677902622,2.1944353542622226,0.07753656077763205
L:B:VAL:45,12.133034956304622,1.768181079771795,0.06247560653418197,-0.541541822721598,0.7051267573148262,0.024914428929649162,-2.5793096129837703,1.2037796226034194,0.04253346159848269,-14.140001248439452,1.0612572897062926,0.03749768257433218,0.0,0.0,0.0,-5.127817727840199,2.4897832213857995,0.08797216454481177
L:B:GLU:46,11.753789013732833,1.588824446022531,0.05613835148287207,-1.189669163545568,0.6770746185698701,0.023923255343005902,0.8801573033707866,2.576515557337703,0.09103670095271235,-9.089741573033708,2.0995664374699685,0.07418453242168908,0.0,0.0,0.0,2.354535580524345,3.745584707618276,0.13234372831532049
L:B:TYR:47,12.902866416978776,1.5906698754196489,0.05620355652449362,0.11806991260923845,0.7078886985918935,0.025012017326262275,7.552084893882646,1.277682359789933,0.045144686423295076,-7.499450686641699,0.9835447181556557,0.03475184387121493,0.0,0.0,0.0,13.073570536828964,2.373008530808928,0.08384613372981568
L:B:SER:69,12.765918851435705,1.7326959695811974,0.061221801815054454,-2.37805368289638,0.7051448622578084,0.02491506863635512,-4.033178526841448,1.1450451786989673,0.04045818206441363,-6.513315855181024,0.6629570320374384,0.023424434949833105,0.0,0.0,0.0,-0.15862921348314613,2.2913107793054066,0.08095948561664838
L:B:GLN:72,12.665506866416978,1.6587822768413096,0.058610189894797035,-1.8042209737827717,0.8875163974062503,0.03135884999071691,-7.8485717852684145,1.4703785486423382,0.05195327147892356,-2.6822609238451935,0.9705234532802063,0.03429176009911567,0.0,0.0,0.0,0.3304531835205992,2.5774353235924843,0.09106919929538466
L:B:VAL:73,13.2173645443196,1.8419548982351353,0.0650822762398858,-2.204475655430712,0.8199015529461124,0.028969796931226716,-3.7174544319600495,1.2056168258696183,0.042598375984059744,-9.679606741573034,0.4838028574723091,0.01709433344205556,0.0,0.0,0.0,-2.384172284644195,2.3984606603766006,0.0847454405092617
L:B:GLU:76,12.810915106117353,1.5869154984701972,0.05607090213758817,-1.5931822721598001,0.8293047366936069,0.029302042092481863,-6.3577990012484396,1.6924424529296125,0.05979951373793843,-11.47325218476904,1.0951850749475456,0.038696461921966824,0.0,0.0,0.0,-6.613318352059925,2.696263887391891,0.09526780015243705
L:B:GLU:80,11.456377028714108,1.7737675238417987,0.06267299382988124,0.12798751560549312,0.7406583415248607,0.02616987572751263,3.953808988764045,1.3564826319586971,0.04792895713805555,-15.700304619225967,0.8427768186972571,0.029778054704586564,0.0,0.0,0.0,-0.16213108614232213,2.4990285921624196,0.08829883365891478
L:B:GLY:81,10.316288389513106,1.7229252526429533,0.060876570507031755,-0.6532646691635455,0.6177649213011239,0.02182765023071624,-0.7862209737827714,1.7377944219737982,0.061401946772636794,-11.330358302122347,1.4163494891321518,0.05004424852760573,0.0,0.0,0.0,-2.4535555555555555,2.894145858900882,0.10225961582880402
L:B:ALA:82,10.910460674157305,1.684580334277873,0.05952171943449835,-1.2595630461922598,0.7242907858068494,0.025591556582113362,-9.901262172284643,1.9490664390164203,0.06886687644496503,0.49100499375780277,1.5371182337070035,0.05431140230161814,0.0,0.0,0.0,0.24064044943820226,3.086097939653753,0.10904190911749913

DELTAS:
Total Energy Decomposition:
Residue,Internal,,,van der Waals,,,Electrostatic,,,Polar Solvation,,,Non-Polar Solv.,,,TOTAL,,
,Avg.,Std. Dev.,Std. Err. of Mean,Avg.,Std. Dev.,Std. Err. of Mean,Avg.,Std. Dev.,Std. Err. of Mean,Avg.,Std. Dev.,Std. Err. of Mean,Avg.,Std. Dev.,Std. Err. of Mean,Avg.,Std. Dev.,Std. Err. of Mean
R:A:LYS:27,0.0,4.454308875876834,0.15738526551076523,-1.621757802746567,1.8541601492167517,0.06551352757873442,-108.42801248439449,11.981518009681754,0.4233461229840227,108.47730586766544,10.53351801878331,0.37218355896397004,0.0,0.0,0.0,-1.5724644194756552,16.667049921597386,0.5889012527617798
R:A:SER:28,0.0,3.0301057268532907,0.10706352155532062,-0.17698377028714107,1.0997157661975068,0.038856546025964236,-1.3157390761548067,3.2027119071728407,0.11316226106247791,1.3245892634207241,2.3871691199123193,0.08434647354412356,0.0,0.0,0.0,-0.16813358302122353,5.132918804125206,0.18136276835391663
R:A:GLN:31,0.0,4.1473275249399695,0.1465386128042797,-0.4562446941323346,1.7160752403871573,0.06063453722472638,-1.6894294631710365,3.5047261393051103,0.12383340925554305,1.832337078651685,2.7359665733378833,0.09667062558354739,0.0,0.0,0.0,-0.3133370786516855,6.317741545184108,0.22322642147744198
R:A:TRP:35,0.0,4.801053168389747,0.16963687267636499,-1.1250262172284644,1.7521931849663146,0.061910702047529506,1.0958139825218478,2.239894528559043,0.07914278172368101,-0.6892996254681648,1.8480154006947354,0.0652964135651841,0.0,0.0,0.0,-0.7185118601747815,5.878144341832827,0.20769401802380588
R:A:VAL:36,0.0,3.571899381230741,0.12620685905668716,-0.6679513108614232,2.004613678783479,0.0708295416580746,-1.6414169787765294,2.209763346530179,0.07807814875459164,1.676712858926342,0.9428572892423264,0.033314224258180314,0.0,0.0,0.0,-0.6326554307116106,4.7485761135679425,0.16778268711436198
R:A:ALA:37,0.0,2.8626838465864246,0.10114796028366874,-1.9587403245942572,1.1470542844676936,0.04052917032626558,-1.8102684144818977,1.630908296140842,0.05762531121313591,2.7727328339575528,1.5919194365815916,0.05624770759724687,0.0,0.0,0.0,-0.9962759051186019,3.8346788261873797,0.13549171420879666
R:A:SER:38,0.0,2.9882501724337005,0.10558462825694541,-1.9889225967540574,1.5667039804131047,0.05535676326118055,-5.942575530586766,4.833003607638805,0.1707657859386741,5.385830212234707,2.9176450058761856,0.10308991736133001,0.0,0.0,0.0,-2.5456679151061175,6.576836375268603,0.23238108716444775
R:A:LYS:39,0.0,4.471628344743794,0.15799721885349235,-0.3337877652933832,1.6864858040362394,0.05958904589797451,-55.55203245942572,10.43170611063542,0.36858621207076453,54.55979525593009,9.72859138336732,0.34374287472725,0.0,0.0,0.0,-1.326024968789014,15.043459612201213,0.5315345098964861
R:A:GLY:40,0.0,2.4929318016302693,0.08808341415761736,-0.1075792759051186,1.1245504704182152,0.03973403715344877,-2.0220586766541824,2.6202307696379714,0.09258130203145609,2.0081885143570535,2.0623885172015166,0.0728709151994356,0.0,0.0,0.0,-0.1214494382022472,4.312583727899047,0.1523776536307638
R:A:ILE:51,0.0,3.77967686032922,0.13354831530193562,-0.2374406991260924,1.9755993780492211,0.06980437174913526,-1.4731610486891384,1.4807600033301485,0.052320082144272265,1.516458177278402,0.877997418768229,0.031022513418179302,0.0,0.0,0.0,-0.19414357053682899,4.599182506259411,0.16250412354657712
R:A:ASP:54,0.0,3.6998334222563183,0.1307271861322791,-0.33964794007490634,2.2082970712887375,0.07802634046634385,77.70723470661673,12.829571050476629,0.4533106038298732,-74.90162297128589,15.063338937023426,0.5322369113020696,0.0,0.0,0.0,2.4659637952559303,20.25012139663319,0.7155028583434204
R:A:ILE:55,0.0,4.104720258337663,0.1450331590619027,-0.33977777777777785,2.080690414172209,0.07351758093240322,2.272645443196005,2.535727541044673,0.08959552725936978,-1.1390099875156054,2.1613664451491763,0.07636812832583365,0.0,0.0,0.0,0.7938576779026216,5.681498048179281,0.200745862877677
R:A:PHE:56,0.0,4.151891921437329,0.14669988782463672,-1.2299288389513108,1.6744777689915582,0.0591647628416277,-2.2783283395755305,1.6449908167741292,0.058122892613683586,2.1772284644194757,1.159860822784693,0.04098166710847356,0.0,0.0,0.0,-1.3310287141073658,4.908498165594595,0.1734332549848459
R:A:SER:57,0.0,3.0999502730044277,0.10953135725032767,-1.0189662921348315,1.3040135374114523,0.046075052838524456,-4.4132122347066165,3.532128603039461,0.12480162770438849,4.268787765293383,2.9140100217111096,0.10296148151103544,0.0,0.0,0.0,-1.163390761548065,5.681331699161283,0.2007399852241297
R:A:ASN:58,0.0,3.7915032074413126,0.13396617873083685,-0.9081410736579275,1.642365473697039,0.058030130677150085,-4.184857677902621,2.8025285869334238,0.09902247869355496,2.911675405742822,1.5628290824793059,0.0552198504746783,0.0,0.0,0.0,-2.1813233458177277,5.23158313924686,0.18484890122262296
R:A:ARG:59,0.0,5.67107890575335,0.20037772058157796,-5.309063670411986,2.030800991050442,0.07175482484094277,-122.64359550561798,8.586571492122804,0.3033915859391073,116.89799250936328,6.841512918129465,0.24173297297511193,0.0,0.0,0.0,-11.054666666666668,12.522811090917264,0.44247177360308104
R:A:GLU:60,0.0,4.023665004446181,0.14216921248562442,-2.1524943820224722,1.836781435199919,0.06489948091156511,57.607230961298384,11.71434170982778,0.4139059126029175,-54.025960049937574,11.478973897939095,0.4055895998821261,0.0,0.0,0.0,1.4287765293383274,16.986944679749737,0.6002041782773345
R:A:GLY:61,0.0,2.3505418165615697,0.08305231141405207,-0.10019850187265919,0.8510538403033111,0.0300705088830927,-2.7877253433208486,1.9951135830233482,0.0704938722792214,2.5008963795255927,1.294735495859828,0.0457472293593467,0.0,0.0,0.0,-0.38702746566791496,3.4505300583972947,0.1219184848933118
R:A:LYS:62,0.0,4.4979563771331685,0.1589274741374082,-0.5376641697877653,1.8757490962429673,0.06627633551471303,-65.83198377028714,14.378270562785932,0.5080312104903647,66.29549438202247,13.975660558068947,0.4938056854413862,0.0,0.0,0.0,-0.07415355805243444,20.635013900012034,0.7291023662638175
R:A:GLU:73,0.0,3.8011768006121534,0.1343079783392747,-0.6144806491885144,2.05438155212133,0.07258800299909283,88.89993258426965,6.310896186571265,0.2229845526235254,-77.45795630461923,7.848410358421729,0.2773099447115663,0.0,0.0,0.0,10.827495630461923,10.958758344952667,0.3872086871050611
R:A:ASP:75,0.0,3.6065545119546383,0.12743133789330963,-0.1780149812734082,1.9023373180896825,0.06721578414106827,74.60663920099876,7.063886554166566,0.2495901590673997,-71.04051560549313,5.821236016807587,0.20568326122775699,0.0,0.0,0.0,3.38810861423221,10.020549123327028,0.3540586942408746
R:A:PHE:82,0.0,3.8147142032496166,0.13478629894249147,-0.586123595505618,1.7888699682485285,0.06320661246501616,-1.1617103620474407,2.9606198953719027,0.10460836041996227,1.459821473158552,2.2544793259694034,0.0796581102015245,0.0,0.0,0.0,-0.28801248439450683,5.6213919461171935,0.19862211818563505
R:A:ARG:83,0.0,5.5351468610518495,0.19557479794129395,-1.9608701622971285,2.220288261989416,0.07845002835705955,-112.28574157303373,10.213429548933753,0.3608737889821364,103.79049438202247,6.67812797426463,0.2359600498377225,0.0,0.0,0.0,-10.456117353308363,13.5823071358083,0.4799072256517351
R:A:ASN:84,0.0,4.241837864110116,0.14987797144291432,-1.5784931335830212,2.2561448612457835,0.0797169589969258,4.795205992509364,6.157464586248955,0.2175633135879377,-3.4718464419475654,4.8636240287452654,0.1718477053205991,0.0,0.0,0.0,-0.25513358302122313,9.20068404653819,0.3250901861312939
R:A:SER:85,0.0,3.3768168350690986,0.11931395621143435,-1.4692646691635454,1.6915120974255387,0.059766641242539414,0.8599051186017478,5.116413744654613,0.18077959075230973,-0.056112359550561784,2.174192831281509,0.07682132639611418,0.0,0.0,0.0,-0.6654719101123594,6.720781888101232,0.2374671517790816
R:A:ARG:87,0.0,5.342147579334933,0.1887555036258712,-0.21885018726591757,2.190901451470213,0.07741169646204275,-96.13504744069913,8.112298899292535,0.2866339878409338,85.74877777777778,5.176986311763466,0.18291981717637396,0.0,0.0,0.0,-10.605119850187267,11.222707811980918,0.3965348829543529
R:A:THR:100,0.0,3.45674378946808,0.1221380362853772,-0.11514481897627965,1.6333004502332023,0.05770983382202092,0.007292134831460928,3.858829414830909,0.1363450333008982,-0.0558938826466916,3.105739721969879,0.10973591737132045,0.0,0.0,0.0,-0.1637465667915104,6.257230350573959,0.22108836354399497
R:A:ASP:101,0.0,3.6491362695007767,0.1289358903175047,-0.7109250936329589,2.1268176626060185,0.07514740711741538,56.75181023720349,9.161102127222906,0.3236916277792678,-54.670585518102364,6.954444548455702,0.2457232159328277,0.0,0.0,0.0,1.370299625468165,12.252740103597736,0.4329292844694169
R:A:HIS:102,0.0,3.865988283524915,0.1365979794888612,-5.24130711610487,1.6805992003184043,0.05938105298259642,-18.059972534332086,2.527050820466603,0.08928895041209774,17.429122347066166,1.3211016368585446,0.046678831144766314,0.0,0.0,0.0,-5.872157303370787,5.089358944365591,0.17982365638729775
R:A:TYR:103,0.0,4.437478007574481,0.15679057602012653,-5.1088177278402,2.1165502185929856,0.07478462482118542,4.0401260923845195,4.824759419010319,0.17047449185638852,-1.4542372034956306,2.700993366198824,0.09543490806939985,0.0,0.0,0.0,-2.522928838951311,7.398963745762783,0.26142952949174886
R:A:GLN:104,0.0,4.037614373947704,0.1426620892222591,-2.333797752808989,1.5677733798576035,0.055394548632648845,-0.8731460674157299,5.341994487624333,0.18875009439624846,1.0931985018726593,3.6910151336692176,0.13041560722535875,0.0,0.0,0.0,-2.1137453183520596,7.805173990762999,0.2757822627763186
R:A:PHE:106,0.0,4.258782799274714,0.15047669128795826,-0.3171360799001249,1.5199007410864702,0.0537030521123918,-1.0327141073657926,1.5179127973584545,0.053632811574482846,0.9883795255930088,1.2252962326787011,0.04329371363397343,0.0,0.0,0.0,-0.36147066167290903,4.924707028073301,0.17400596698033735
L:B:ILE:13,0.0,4.072359102372638,0.14388973383798664,-0.16900873907615477,2.103863683337566,0.07433636813867306,-0.5626267166042447,2.0397228750912464,0.07207006411323995,0.559079900124844,0.8304011071088826,0.029340780436344995,0.0,0.0,0.0,-0.17255555555555546,5.085310852111417,0.17968062408038127
L:B:HIS:17,0.0,3.9690705411465044,0.14024021197369968,-0.21490636704119848,1.4437254195535294,0.05101152946793446,-2.259876404494382,2.300027279599591,0.08126746801107873,2.2934069912609236,1.439576809256268,0.0508649455305988,0.0,0.0,0.0,-0.18137578027465664,5.01999710401438,0.17737287626311032
L:B:LEU:26,0.0,3.85464863822591,0.13619731282296224,-0.18699126092384524,2.0434472457000434,0.07220165827822939,1.0263870162297128,3.3265789739602276,0.11753888866905245,-0.9683083645443196,2.5514208004158645,0.09015002131483155,0.0,0.0,0.0,-0.12891260923845188,6.050608939679127,0.2137877549602468
L:B:PRO:27,0.0,3.3235791280647677,0.117432894326068,-0.41746816479400756,1.4453324717926155,0.051068311866817484,0.4327340823970037,2.600761188128679,0.09189337819397406,-0.3518589263420725,1.9637388887815332,0.06938530196648235,0.0,0.0,0.0,-0.33659300873907627,4.873950487593749,0.1722125728035113
L:B:GLU:28,0.0,3.9891499416932183,0.1409496827074102,-0.1583370786516854,1.7461783878986876,0.06169817964285108,-9.263374531835206,15.011580481392032,0.5304081161940136,9.222631710362046,14.522181355512506,0.5131160483303715,0.0,0.0,0.0,-0.1990799001248439,21.33550458956574,0.7538529877935216
L:B:TYR:29,0.0,4.32645567105086,0.15286779464184685,-5.139032459425717,2.3927060463693754,0.0845421112209979,-1.9259475655430711,2.2576362830403003,0.07976965579493855,4.465383270911361,2.231741033608979,0.07885469214495736,0.0,0.0,0.0,-2.599596754057428,5.875444708742891,0.20759863117873498
L:B:TYR:30,0.0,4.177715039698803,0.14761230284504726,-1.665558052434457,1.5912090951147684,0.05622260891561643,1.1288838951310862,2.6228646517110787,0.09267436567857877,-1.482541822721598,2.0071572146520236,0.07091941307902051,0.0,0.0,0.0,-2.0192159800249687,5.558178514839792,0.19638858141423593
L:B:GLY:31,0.0,2.494604201316288,0.08814250549500746,-1.8383845193508113,1.0924342842739752,0.03859926751255596,-2.7167902621722853,2.159576555241929,0.07630488567559608,1.7270224719101124,1.2359612001877578,0.043670541732304655,0.0,0.0,0.0,-2.8281523096129835,3.688879744990642,0.13034015697628276
L:B:GLU:32,0.0,4.028197170432866,0.14232934869688185,-0.7009550561797753,1.9370887987600007,0.06844366733565557,-5.815655430711611,16.288278659794543,0.5755180282778349,6.065685393258426,14.787651287503163,0.5224959671675558,0.0,0.0,0.0,-0.4509250936329586,22.44908322756359,0.7931993543101247
L:B:ASN:33,0.0,3.7499129312703787,0.1324966585785012,-3.095724094881398,1.621747755426922,0.05730163942192033,-8.117032459425719,3.120183810476239,0.1102462741444993,9.79981647940075,1.7903797532929016,0.06325995809655952,0.0,0.0,0.0,-1.412940074906367,5.443612720106037,0.19234059809626847
L:B:LEU:34,0.0,4.097366946388926,0.14477334255934649,-2.6756916354556806,1.8138976368351354,0.06409092165312633,-3.4832946317103617,2.421173715246646,0.08554796684295224,3.654624219725344,1.1881288754974337,0.04198046964005401,0.0,0.0,0.0,-2.504362047440699,5.229949609171071,0.18479118327538088
L:B:ASP:35,0.0,3.4764470322530654,0.12283421613808837,-5.77456179775281,1.3599060383135737,0.04804991725400786,-58.45988514357054,6.679008114521299,0.23599114806459506,75.54106866416979,5.5541737807589096,0.19624708109304512,0.0,0.0,0.0,11.30662172284644,9.454788426073527,0.33406852291822026
L:B:ALA:36,0.0,2.8082494134308944,0.09922461415886173,-2.324019975031211,1.2342091112033964,0.04360863471200446,-3.679092384519351,1.725179548615695,0.060956222138765524,4.019087390761547,0.6987319284259804,0.02468847876080983,0.0,0.0,0.0,-1.9840249687890137,3.5880367446524546,0.12677704475721743
L:B:LEU:37,0.0,3.760180223666472,0.13285943551761004,-0.43857428214731586,1.9181705910683493,0.0677752253340999,-0.6746554307116104,1.5308799005895897,0.054090981638977076,0.6365031210986267,0.5427871380726049,0.019178440521722687,0.0,0.0,0.0,-0.47672659176029947,4.52289120786452,0.1598085030611932
L:B:TRP:38,0.0,4.648099421059591,0.16423251774606518,-3.2784007490636706,1.7024572345897167,0.06015336864888633,-4.2035081148564295,2.701615877568622,0.09545690342714204,4.217651685393259,1.5198263723389727,0.05370042442190226,0.0,0.0,0.0,-3.2642571785268415,5.840529891683569,0.20636497677661195
L:B:ASP:39,0.0,3.422982296812179,0.12094513259734035,-1.4626816479400748,1.669395595081562,0.05898519305594705,-85.27471161048689,9.885461749510645,0.34928561657884155,82.26460424469414,6.0982484495273805,0.2154710142750365,0.0,0.0,0.0,-4.472789013732835,12.223529670695306,0.43189718457106213
L:B:ALA:40,0.0,2.7931829224950553,0.09869226587715758,-0.4933670411985019,1.284339730149281,0.04537991303887261,-1.486263420724095,1.7781172223498074,0.06282668286978645,1.324394506866417,0.7202989238979087,0.025450511076754855,0.0,0.0,0.0,-0.6552359550561798,3.623800598424729,0.12804069839653304
L:B:THR:42,0.0,3.4906831032942343,0.12333722297553033,-1.539223470661673,1.7644228346981368,0.0623428154738279,-6.472232209737827,3.0298330211987623,0.10705388597479842,6.550074906367042,2.0309110598492177,0.07175871393072135,0.0,0.0,0.0,-1.4613807740324591,5.348134659541809,0.18896704670342843
L:B:GLY:43,0.0,2.6073075378480515,0.09212468208811789,-2.013808988764045,0.975705212197155,0.034474848548004665,-2.344761548064919,2.472384567790423,0.0873574133472763,3.82385518102372,1.2644270184358668,0.04467633196549271,0.0,0.0,0.0,-0.5347153558052434,3.932113222432286,0.13893438932410668
L:B:TRP:44,0.0,4.620755933744066,0.16326638312651728,-3.7266317103620477,1.848632877180432,0.06531823102404385,-2.3745393258426963,2.8364828231185575,0.10022219263933753,4.251724094881399,2.0345624526294754,0.07188772955092614,0.0,0.0,0.0,-1.849446941323346,6.078972618240657,0.21478993626506027
L:B:VAL:45,0.0,3.8564273837779712,0.13626016170677074,-0.9413845193508115,1.7126066775210242,0.060511981581900715,-1.551868913857678,2.1423132784944303,0.07569491778378569,2.2559138576779025,1.8066456101185244,0.06383468388828109,0.0,0.0,0.0,-0.23733957553058674,5.065424793836772,0.17897798475995436
L:B:GLU:46,0.0,3.915829424976411,0.13835902963138397,-0.9440149812734083,1.7738835078737247,0.06267709192414644,-35.339354556804,19.64710246259855,0.6941962319540732,35.45420099875156,19.675027059409782,0.6951828990680712,0.0,0.0,0.0,-0.8291685393258427,28.135310692248815,0.9941123229034672
L:B:TYR:47,0.0,4.267085266788688,0.15077004455341272,-0.3544144818976279,1.7210790920311432,0.06081133962920943,0.12931210986267166,2.2416474964970026,0.07920471980027957,-0.10804993757802747,1.468353967274819,0.05188173641367454,0.0,0.0,0.0,-0.3331523096129838,5.324582311020725,0.18813486538671112
L:B:SER:69,0.0,3.124034406661375,0.11038232827093282,-0.21162047440699125,1.3758200179701483,0.04861221007728898,-2.718203495630462,2.973906495294675,0.10507781934498331,2.7806392009987513,2.0775358042733436,0.07340611827223507,0.0,0.0,0.0,-0.14918476903870165,4.981239459877934,0.17600344224248787
L:B:GLN:72,0.0,4.09177085066561,0.14457561423924556,-0.443605493133583,2.0054069688546545,0.07085757118453047,2.1508489388264675,7.922367691420962,0.27992309858457,-1.7414419475655432,5.994008089034724,0.21178786223725934,0.0,0.0,0.0,-0.03419850187265906,10.929606059441118,0.3861786417437417
L:B:VAL:73,0.0,3.7940527270097704,0.13405626157542352,-1.0038701622971287,1.8476623976125137,0.06528394081455775,-0.4980736579275906,1.813506344883117,0.06407709603180622,0.6462796504369538,0.6660000218016926,0.023531953706466123,0.0,0.0,0.0,-0.8556641697877654,4.641234073266794,0.16398994260920283
L:B:GLU:76,0.0,3.674286022045506,0.1298245131301746,0.5145455680399501,1.8951645793163097,0.06696234787794778,-54.09486516853933,13.739919237865834,0.48547617545321287,50.19119350811485,11.705728065484617,0.4136015644448215,0.0,0.0,0.0,-3.38912609238452,18.517599108973176,0.6542871932773076
L:B:GLU:80,0.0,4.075773311515737,0.1440103689864394,-0.42321972534332086,1.6650151479069484,0.05883041756532804,-23.95820474406991,6.876455303017391,0.2429676014385642,24.456917602996256,6.314948256720224,0.2231277254824432,0.0,0.0,0.0,0.07549313358302104,10.322229049438564,0.3647180303114981
L:B:GLY:81,0.0,2.543372556712487,0.08986565060605306,-0.08079026217228463,0.9281828978989881,0.032795730134369566,0.46796379525593007,2.1976205807130023,0.07764910522047094,-0.44208114856429465,1.7169578509780394,0.060665722736566584,0.0,0.0,0.0,-0.054907615480649236,3.8868686539422526,0.13733575110139873
L:B:ALA:82,0.0,2.938980009877727,0.10384375266171539,-0.07897752808988764,1.1629349174574908,0.04109028490301038,0.7291360799001249,2.7209321179920516,0.09613940922375966,-0.7251660424469413,2.161550716248868,0.07637463922500097,0.0,0.0,0.0,-0.07500749063670413,4.6974242101751305,0.16597532347587293

Sidechain Energy Decomposition:
Residue,Internal,,,van der Waals,,,Electrostatic,,,Polar Solvation,,,Non-Polar Solv.,,,TOTAL,,
,Avg.,Std. Dev.,Std. Err. of Mean,Avg.,Std. Dev.,Std. Err. of Mean,Avg.,Std. Dev.,Std. Err. of Mean,Avg.,Std. Dev.,Std. Err. of Mean,Avg.,Std. Dev.,Std. Err. of Mean,Avg.,Std. Dev.,Std. Err. of Mean
R:A:LYS:27,0.0,3.6117485048952913,0.12761485861017163,-1.4678551810237204,1.359009414034216,0.04801823659283182,-109.03795006242197,12.004438270920188,0.42415597059475374,109.1531672908864,10.550862322851494,0.3727963898153854,0.0,0.0,0.0,-1.3526379525593009,16.44137670045144,0.5809274815621496
R:A:SER:28,0.0,1.5456506077711425,0.05461287891559843,-0.09012609238451935,0.42909908774556077,0.015161470777431916,-4.089469413233458,2.4646794443407933,0.08708516619654981,4.063242197253433,1.9307611235571955,0.06822008992564417,0.0,0.0,0.0,-0.1163533083645443,3.5179035103315814,0.12429900876728027
R:A:GLN:31,0.0,3.274444637627619,0.11569681246944899,-0.40757428214731584,1.163131083538693,0.041097216090683834,-2.122739076154806,3.243066451952039,0.11458811879296364,2.284784019975031,2.529203751408411,0.08936502048656828,0.0,0.0,0.0,-0.24552933832709073,5.384163187561957,0.19024005214746534
R:A:TRP:35,0.0,3.961096615479053,0.13995846716360547,-1.0496629213483146,1.2365533495376684,0.04369146430082307,-1.4689675405742821,0.961432019137498,0.033970530068532734,1.7847315855181023,0.9525898907473359,0.03365810882358887,0.0,0.0,0.0,-0.7338988764044945,4.364759971726884,0.1542212105589039
R:A:VAL:36,0.0,2.460729400369644,0.08694559825537146,-0.43565543071161045,1.1423953132673332,0.04036455367308582,-6.707812734082398,0.912179791159435,0.03223028816045485,6.622991260923845,0.7415963306176345,0.026203017942506273,0.0,0.0,0.0,-0.5204769038701623,2.9567369383501,0.10447116287958672
R:A:ALA:37,0.0,1.2974426927811549,0.04584288345925891,-0.6911223470661673,0.5246383205552192,0.01853718358528765,-0.10329588014981272,0.21011468777709574,0.0074240374533973245,0.142103620474407,0.09167047317600968,0.003239016907525005,0.0,0.0,0.0,-0.6523146067415729,1.418151813494661,0.05010793052771718
R:A:SER:38,0.0,1.5684349576158658,0.05541792433335609,-0.7633558052434457,1.0042031673094902,0.03548177428145772,-7.979612983770287,3.9716161702657984,0.14033015735602417,7.291505617977527,2.2522401395743255,0.07957899244046711,0.0,0.0,0.0,-1.4514631710362045,4.930997147406642,0.1742282174189483
R:A:LYS:39,0.0,3.54564724272898,0.12527928535143715,-0.15234207240948813,1.1267403569319618,0.03981141298884963,-55.3225468164794,10.385201919276659,0.36694306726237463,54.31959675405743,9.785894741671713,0.3457675893379134,0.0,0.0,0.0,-1.1552921348314606,14.746433907933012,0.5210396226687631
R:A:GLY:40,0.0,0.2989523765323605,0.010562962844905507,-0.00505243445692884,0.24439894428987674,0.008635412094102062,-3.9062896379525593,0.7895453673364631,0.027897213851516455,3.8653970037453185,0.68183693511153,0.024091523524275193,0.0,0.0,0.0,-0.045945068664169815,1.112378919509493,0.0393039765481276
R:A:ILE:51,0.0,2.916272420648081,0.10304141944693272,-0.1944319600499376,1.419688766590582,0.05016223609516203,-6.37296504369538,0.5714471483310208,0.020191092192218735,6.169360799001248,0.4055143001062189,0.014328143280828496,0.0,0.0,0.0,-0.3980362047440699,3.3183060010105154,0.11724657754278428
R:A:ASP:54,0.0,2.384695890069283,0.08425908626444399,-0.2660848938826467,1.580354872958376,0.05583909383311997,69.30543945068663,12.936199943005528,0.45707815049747513,-66.96227965043695,15.154828139563751,0.5354695233266101,0.0,0.0,0.0,2.0770749063670415,20.129540007603904,0.7112423244521116
R:A:ILE:55,0.0,3.1962711033136015,0.11293468644793356,-0.1257765293383271,1.4164712759619214,0.050048551653651345,-6.536479400749063,1.0079421409094858,0.035613884417770886,6.385143570536829,0.9269946030523728,0.03275374380042841,0.0,0.0,0.0,-0.27711235955056185,3.7547045416400167,0.13266596180628898
R:A:PHE:56,0.0,3.2978271753994126,0.11652299381835798,-1.0280387016229713,1.12629532806343,0.039795688666943455,-0.7602397003745318,0.668939621530525,0.023635819355820445,0.9758789013732834,0.37972546892001013,0.013416939734654389,0.0,0.0,0.0,-0.8123995006242197,3.568736035884456,0.12609508774466083
R:A:SER:57,0.0,1.563919487377307,0.055258378037352625,-0.5392571785268414,0.6465651839264709,0.022845257474932712,-5.684614232209737,2.904119261287337,0.10261200867500712,6.023340823970037,2.5543388279059727,0.09025312474660871,0.0,0.0,0.0,-0.20053058676654187,4.22166391741367,0.14916516008526115
R:A:ASN:58,0.0,2.7626329912084024,0.09761283713055119,-0.164521847690387,1.0026648806263974,0.03542742159402704,3.1655393258426976,2.346977402843103,0.08292636904788407,-2.054851435705368,1.111347736102253,0.03926754147394186,0.0,0.0,0.0,0.9461660424469418,3.921845818865193,0.1385716084569637
R:A:ARG:59,0.0,4.857112560780169,0.17161763391264137,-4.697002496878901,1.603363493058281,0.05665206345071233,-119.06936079900126,8.551917672540386,0.3021671534293911,115.919506866417,7.01082525292916,0.24771533017333208,0.0,0.0,0.0,-7.8468564294631715,12.183976507034897,0.43049964225014287
R:A:GLU:60,0.0,2.813932028164707,0.0994253994778862,-1.5973370786516856,1.298091415457506,0.045865804947980385,52.56316229712859,11.501364870058044,0.4063807459813717,-48.5834506866417,11.275042739622895,0.398384046699379,0.0,0.0,0.0,2.382374531835206,16.40156204257826,0.5795206997975246
R:A:GLY:61,0.0,0.30891742023049346,0.010915060351378562,-0.0022621722846441947,0.1293147393522643,0.0045691116522325066,-4.236897627965043,0.48605981292986467,0.017174079042064815,4.178734082397004,0.4551582052637336,0.016082224421568574,0.0,0.0,0.0,-0.06042571785268415,0.7453693097384178,0.026336329604817556
R:A:LYS:62,0.0,3.6166671139388886,0.12778864911546475,-0.4790848938826467,1.5031292453242717,0.0531104604473096,-64.99021223470662,14.581662572870535,0.5152177138070284,65.67383520599252,14.141258137090528,0.4996567881979549,0.0,0.0,0.0,0.20453807740324606,20.68670451352942,0.7309287642886395
R:A:GLU:73,0.0,2.828690856128494,0.09994687702298596,-0.5676304619225968,1.6170796413698314,0.05713669972178221,81.33783270911361,6.021708725299172,0.21276661609443076,-70.20177278401998,7.418301515614536,0.26211279599331255,0.0,0.0,0.0,10.568429463171036,10.094979538116501,0.3566885636370358
R:A:ASP:75,0.0,2.3969160237576843,0.08469086345788064,-0.14061423220973784,1.33135948392823,0.04704127434967617,67.66898127340824,6.389114980156719,0.22574827780276663,-64.35646192259675,5.571274375925314,0.19685130091381964,0.0,0.0,0.0,3.1719051186017477,8.909411478986533,0.3147985759943351
R:A:PHE:82,0.0,3.1612220734893257,0.11169628987093316,-0.40407365792759053,1.1984875964557553,0.04234647704856728,-1.0146392009987515,0.9303365712661197,0.03287182644114909,1.0536841448189762,0.7127906804145202,0.02518522033758941,0.0,0.0,0.0,-0.3650287141073657,3.5781691137641105,0.12642838916313978
R:A:ARG:83,0.0,4.852527721332562,0.17145563657615362,-1.2319013732833957,1.9213382964883916,0.06788715070175753,-111.42176029962548,9.601278372370981,0.33924449066880513,102.24527465667914,6.37573258341513,0.22527543406358366,0.0,0.0,0.0,-10.408387016229714,12.651998992049993,0.44703640364718655
R:A:ASN:84,0.0,3.1029065243626843,0.10963581125607827,-0.3408938826466917,1.6722933614622466,0.05908758059662303,1.643861423220974,5.653877316814533,0.19976993232131507,-1.3827228464419474,5.116853890365292,0.18079514253631682,0.0,0.0,0.0,-0.07975530586766574,8.400780703878631,0.2968269912169895
R:A:SER:85,0.0,1.5459062108102004,0.05462191020491591,-0.5304469413233459,1.176315378703673,0.04156306025482573,-4.1309325842696625,4.684174654764044,0.16550717345431368,4.4166354556803995,1.8017309728969613,0.06366103372041917,0.0,0.0,0.0,-0.24474406991260927,5.381567669167266,0.190148344014269
R:A:ARG:87,0.0,4.740446764235609,0.16749545067909183,-0.1711136079900125,1.8946787589773828,0.06694518226030356,-98.3143570536829,8.103396329801837,0.28631943101470886,87.86226591760298,5.2589130461594475,0.18581455600222677,0.0,0.0,0.0,-10.623204744069914,10.926245541318568,0.3860599036742209
R:A:THR:100,0.0,2.1380040289872393,0.07554265793905099,-0.024992509363295883,0.911515460165252,0.03220681517893963,-2.786352059925094,3.4907989671161914,0.12334131682238514,2.7245767790262176,3.12787838776765,0.11051814866504733,0.0,0.0,0.0,-0.08676779026217245,5.231751360641038,0.18485484503332966
R:A:ASP:101,0.0,2.4805628741890855,0.08764637959543045,-0.1457390761548065,1.456589306354796,0.05146605255920061,48.15033957553059,7.244729024346062,0.255979913567579,-47.02616853932584,5.9376261232064635,0.20979570342897444,0.0,0.0,0.0,0.9784319600499378,9.798793149943439,0.34622333218536294
R:A:HIS:102,0.0,2.9604828499117706,0.10460351815672211,-4.179209737827715,1.0469540155138206,0.036992301230293186,-16.958342072409486,1.7348518694863109,0.06129797679268533,15.950715355805242,0.955509174592799,0.033761256646499795,0.0,0.0,0.0,-5.18683645443196,3.712584033663534,0.13117770683429356
R:A:TYR:103,0.0,3.4227378789010845,0.12093649651508716,-3.9745368289637955,1.8093226241531688,0.0639292715283301,0.2577827715355805,2.2232726450227656,0.07855547634667547,1.411967540574282,0.664866490636883,0.023491902352078813,0.0,0.0,0.0,-2.3047865168539325,4.513731455283437,0.15948485911728216
R:A:GLN:104,0.0,3.1507957830234687,0.11132789501126186,-1.6912284644194757,0.9683755140254552,0.034215866397235055,-2.8276679151061175,4.073544728548499,0.14393162587908306,2.9367752808988765,2.5881210123840432,0.09144675954423333,0.0,0.0,0.0,-1.582121098626717,5.84443343983928,0.2065029018689305
R:A:PHE:106,0.0,3.4228102835622667,0.12093905480799902,-0.29501498127340825,1.1190570299414937,0.0395399359781399,-1.614434456928839,0.5483622778646721,0.019375428400400362,1.59238202247191,0.31001389001689944,0.010953802206347943,0.0,0.0,0.0,-0.3170674157303371,3.6557801730013013,0.1291706411050221
L:B:ILE:13,0.0,3.0652556136023525,0.10830548173653626,-0.14247440699126093,1.3728405346427108,0.048506935210269046,0.7587702871410736,0.6148764916313512,0.02172559258649935,-0.7657940074906368,0.5388513285661016,0.01903937553062261,0.0,0.0,0.0,-0.14949812734082396,3.456720550541676,0.12213721517828648
L:B:HIS:17,0.0,2.9545277506288428,0.10439310506955109,-0.18707240948813983,1.024024620678416,0.03618213089978126,-1.6229975031210986,1.7085984979981557,0.060370359522003196,1.6768414481897629,1.0570978659894552,0.037350716563602324,0.0,0.0,0.0,-0.1332284644194757,3.7168031127075483,0.13132678066236803
L:B:LEU:26,0.0,2.885048591126102,0.10193817967696679,-0.12341573033707866,1.398622255981925,0.04941788754235177,1.4686441947565543,0.6972485381909883,0.02463606574399937,-1.4416466916354558,0.41484149403765913,0.01465770347395299,0.0,0.0,0.0,-0.09641822721598012,3.3072493975011232,0.1168559116667834
L:B:PRO:27,0.0,2.200818954145836,0.07776211418908002,-0.29798002496878906,0.964750385367721,0.0340877787741701,3.9750399500624214,1.5216678983982006,0.05376549154586086,-3.8638576779026215,1.4223332815439085,0.0502556754366344,0.0,0.0,0.0,-0.18679775280898878,3.180071152002388,0.1123622893130638
L:B:GLU:28,0.0,2.8731071316475942,0.10151624895258679,-0.04978901373283396,1.1761035809741092,0.041555576750014804,-8.434225967540575,15.454966574028942,0.5460743934679945,8.382088639201,14.721662097037699,0.5201643537676648,0.0,0.0,0.0,-0.1019263420724092,21.56898910303431,0.7621027574365549
L:B:TYR:29,0.0,3.4726693316723893,0.12270073765119452,-4.098719101123595,2.0618007823508955,0.07285014860958013,-2.714264669163546,1.6940997234636086,0.0598580705130262,3.662820224719101,1.8090948656799515,0.06392122407837131,0.0,0.0,0.0,-3.1501635455680397,4.738486346852733,0.16742618273676596
L:B:TYR:30,0.0,3.4055303837314512,0.12032849956841947,-0.7670973782771536,1.1334575664642133,0.04004875391764113,1.8047590511860176,1.0334082264899256,0.03651368430868178,-1.5541448189762794,0.4454964553523019,0.015740843274126268,0.0,0.0,0.0,-0.5164831460674157,3.761484135790231,0.13290550698717332
L:B:GLY:31,0.0,0.31727804968920753,0.01121046866810375,0.00287016229712859,0.2327405325714194,0.008223482370575191,-0.4114282147315855,0.4457183103704426,0.015748682135756198,-0.04806616729088639,0.3367173415827524,0.011897322274636498,0.0,0.0,0.0,-0.4566242197253433,0.6832839063217085,0.024142649738115845
L:B:GLU:32,0.0,2.9549571296581907,0.1044082764315787,-0.25012734082397003,1.4384130674547038,0.05082382673584771,-6.355511860174781,15.292149297989916,0.5403215278870019,6.557860174781522,13.873489797653196,0.49019565912674173,0.0,0.0,0.0,-0.047779026217228605,20.90751905674949,0.738730862544901
L:B:ASN:33,0.0,2.71274611800228,0.09585017113592999,-2.487729088639201,1.0910641958297569,0.03855085781767954,-6.083741573033708,2.4228708187653893,0.08560793104735288,7.824469413233459,1.185882480983844,0.04190109719265191,0.0,0.0,0.0,-0.747001248439451,3.9781946713663148,0.14056259726336306
L:B:LEU:34,0.0,2.9736774694996058,0.10506972711640865,-1.6247915106117352,1.3245381321704057,0.0468002537362738,1.7858801498127341,0.8433125094791567,0.029796982407691647,-1.6091410736579277,0.5629143738446127,0.019889601430013237,0.0,0.0,0.0,-1.4480524344569288,3.409575858828771,0.12047143940264537
L:B:ASP:35,0.0,2.2415264910264807,0.07920044428220549,-3.74443695380774,0.7966040426307538,0.028146619879769835,-51.47174032459426,6.36278948601611,0.22481811220346112,67.4762833957553,5.21128143261837,0.18413157568973262,0.0,0.0,0.0,12.26010611735331,8.561633210084352,0.30251043506938197
L:B:ALA:36,0.0,1.2018700500890664,0.042465990171251605,-0.6079575530586766,0.5963362648338729,0.02107050588316055,-0.5658876404494382,0.18976679707820585,0.00670508008661651,0.51487265917603,0.05559567135863662,0.0019643764592561707,0.0,0.0,0.0,-0.6589725343320849,1.3561750897300278,0.047918090667708815
L:B:LEU:37,0.0,2.932991527580917,0.10363216004374624,-0.14572659176029962,1.3026738980490176,0.046027719009052656,2.018757802746567,0.6542278391655117,0.023116004085219476,-2.0157028714107366,0.28451383132989705,0.010052801934739265,0.0,0.0,0.0,-0.14267166042446944,3.287607149778826,0.11616188696864357
L:B:TRP:38,0.0,3.9408925731015723,0.13924459242734918,-2.799275905118602,1.1547094663117001,0.04079965287712258,-2.3909862671660425,1.9023418208168579,0.06721594323711028,2.9284581772784017,1.3980348205179565,0.04939713153080353,0.0,0.0,0.0,-2.2618039950062423,4.73681264004884,0.16736704521463666
L:B:ASP:39,0.0,2.3504995384941516,0.08305081759199094,-0.33648813982521847,1.3117018950832746,0.04634670759961986,-75.33489637952559,9.125885851754049,0.32244732186797753,72.71238826466916,5.31053375003382,0.18763848389126914,0.0,0.0,0.0,-2.9589962546816477,10.896282450061548,0.3850012099005249
L:B:ALA:40,0.0,1.209772370284338,0.04274520492638891,-0.11225717852684144,0.5146336725906357,0.01818368673086537,-0.3232297128589263,0.20085008357265072,0.007096688759537,0.32587390761548063,0.06320595630983658,0.002233272656406713,0.0,0.0,0.0,-0.10961298377028712,1.3314401052438267,0.0470441229637967
L:B:THR:42,0.0,2.1901118267597393,0.07738379644473933,-0.35151685393258425,1.1837493338441318,0.041825726144457356,-3.5234444444444444,1.9558891140386405,0.06910794381361589,1.9970149812734082,0.8997169675173865,0.031789935939139355,0.0,0.0,0.0,-1.8779463171036204,3.2913287813803787,0.11629338435557059
L:B:GLY:43,0.0,0.3247395646045264,0.011474108334499546,-0.08489013732833958,0.19043588584639362,0.006728721175810347,4.346153558052435,0.5547691342372799,0.01960180353948268,-3.9467240948813984,0.40055229099439377,0.014152819309524932,0.0,0.0,0.0,0.31453932584269667,0.7809817805562923,0.02759463439044207
L:B:TRP:44,0.0,3.8772390842467614,0.13699550698597893,-2.2138314606741574,1.4957112690910541,0.05284835914460465,0.46261298377028715,1.906368353313636,0.06735821376745565,0.20117228464419473,1.4152663323485937,0.05000597706446286,0.0,0.0,0.0,-1.5500461922596753,4.786162785247887,0.1691107468576032
L:B:VAL:45,0.0,2.5995976008611854,0.09185226485941587,-0.1427940074906367,1.1286820142344818,0.03988001807632863,3.300350811485643,0.9546496923673637,0.03373088833527098,-3.285986267166042,0.7742104287488625,0.02735538043842031,0.0,0.0,0.0,-0.12842946317103615,3.089108058773639,0.10914826644702064
L:B:GLU:46,0.0,3.003203447651844,0.10611297625795821,-0.4263895131086142,1.290878026604257,0.0456109323849102,-32.34124344569288,20.36447489369971,0.7195433404921479,32.17722222222223,19.989533732175225,0.7062954459473787,0.0,0.0,0.0,-0.5904107365792758,28.722445814266138,1.0148577223906552
L:B:TYR:47,0.0,3.5321047044377845,0.12480078328881808,-0.23072284644194757,1.4379862041802898,0.050808744263649994,1.4549188514357052,1.4989524470816808,0.05296288053789757,-1.4339200998751562,0.8742622340591156,0.03089053715574289,0.0,0.0,0.0,-0.2097240948813983,4.189840194928508,0.1480407241396551
L:B:SER:69,0.0,1.5262176803984124,0.053926250188351385,-0.09016853932584269,0.8305003686946939,0.029344287672029196,0.9376117353308365,2.603268992877545,0.09198198711788298,-0.9065792759051186,1.7779977589231133,0.06282246183715197,0.0,0.0,0.0,-0.05913607990012482,3.5996328632759216,0.1271867734624567
L:B:GLN:72,0.0,3.18095053487583,0.1123933607791159,-0.29770911360799,1.385995949896128,0.048971758952909894,3.505157303370787,7.3988609042084565,0.2614258957640968,-3.181635455680399,5.626946036834167,0.19881836233181355,0.0,0.0,0.0,0.025812734082397343,9.921950184299627,0.3505748720295439
L:B:VAL:73,0.0,2.4576832918687836,0.08683796930359876,-0.6972759051186018,1.2012327752221044,0.042443473170986235,3.973387016229713,0.6596702012017301,0.02330830049257343,-3.6665455680399504,0.4357522470300505,0.015396548601995373,0.0,0.0,0.0,-0.39043445692883905,2.847492254343117,0.10061119176460784
L:B:GLU:76,0.0,2.9129493352899183,0.1029240039991083,0.603521847690387,1.4114612055716027,0.04987152952057067,-51.84898377028714,13.02097857817264,0.4600736562823742,47.85467665418228,11.219329514189626,0.3964155166711263,0.0,0.0,0.0,-3.3907852684144824,17.489903786070318,0.6179753644916582
L:B:GLU:80,0.0,2.9112680791485377,0.10286459973425459,-0.3205705368289637,1.0008196192789591,0.03536222249014897,-21.907762796504368,5.9537178380544855,0.21036427621646012,22.337956304619222,5.663411939486146,0.20010682164860075,0.0,0.0,0.0,0.10962297128589256,8.774856843874167,0.31004432172886387
L:B:GLY:81,0.0,0.32408703055227195,0.011451052177432156,-0.0047503121098626715,0.23851246522749373,0.0084274235832078,1.311807740324594,0.5821268317599803,0.020568440252013268,-1.3050749063670413,0.5347278201622613,0.018893678525080636,0.0,0.0,0.0,0.001982521847690397,0.8869758110295239,0.031339749310273904
L:B:ALA:82,0.0,1.279209368826918,0.04519864063469356,-0.027774032459425713,0.5325787288660836,0.018817744117817687,0.06761548064918851,0.23422745358904176,0.008276020141455745,-0.06655555555555556,0.11927523531863272,0.004214383219167013,0.0,0.0,0.0,-0.026714107365792755,1.4103566192670196,0.04983250088253259

Backbone Energy Decomposition:
Residue,Internal,,,van der Waals,,,Electrostatic,,,Polar Solvation,,,Non-Polar Solv.,,,TOTAL,,
,Avg.,Std. Dev.,Std. Err. of Mean,Avg.,Std. Dev.,Std. Err. of Mean,Avg.,Std. Dev.,Std. Err. of Mean,Avg.,Std. Dev.,Std. Err. of Mean,Avg.,Std. Dev.,Std. Err. of Mean,Avg.,Std. Dev.,Std. Err. of Mean
R:A:LYS:27,0.0,2.4305111739728944,0.08587788972476791,-0.1538976279650437,1.1773207627506244,0.04159858375343775,0.6098913857677903,3.2314880434370954,0.11417901584364071,-0.6758601747815232,1.406746986389926,0.049704960775955244,0.0,0.0,0.0,-0.2198664169787766,4.440148736675931,0.15688494159298014
R:A:SER:28,0.0,2.414973011305206,0.08532887574186979,-0.08687141073657928,0.8864911285616538,0.03132262389732662,2.7737515605493135,2.020707402067082,0.07139818541014221,-2.73867290886392,1.5331273740251081,0.05417039220821108,0.0,0.0,0.0,-0.05179275905118592,3.6127135391703655,0.12764895641969537
R:A:GLN:31,0.0,2.3715303359490205,0.08379390428255774,-0.04868789013732833,1.1258910282786163,0.039781403436450466,0.4333395755305868,1.6141304718662035,0.05703249594106137,-0.45245692883895133,1.1313471705153708,0.03997418674324956,0.0,0.0,0.0,-0.06780524344569286,3.282857039580753,0.11599405007731843
R:A:TRP:35,0.0,2.287456067269803,0.08082328606378923,-0.0754019975031211,1.0086183108171713,0.035637775706726584,2.5647590511860177,1.9348829257589437,0.06836572664549945,-2.474028714107366,1.4069671144088478,0.049712738617068146,0.0,0.0,0.0,0.015328339575530602,3.4602159692751213,0.12226071972652602
R:A:VAL:36,0.0,2.289785786058721,0.08090560262969802,-0.23237203495630462,1.3287492592490164,0.046949046595465956,5.06645443196005,2.172530646354482,0.07676259597948659,-4.946304619225968,0.8454001928144895,0.02987074707134423,0.0,0.0,0.0,-0.11222222222222226,3.5275039950865485,0.12463822521685688
R:A:ALA:37,0.0,2.2939973090200136,0.08105440947671697,-1.2676641697877653,0.956696709198164,0.03380321611863716,-1.706960049937578,1.6129582391446544,0.05699107713440417,2.6306267166042447,1.6092978395087736,0.05686174327260385,0.0,0.0,0.0,-0.34399750312109867,3.3718193997683046,0.11913738051729067
R:A:SER:38,0.0,2.3884617341247134,0.08439214582161701,-1.2255630461922595,0.9990494784992477,0.03529967764102207,2.0369875156054933,1.9035542823319025,0.06725878345829482,-1.9056779026217228,1.6577171329371596,0.05857255488545368,0.0,0.0,0.0,-1.0942534332084894,3.615853193159973,0.12775989063879328
R:A:LYS:39,0.0,2.5450586247775404,0.08992522489186983,-0.1813820224719101,1.0972325575554132,0.03876880616275648,-0.22951310861423221,1.6147239037121235,0.05705346382434816,0.2401972534332085,1.1648886831058092,0.04115931781785194,0.0,0.0,0.0,-0.17069787765293382,3.4125564637323498,0.12057675389860971
R:A:GLY:40,0.0,2.380105314114487,0.08409688623844092,-0.10252309612983772,1.0736610192882932,0.03793594680970194,1.8842584269662923,2.7244763149507416,0.09626463726584421,-1.8571947565543072,2.4472445619902516,0.086469134918892,0.0,0.0,0.0,-0.07545942571785272,4.497713466588731,0.15891889131533704
R:A:ILE:51,0.0,2.1741452101131724,0.07681964378486483,-0.04301747815230961,1.0314460200138806,0.03644435315185703,4.8997940074906365,1.4208307740808892,0.0502025869457846,-4.652917602996255,0.8350434275636195,0.029504808764356037,0.0,0.0,0.0,0.2038589263420724,2.916649773516358,0.10305475255494566
R:A:ASP:54,0.0,2.4648318016548663,0.08709054947754717,-0.07359176029962547,1.123112583347008,0.03968323191187649,8.401742821473158,3.136452284566435,0.11082109241271752,-7.939352059925094,1.6554867241697486,0.05849374726662024,0.0,0.0,0.0,0.38879900124843947,4.462594190892317,0.15767801272248513
R:A:ILE:55,0.0,2.3010155858775674,0.0813023880963938,-0.2139925093632959,1.2688197019946654,0.044831539807488226,8.809099875156054,2.3362549278887226,0.08254750902388192,-7.524136079900125,2.362034055211457,0.083458369700899,0.0,0.0,0.0,1.0709712858926341,4.235784240100567,0.14966407715569838
R:A:PHE:56,0.0,2.219817458230613,0.07843339332418521,-0.20181647940074907,1.1164186677054646,0.03944671403224391,-1.5180499375780276,1.52719340030333,0.05396072555604114,1.201374531835206,1.1283453550707725,0.03986812280966808,0.0,0.0,0.0,-0.5184918851435706,3.127213314071571,0.11049464944145096
R:A:SER:57,0.0,2.4780696857995475,0.0875582871151849,-0.4796616729088639,0.987502905863974,0.03489169955719775,1.271426966292135,1.6890235681237096,0.059678713383063665,-1.7545842696629215,1.0442699299941631,0.03689746373160676,0.0,0.0,0.0,-0.9628189762796504,3.3255513313037013,0.11750257870114171
R:A:ASN:58,0.0,2.424345824101185,0.08566004779831758,-0.7436042446941322,1.0945469125987481,0.038673913564072654,-7.35041947565543,2.2716624257623916,0.08026524517994134,4.96656429463171,1.3305891942635382,0.04701405750262404,0.0,0.0,0.0,-3.127459425717853,3.742512979166254,0.13223519412708384
R:A:ARG:59,0.0,2.5618785711249457,0.09051952847420551,-0.6120624219725344,0.9945235956846217,0.03513976343473338,-3.574200998751561,1.686513613302632,0.05959002849008853,0.9784893882646691,1.0950019297093914,0.038689990803160934,0.0,0.0,0.0,-3.2077740324594255,3.405239549500894,0.12031822344615867
R:A:GLU:60,0.0,2.5325612869305703,0.08948365317108611,-0.5552184769038702,1.0409828985151213,0.03678132218496348,5.044078651685394,2.1103001945610527,0.07456379108039082,-5.442493133583021,1.425113972564173,0.050353926322848845,0.0,0.0,0.0,-0.953632958801498,3.7392283713384535,0.1321191382159465
R:A:GLY:61,0.0,2.232209912363454,0.07887125916114812,-0.0979450686641698,0.8362216167210226,0.02954643803132583,1.4492097378277153,2.098301435532928,0.07413983577597352,-1.6778514357053684,1.4396812967815564,0.050868637415775235,0.0,0.0,0.0,-0.3265867665418228,3.4867719793223286,0.12319903020490827
R:A:LYS:62,0.0,2.4625846097952904,0.0870111488573099,-0.058614232209737833,0.9265124577714273,0.03273670803457317,-0.8417528089887639,1.2046990661935166,0.04256594854035897,0.6217041198501873,0.8293699937386501,0.02930434783679524,0.0,0.0,0.0,-0.27866292134831455,3.010299440488911,0.10636370083675258
R:A:GLU:73,0.0,2.319537618061879,0.08195683192468646,-0.04689263420724095,1.1339110846747797,0.04006477819569929,7.562121098626717,1.671899000009869,0.05907364651984048,-7.256228464419475,1.1236600428850703,0.03970257544353433,0.0,0.0,0.0,0.25899999999999995,3.274731632937726,0.11570695295012516
R:A:ASP:75,0.0,2.4585703926819913,0.08686931346964383,-0.0374481897627965,1.228519584075243,0.04340760515553509,6.9376791510611735,1.8421954816009949,0.065090776835145,-6.684057428214732,0.8939972979221295,0.03158784135096238,0.0,0.0,0.0,0.21617353308364556,3.427352346250977,0.12109954070202865
R:A:PHE:82,0.0,2.162701992910095,0.07641531758567434,-0.1820374531835206,1.1943913000204587,0.04220174153065755,-0.14712359550561796,2.999782334127168,0.1059920971551776,0.40614731585518105,2.2047565084608047,0.0779012408299559,0.0,0.0,0.0,0.07698626716604251,4.468052797521934,0.15787088310432454
R:A:ARG:83,0.0,2.4063653950934425,0.08502474057732386,-0.7289325842696629,0.9770558906801389,0.034522572425622434,-0.8639712858926342,2.24930101985603,0.07947514375145118,1.5452334581772784,1.6801043568525207,0.059363568548437363,0.0,0.0,0.0,-0.04767041198501872,3.824570349209984,0.13513454873659222
R:A:ASN:84,0.0,2.5428221047690487,0.08984620134295006,-1.2375518102372036,1.3847567131108922,0.0489279726740707,3.151375780274657,2.364657315154513,0.0835510580335105,-2.089122347066167,1.3474830288163477,0.04761097179632925,0.0,0.0,0.0,-0.17529837702871412,3.973765234896194,0.140406090821098
R:A:SER:85,0.0,2.6791733155777555,0.09466393448940104,-0.9388064918851436,1.0133408384480012,0.03580463801595828,4.99083645443196,1.775118585333989,0.0627207312404639,-4.472782771535581,1.055216776720368,0.037284251542357816,0.0,0.0,0.0,-0.42075280898876405,3.531197778040854,0.12476873862021581
R:A:ARG:87,0.0,2.3535003234266685,0.08315684511421838,-0.04777528089887641,1.0486169425255651,0.037051057867195,2.1793308364544317,1.2893132204991764,0.04555564267977665,-2.113478152309613,0.46358429602656365,0.016379945699746608,0.0,0.0,0.0,0.018077403245942546,2.9181844089429134,0.10310897623157003
R:A:THR:100,0.0,2.4992276128623434,0.08830586570958132,-0.09015230961298377,1.0747087011325034,0.037972964827494744,2.79365418227216,2.85937749878618,0.10103113622837465,-2.780488139825219,1.824145439262966,0.06445300994806714,0.0,0.0,0.0,-0.07698626716604247,4.347951669157801,0.15362731838924612
R:A:ASP:101,0.0,2.3362539318035997,0.08254747382894463,-0.5651960049937578,1.288821060908843,0.04553825307569738,8.601490636704119,3.242316834234302,0.11456163235324308,-7.644379525593009,1.9219867271475608,0.06791006187255923,0.0,0.0,0.0,0.3919151061173533,4.617985880641095,0.1631685081126288
R:A:HIS:102,0.0,2.3283735199515125,0.08226903316705164,-1.0620936329588015,1.0889812737431515,0.03847726138447887,-1.1016342072409488,1.785765507680668,0.06309692174433297,1.4784581772784022,0.8251013653964833,0.029153523270354174,0.0,0.0,0.0,-0.6852696629213484,3.236812347754467,0.1143671408866048
R:A:TYR:103,0.0,2.5116990161466504,0.08874652107765031,-1.1342734082397006,1.0468253302675012,0.03698775436068363,3.7823358302122343,4.570740627153769,0.16149917916139783,-2.8661922596754055,2.7197887790721023,0.09609901132938382,0.0,0.0,0.0,-0.21812983770287142,5.974395040778795,0.21109486925153445
R:A:GLN:104,0.0,2.3252973640919308,0.08216034254406078,-0.6425443196004994,1.1668685193216155,0.041229271890902426,1.9545118601747813,3.738158587916922,0.13208133927731686,-1.8435880149812733,2.766855480669035,0.09776203145977183,0.0,0.0,0.0,-0.5316204744069912,5.328968835728166,0.1882898556163939
R:A:PHE:106,0.0,2.210067548472548,0.07808889720172513,-0.022108614232209743,0.9456162013565965,0.03341170562458865,0.5816853932584269,1.3850416079808325,0.048938038939342746,-0.6040212234706617,1.158989738498358,0.040950888858579504,0.0,0.0,0.0,-0.04444444444444442,3.0066902133179867,0.10623617506509787
L:B:ILE:13,0.0,2.54746337661666,0.0900101926202501,-0.026509363295880148,1.242892816179902,0.04391545834086102,-1.3213832709113607,2.006549325715728,0.07089793437956209,1.3248988764044947,0.7272717449269934,0.02569688359370464,0.0,0.0,0.0,-0.02299375780274657,3.548170880216194,0.12536845369764887
L:B:HIS:17,0.0,2.2676281130526044,0.0801226997492861,-0.027786516853932585,0.9944675649247899,0.035137783685178815,-0.6368639200998751,1.5698521807984216,0.055467999452322926,0.6165280898876405,0.6648088483769539,0.023489865662968023,0.0,0.0,0.0,-0.04812234706616726,3.0062451116354114,0.10622044817043397
L:B:LEU:26,0.0,2.417863918324272,0.08543102091891996,-0.06356679151061173,1.2672022255751763,0.044774389088300934,-0.44230961298377025,3.4685084289806363,0.1225537193834555,0.4733670411985019,2.752083100184096,0.09724007505988241,0.0,0.0,0.0,-0.03250936329588021,5.201574715436251,0.1837886057019037
L:B:PRO:27,0.0,2.2477236714899806,0.07941941088731638,-0.11945568039950062,1.0177880255696865,0.03596177164665755,-3.542302122347066,2.7778703656754518,0.09815122328494903,3.5120224719101123,2.1251552509919165,0.07508866869119385,0.0,0.0,0.0,-0.1497353308364544,4.280304052013808,0.15123710736390894
L:B:GLU:28,0.0,2.456718617819499,0.08680388422202746,-0.10853932584269663,1.0139829017716306,0.03582732420802085,-0.8291860174781523,2.8435502236862518,0.10047190695996792,0.8405593008739076,2.3297212557600124,0.08231665307037893,0.0,0.0,0.0,-0.09716604244694141,4.5361885649069205,0.1602783420703476
L:B:TYR:29,0.0,2.5078184729838537,0.08860940882678907,-1.040338327091136,1.1107497066675494,0.03924641114284295,0.7882983770287141,1.3625619160158042,0.048143758078471884,0.802601747815231,1.075639372592925,0.038005848486662386,0.0,0.0,0.0,0.550561797752809,3.2459965248209794,0.114691647827275
L:B:TYR:30,0.0,2.270843620437293,0.08023631411631658,-0.8984481897627965,0.9725741202911321,0.034364216855255016,-0.6758751560549313,2.423703406926513,0.0856373491035432,0.07157303370786514,1.923065710271719,0.06794818586669824,0.0,0.0,0.0,-1.5027503121098627,3.9591856610559297,0.1398909469090288
L:B:GLY:31,0.0,2.383231332833355,0.08420733867893626,-1.8412921348314606,1.0509919958716434,0.037134976250919834,-2.3054007490636703,2.1417008943732028,0.07567328025477733,1.7750973782771537,1.2894350046697658,0.04555994571186475,0.0,0.0,0.0,-2.3715955056179774,3.610249453072683,0.12756189221837216
L:B:GLU:32,0.0,2.451007648486385,0.08660209704249806,-0.45079026217228463,1.0470537175589612,0.036995824028842564,0.5398539325842696,2.4290572218615267,0.08582651685291189,-0.4921735330836454,1.8866793808604958,0.06666253813212791,0.0,0.0,0.0,-0.4031098626716604,4.069844966781239,0.14380090122475558
L:B:ASN:33,0.0,2.317387400393636,0.08188085771902347,-0.6079937578027467,1.1220009911128663,0.0396439557314891,-2.0333196004993757,2.2398902192980747,0.07914262946343133,1.9753333333333336,1.2214754907643746,0.04315871435633217,0.0,0.0,0.0,-0.665980024968789,3.6246766968388613,0.12807165381192162
L:B:LEU:34,0.0,2.436483430569234,0.08608890903580037,-1.0508664169787765,1.0677882566552561,0.037728442945008614,-5.269188514357054,2.0006148356782965,0.07068824948427554,5.263741573033707,0.866881110211302,0.030629737968051327,0.0,0.0,0.0,-1.0563133583021223,3.439558961330155,0.12153084023889472
L:B:ASP:35,0.0,2.396188314040204,0.08466515109928767,-2.030143570536829,1.0156006114182026,0.035884483167881925,-6.988136079900124,1.5566264440920181,0.05500069102331259,8.064803995006242,1.1324913286493667,0.040014613583130486,0.0,0.0,0.0,-0.9534756554307116,3.237095230939064,0.1143771360724702
L:B:ALA:36,0.0,2.329173598030108,0.08229730253595667,-1.7160499375780276,1.0767127946223292,0.03804377598917974,-3.1131897627965044,1.7057997480628557,0.06027147055540034,3.504253433208489,0.6837072809857087,0.024157608946325463,0.0,0.0,0.0,-1.3249862671660422,3.1561952598703584,0.11151867614495675
L:B:LEU:37,0.0,2.3031295712407487,0.08137708209650502,-0.2928239700374532,1.1531806627803534,0.04074563526038345,-2.693439450686642,1.3745198805718026,0.048566271981090196,2.6522022471910107,0.5513148082559921,0.019479750932248817,0.0,0.0,0.0,-0.3340611735330836,2.971108275176722,0.10497894909855593
L:B:TRP:38,0.0,2.238454391660497,0.07909189698836842,-0.479123595505618,1.2071257028149187,0.04265168952950004,-1.8125118601747816,1.8682920935925527,0.06601285528135832,1.2892197253433209,0.6383167270096352,0.022553812580093723,0.0,0.0,0.0,-1.0024157303370786,3.2195953343395987,0.11375880762927808
L:B:ASP:39,0.0,2.267608520238717,0.08012200747124663,-1.1262022471910111,0.9684112157784879,0.034217127856652624,-9.939822721598004,1.9257119369190239,0.06804168568790354,9.552205992509363,1.3277056763236639,0.0469121734058498,0.0,0.0,0.0,-1.5138189762796503,3.398681731324557,0.12008651433401253
L:B:ALA:40,0.0,2.2680224693055973,0.08013663364235743,-0.38112983770287134,1.1670968529434311,0.04123733966273772,-1.1630174781523097,1.7582824043081198,0.06212585403396975,0.9984931335830213,0.6979555305138957,0.024661046089448125,0.0,0.0,0.0,-0.5456541822721598,3.1756479529853427,0.11220600326036667
L:B:THR:42,0.0,2.44072453699682,0.08623876116320445,-1.1876866416978777,1.1159974713456764,0.03943183179062918,-2.9487590511860176,2.3606221951313153,0.08340848407783846,4.553031210986267,1.7065550481480285,0.06029815777170206,0.0,0.0,0.0,0.41658551810237204,3.960739060081387,0.13994583356482176
L:B:GLY:43,0.0,2.494164894008825,0.08812698333452139,-1.9289188514357054,0.9473317174026723,0.033472320403653895,-6.6909126092384525,2.4485980553799385,0.08651695825634768,7.770559300873908,1.2602475399852477,0.044528657355586435,0.0,0.0,0.0,-0.8492721598002496,3.834338560971427,0.135479691528545
L:B:TRP:44,0.0,2.4841173676136887,0.08777197144524966,-1.512825218476904,0.906275852303097,0.03202168273807466,-2.837188514357054,2.2848650755903996,0.08073173787421317,4.050474406991261,1.2977169605846668,0.04585257423560146,0.0,0.0,0.0,-0.29953932584269666,3.727848272125556,0.13171704218128205
L:B:VAL:45,0.0,2.500585663744776,0.08835385007812531,-0.7985480649188516,1.023705906616853,0.03617086969212843,-4.852209737827716,1.8577413343562752,0.06564006253392794,5.541905118601748,1.6521432123920512,0.058375610086749054,0.0,0.0,0.0,-0.10885268414481901,3.671741072651651,0.1297345917647676
L:B:GLU:46,0.0,2.2469370797949826,0.07939161803634542,-0.5176042446941324,0.9824928716084748,0.03471467870087814,-2.998111111111111,3.568771170130887,0.12609632915221858,3.2769762796504374,2.849841799359089,0.10069420885580482,0.0,0.0,0.0,-0.23873907615480655,5.183796333716314,0.18316043747080116
L:B:TYR:47,0.0,2.249546911076789,0.07948383189054174,-0.12371285892634207,1.0047268359811785,0.0355002772041849,-1.3256317103620476,1.818066129253574,0.0642382080906719,1.3258589263420724,1.4220403550165361,0.05024532538670066,0.0,0.0,0.0,-0.12348564294631707,3.3760184451081576,0.11928574648923383
L:B:SER:69,0.0,2.450402139650929,0.08658070243976777,-0.12144569288389512,0.9986308385669765,0.03528488572633229,-3.6558152309612986,1.617033528180612,0.05713507039235511,3.6872372034956307,0.9055328041229651,0.03199542842155192,0.0,0.0,0.0,-0.09002372034956306,3.2305605223158835,0.11414624349623585
L:B:GLN:72,0.0,2.345872392933102,0.08288732544248449,-0.14595380774032457,1.2617368809806386,0.04458128063217713,-1.354322097378277,1.9770794094797326,0.06985666608842475,1.4402197253433209,1.2459161093127022,0.044022281151241224,0.0,0.0,0.0,-0.0600561797752809,3.543479530572465,0.12520269300842482
L:B:VAL:73,0.0,2.6049175983636825,0.09204023772855874,-0.30657303370786515,1.166692743890694,0.04122306117143129,-4.471429463171036,1.669822491926339,0.05900027671429521,4.312820224719101,0.6999663872953421,0.024732096220292446,0.0,0.0,0.0,-0.4651822721598003,3.3800928612685173,0.11942970890564199
L:B:GLU:76,0.0,2.2442374202766135,0.07929623025747176,-0.08897503121098628,1.1716503089241461,0.04139822811894639,-2.24587265917603,2.3406767092628917,0.08270374498663094,2.336504369538077,1.484570363334819,0.05245471459517266,0.0,0.0,0.0,0.0016566791510611069,3.7539422832470013,0.13263902873026853
L:B:GLU:80,0.0,2.508486088714014,0.08863299786874336,-0.10263795255930086,1.051975729913229,0.03716973478420553,-2.050440699126092,2.0149651936814226,0.07119529445296374,2.1189687890137328,1.3299735911764163,0.04699230623704822,0.0,0.0,0.0,-0.03410986267166041,3.637041363329885,0.1285085378208373
L:B:GLY:81,0.0,2.4365842592427556,0.08609247164180626,-0.07601997503121098,0.8767916951267684,0.030979911268051906,-0.8438314606741575,2.457031700779103,0.08681494646447567,0.8630012484394507,1.9982266332838639,0.07060386650177139,0.0,0.0,0.0,-0.05685018726591759,4.090919332574434,0.14454552732686446
L:B:ALA:82,0.0,2.38235635564277,0.0841764228800338,-0.051188514357053676,1.0261929646915429,0.03625874556834923,0.661521847690387,2.746092612307523,0.0970284115782367,-0.6585767790262173,2.172965854396359,0.07677797329954497,0.0,0.0,0.0,-0.04824344569288391,4.3579237081202296,0.15397966306122995

