Mutation,Chain,Position,DDG
V_A_3_A,A,3,-0.028840534389019012
V_A_3_C,A,3,0.3270763158798218
V_A_3_D,A,3,0.2773980498313904
V_A_3_E,A,3,0.2127813696861267
V_A_3_F,A,3,-0.061684586107730865
V_A_3_G,A,3,0.062101006507873535
V_A_3_H,A,3,0.08520627021789551
V_A_3_I,A,3,-0.08280280232429504
V_A_3_K,A,3,0.08970077335834503
V_A_3_L,A,3,-0.10832677781581879
V_A_3_M,A,3,0.05808974802494049
V_A_3_N,A,3,0.034867919981479645
V_A_3_P,A,3,0.19181421399116516
V_A_3_Q,A,3,0.04217953234910965
V_A_3_R,A,3,-0.21135213971138
V_A_3_S,A,3,0.06152662634849548
V_A_3_T,A,3,0.08053112030029297
V_A_3_W,A,3,0.20014914870262146
V_A_3_Y,A,3,-0.13890478014945984
I_A_4_A,A,4,1.6967878341674805
I_A_4_C,A,4,0.984954297542572
I_A_4_D,A,4,1.9653280973434448
I_A_4_E,A,4,1.8563910722732544
I_A_4_F,A,4,1.6135647296905518
I_A_4_G,A,4,2.7486908435821533
I_A_4_H,A,4,2.2262344360351562
I_A_4_K,A,4,1.2708553075790405
I_A_4_L,A,4,0.8468291163444519
I_A_4_M,A,4,1.4691542387008667
I_A_4_N,A,4,0.5515180826187134
I_A_4_P,A,4,2.582765817642212
I_A_4_Q,A,4,1.9264321327209473
I_A_4_R,A,4,1.5062439441680908
I_A_4_S,A,4,1.816256046295166
I_A_4_T,A,4,0.7350414991378784
I_A_4_V,A,4,0.26911240816116333
I_A_4_W,A,4,2.0016281604766846
I_A_4_Y,A,4,1.3509095907211304
N_A_5_A,A,5,1.2891303300857544
N_A_5_C,A,5,1.1439905166625977
N_A_5_D,A,5,1.0520697832107544
N_A_5_E,A,5,2.266024351119995
N_A_5_F,A,5,3.1335530281066895
N_A_5_G,A,5,1.6581052541732788
N_A_5_H,A,5,1.807121992111206
N_A_5_I,A,5,1.4472784996032715
N_A_5_K,A,5,1.4152803421020508
N_A_5_L,A,5,1.149699091911316
N_A_5_M,A,5,1.9462120532989502
N_A_5_P,A,5,4.261414527893066
N_A_5_Q,A,5,1.583336591720581
N_A_5_R,A,5,0.4713090658187866
N_A_5_S,A,5,1.3928806781768799
N_A_5_T,A,5,1.635873794555664
N_A_5_V,A,5,1.361536979675293
N_A_5_W,A,5,2.6406426429748535
N_A_5_Y,A,5,2.346529960632324
T_A_6_A,A,6,0.656216025352478
T_A_6_C,A,6,1.2607593536376953
T_A_6_D,A,6,0.2671564519405365
T_A_6_E,A,6,0.7153966426849365
T_A_6_F,A,6,1.2653405666351318
T_A_6_G,A,6,0.44067737460136414
T_A_6_H,A,6,1.105764389038086
T_A_6_I,A,6,1.2841072082519531
T_A_6_K,A,6,0.7785433530807495
T_A_6_L,A,6,1.0049989223480225
T_A_6_M,A,6,1.2802454233169556
T_A_6_N,A,6,0.9095086455345154
T_A_6_P,A,6,2.819448232650757
T_A_6_Q,A,6,0.9039716720581055
T_A_6_R,A,6,0.7101221680641174
T_A_6_S,A,6,0.21763373911380768
T_A_6_V,A,6,1.083380937576294
T_A_6_W,A,6,1.1316741704940796
T_A_6_Y,A,6,1.0813422203063965
F_A_7_A,A,7,2.3908660411834717
F_A_7_C,A,7,2.1758549213409424
F_A_7_D,A,7,2.404634714126587
F_A_7_E,A,7,2.039114236831665
F_A_7_G,A,7,2.967036008834839
F_A_7_H,A,7,1.6127554178237915
F_A_7_I,A,7,1.3073787689208984
F_A_7_K,A,7,2.5968804359436035
F_A_7_L,A,7,2.04685640335083
F_A_7_M,A,7,2.2574832439422607
F_A_7_N,A,7,2.2235419750213623
F_A_7_P,A,7,2.5673015117645264
F_A_7_Q,A,7,2.219491720199585
F_A_7_R,A,7,2.0445549488067627
F_A_7_S,A,7,2.377390146255493
F_A_7_T,A,7,1.7166855335235596
F_A_7_V,A,7,1.0918039083480835
F_A_7_W,A,7,1.4183087348937988
F_A_7_Y,A,7,0.35170358419418335
D_A_8_A,A,8,0.6727912425994873
D_A_8_C,A,8,1.1294052600860596
D_A_8_E,A,8,-0.05124247819185257
D_A_8_F,A,8,0.7503072023391724
D_A_8_G,A,8,0.5803247690200806
D_A_8_H,A,8,0.605030357837677
D_A_8_I,A,8,0.7896374464035034
D_A_8_K,A,8,0.4254114031791687
D_A_8_L,A,8,0.8673267364501953
D_A_8_M,A,8,1.002600908279419
D_A_8_N,A,8,0.5049076676368713
D_A_8_P,A,8,2.07965350151062
D_A_8_Q,A,8,0.3377123475074768
D_A_8_R,A,8,0.6114648580551147
D_A_8_S,A,8,0.5708961486816406
D_A_8_T,A,8,0.6060268878936768
D_A_8_V,A,8,0.8881435394287109
D_A_8_W,A,8,0.8727380037307739
D_A_8_Y,A,8,0.5239495038986206
G_A_9_A,A,9,0.01800447702407837
G_A_9_C,A,9,0.8833694458007812
G_A_9_D,A,9,0.2625555098056793
G_A_9_E,A,9,-0.31398478150367737
G_A_9_F,A,9,0.9637268781661987
G_A_9_H,A,9,0.5852121114730835
G_A_9_I,A,9,1.6343883275985718
G_A_9_K,A,9,0.4136921167373657
G_A_9_L,A,9,0.8113619089126587
G_A_9_M,A,9,0.47857385873794556
G_A_9_N,A,9,0.30862435698509216
G_A_9_P,A,9,1.2558259963989258
G_A_9_Q,A,9,-0.22184768319129944
G_A_9_R,A,9,0.41466736793518066
G_A_9_S,A,9,0.3300051987171173
G_A_9_T,A,9,0.7451451420783997
G_A_9_V,A,9,1.5430717468261719
G_A_9_W,A,9,1.009984016418457
G_A_9_Y,A,9,0.6842249631881714
V_A_10_A,A,10,1.6345460414886475
V_A_10_C,A,10,1.3510379791259766
V_A_10_D,A,10,3.605588674545288
V_A_10_E,A,10,2.813986301422119
V_A_10_F,A,10,1.8979697227478027
V_A_10_G,A,10,3.2280657291412354
V_A_10_H,A,10,2.568861961364746
V_A_10_I,A,10,0.05887853354215622
V_A_10_K,A,10,2.486511707305908
V_A_10_L,A,10,0.6292325854301453
V_A_10_M,A,10,0.6873252391815186
V_A_10_N,A,10,2.2038543224334717
V_A_10_P,A,10,3.331289291381836
V_A_10_Q,A,10,1.0758471488952637
V_A_10_R,A,10,2.136363983154297
V_A_10_S,A,10,2.4594600200653076
V_A_10_T,A,10,1.4202415943145752
V_A_10_W,A,10,2.312833309173584
V_A_10_Y,A,10,2.388646364212036
A_A_11_C,A,11,0.4084150493144989
A_A_11_D,A,11,1.7249565124511719
A_A_11_E,A,11,1.8498977422714233
A_A_11_F,A,11,1.600019931793213
A_A_11_G,A,11,1.1566433906555176
A_A_11_H,A,11,1.623721957206726
A_A_11_I,A,11,0.45042023062705994
A_A_11_K,A,11,1.8301910161972046
A_A_11_L,A,11,1.4284814596176147
A_A_11_M,A,11,1.326440691947937
A_A_11_N,A,11,1.0429632663726807
A_A_11_P,A,11,2.569849967956543
A_A_11_Q,A,11,1.8405991792678833
A_A_11_R,A,11,1.1692931652069092
A_A_11_S,A,11,0.09910397976636887
A_A_11_T,A,11,0.13554397225379944
A_A_11_V,A,11,0.464808851480484
A_A_11_W,A,11,1.9026297330856323
A_A_11_Y,A,11,1.1509655714035034
D_A_12_A,A,12,0.5570817589759827
D_A_12_C,A,12,0.8715559840202332
D_A_12_E,A,12,0.09916654229164124
D_A_12_F,A,12,0.5561065673828125
D_A_12_G,A,12,0.8145126700401306
D_A_12_H,A,12,0.18640640377998352
D_A_12_I,A,12,0.6500191688537598
D_A_12_K,A,12,0.47067713737487793
D_A_12_L,A,12,0.3948597013950348
D_A_12_M,A,12,0.8884689211845398
D_A_12_N,A,12,0.3005748391151428
D_A_12_P,A,12,3.361229419708252
D_A_12_Q,A,12,0.46754947304725647
D_A_12_R,A,12,0.4108062982559204
D_A_12_S,A,12,0.4001064598560333
D_A_12_T,A,12,0.23943793773651123
D_A_12_V,A,12,0.86057049036026
D_A_12_W,A,12,0.5059300065040588
D_A_12_Y,A,12,0.29295703768730164
Y_A_13_A,A,13,3.1979191303253174
Y_A_13_C,A,13,2.635626792907715
Y_A_13_D,A,13,3.5913844108581543
Y_A_13_E,A,13,3.0807108879089355
Y_A_13_F,A,13,0.8554769158363342
Y_A_13_G,A,13,3.6161835193634033
Y_A_13_H,A,13,0.9785459041595459
Y_A_13_I,A,13,2.8883914947509766
Y_A_13_K,A,13,3.1993939876556396
Y_A_13_L,A,13,1.9915882349014282
Y_A_13_M,A,13,2.5330898761749268
Y_A_13_N,A,13,2.6778130531311035
Y_A_13_P,A,13,5.379809379577637
Y_A_13_Q,A,13,3.0885205268859863
Y_A_13_R,A,13,2.835556745529175
Y_A_13_S,A,13,3.0182621479034424
Y_A_13_T,A,13,2.771355390548706
Y_A_13_V,A,13,2.919973373413086
Y_A_13_W,A,13,0.5879254937171936
L_A_14_A,A,14,2.8908631801605225
L_A_14_C,A,14,2.4730262756347656
L_A_14_D,A,14,5.7780303955078125
L_A_14_E,A,14,4.203681945800781
L_A_14_F,A,14,1.2956684827804565
L_A_14_G,A,14,4.342861652374268
L_A_14_H,A,14,2.827078104019165
L_A_14_I,A,14,0.38870665431022644
L_A_14_K,A,14,3.2894415855407715
L_A_14_M,A,14,1.8997526168823242
L_A_14_N,A,14,4.221309185028076
L_A_14_P,A,14,5.416458606719971
L_A_14_Q,A,14,3.0202829837799072
L_A_14_R,A,14,3.3259968757629395
L_A_14_S,A,14,3.7554712295532227
L_A_14_T,A,14,3.802920341491699
L_A_14_V,A,14,1.5142983198165894
L_A_14_W,A,14,2.0141193866729736
L_A_14_Y,A,14,0.8721108436584473
Q_A_15_A,A,15,-0.004769628867506981
Q_A_15_C,A,15,0.24743875861167908
Q_A_15_D,A,15,-0.008158594369888306
Q_A_15_E,A,15,-0.07385187596082687
Q_A_15_F,A,15,0.6738902926445007
Q_A_15_G,A,15,0.4553886950016022
Q_A_15_H,A,15,-0.14023321866989136
Q_A_15_I,A,15,0.022119781002402306
Q_A_15_K,A,15,0.22859464585781097
Q_A_15_L,A,15,-0.2732056677341461
Q_A_15_M,A,15,-0.0891086757183075
Q_A_15_N,A,15,0.21488431096076965
Q_A_15_P,A,15,2.542346477508545
Q_A_15_R,A,15,0.21224939823150635
Q_A_15_S,A,15,0.09630220383405685
Q_A_15_T,A,15,0.22306106984615326
Q_A_15_V,A,15,0.1373610496520996
Q_A_15_W,A,15,0.2605491876602173
Q_A_15_Y,A,15,0.5714044570922852
T_A_16_A,A,16,0.30788618326187134
T_A_16_C,A,16,0.8780195713043213
T_A_16_D,A,16,0.35551556944847107
T_A_16_E,A,16,0.053518541157245636
T_A_16_F,A,16,0.5948004126548767
T_A_16_G,A,16,1.010746717453003
T_A_16_H,A,16,0.33203187584877014
T_A_16_I,A,16,0.3937501609325409
T_A_16_K,A,16,0.07561614364385605
T_A_16_L,A,16,0.28141114115715027
T_A_16_M,A,16,0.5065260529518127
T_A_16_N,A,16,0.46561092138290405
T_A_16_P,A,16,3.118894577026367
T_A_16_Q,A,16,0.16378146409988403
T_A_16_R,A,16,0.04324885457754135
T_A_16_S,A,16,0.3900061547756195
T_A_16_V,A,16,0.6570194959640503
T_A_16_W,A,16,0.6888505220413208
T_A_16_Y,A,16,0.40181902050971985
Y_A_17_A,A,17,0.36182019114494324
Y_A_17_C,A,17,0.8684620261192322
Y_A_17_D,A,17,0.9621577262878418
Y_A_17_E,A,17,0.3197663128376007
Y_A_17_F,A,17,0.45556503534317017
Y_A_17_G,A,17,1.1148617267608643
Y_A_17_H,A,17,0.10278097540140152
Y_A_17_I,A,17,1.333203911781311
Y_A_17_K,A,17,0.588718593120575
Y_A_17_L,A,17,0.9745248556137085
Y_A_17_M,A,17,0.9140370488166809
Y_A_17_N,A,17,0.4755670130252838
Y_A_17_P,A,17,4.119040489196777
Y_A_17_Q,A,17,0.603100597858429
Y_A_17_R,A,17,0.4745010733604431
Y_A_17_S,A,17,0.7286648154258728
Y_A_17_T,A,17,1.0285494327545166
Y_A_17_V,A,17,1.0595829486846924
Y_A_17_W,A,17,0.6569931507110596
H_A_18_A,A,18,0.9823933839797974
H_A_18_C,A,18,1.3039484024047852
H_A_18_D,A,18,1.0957032442092896
H_A_18_E,A,18,0.8287811279296875
H_A_18_F,A,18,0.36781635880470276
H_A_18_G,A,18,0.6842862367630005
H_A_18_I,A,18,1.100131869316101
H_A_18_K,A,18,0.30773264169692993
H_A_18_L,A,18,0.30883145332336426
H_A_18_M,A,18,1.0039621591567993
H_A_18_N,A,18,0.8406853675842285
H_A_18_P,A,18,3.4863457679748535
H_A_18_Q,A,18,0.6683868169784546
H_A_18_R,A,18,0.10663675516843796
H_A_18_S,A,18,1.0751533508300781
H_A_18_T,A,18,1.0764576196670532
H_A_18_V,A,18,1.1595524549484253
H_A_18_W,A,18,0.7686061859130859
H_A_18_Y,A,18,0.1766679435968399
K_A_19_A,A,19,0.11618899554014206
K_A_19_C,A,19,0.5199484825134277
K_A_19_D,A,19,0.4609714448451996
K_A_19_E,A,19,0.2203769087791443
K_A_19_F,A,19,0.6936141848564148
K_A_19_G,A,19,0.5791642665863037
K_A_19_H,A,19,0.15055829286575317
K_A_19_I,A,19,1.2120740413665771
K_A_19_L,A,19,0.8650423884391785
K_A_19_M,A,19,0.7717958688735962
K_A_19_N,A,19,0.5716550350189209
K_A_19_P,A,19,2.2668814659118652
K_A_19_Q,A,19,0.2050667405128479
K_A_19_R,A,19,0.014187239110469818
K_A_19_S,A,19,0.27251777052879333
K_A_19_T,A,19,0.2931002080440521
K_A_19_V,A,19,0.801284909248352
K_A_19_W,A,19,0.9793761968612671
K_A_19_Y,A,19,0.6252654194831848
L_A_20_A,A,20,3.2141470909118652
L_A_20_C,A,20,3.12050724029541
L_A_20_D,A,20,4.5779314041137695
L_A_20_E,A,20,3.7751049995422363
L_A_20_F,A,20,0.1935308575630188
L_A_20_G,A,20,3.9302706718444824
L_A_20_H,A,20,2.3521933555603027
L_A_20_I,A,20,2.3909177780151367
L_A_20_K,A,20,3.6638784408569336
L_A_20_M,A,20,1.4818086624145508
L_A_20_N,A,20,3.5761642456054688
L_A_20_P,A,20,3.348186492919922
L_A_20_Q,A,20,2.9708545207977295
L_A_20_R,A,20,3.1473588943481445
L_A_20_S,A,20,3.477731227874756
L_A_20_T,A,20,2.8231334686279297
L_A_20_V,A,20,2.403925657272339
L_A_20_W,A,20,1.0253766775131226
L_A_20_Y,A,20,0.6627839803695679
P_A_21_A,A,21,1.7667758464813232
P_A_21_C,A,21,2.1886749267578125
P_A_21_D,A,21,2.3031163215637207
P_A_21_E,A,21,2.5998995304107666
P_A_21_F,A,21,2.220332384109497
P_A_21_G,A,21,3.0412180423736572
P_A_21_H,A,21,1.7267017364501953
P_A_21_I,A,21,3.0444564819335938
P_A_21_K,A,21,3.3933606147766113
P_A_21_L,A,21,3.921386480331421
P_A_21_M,A,21,2.753838539123535
P_A_21_N,A,21,2.323524236679077
P_A_21_Q,A,21,2.389139175415039
P_A_21_R,A,21,3.3139796257019043
P_A_21_S,A,21,1.8092602491378784
P_A_21_T,A,21,1.8485392332077026
P_A_21_V,A,21,2.2823405265808105
P_A_21_W,A,21,2.2108216285705566
P_A_21_Y,A,21,1.8166110515594482
D_A_22_A,A,22,0.28500330448150635
D_A_22_C,A,22,1.126003384590149
D_A_22_E,A,22,-0.010988965630531311
D_A_22_F,A,22,1.0775818824768066
D_A_22_G,A,22,0.6156802773475647
D_A_22_H,A,22,0.7009134292602539
D_A_22_I,A,22,0.8970198631286621
D_A_22_K,A,22,0.3797658085823059
D_A_22_L,A,22,0.8954960107803345
D_A_22_M,A,22,1.0211201906204224
D_A_22_N,A,22,0.4565461575984955
D_A_22_P,A,22,0.4523979723453522
D_A_22_Q,A,22,0.44927582144737244
D_A_22_R,A,22,0.5988594889640808
D_A_22_S,A,22,0.326600044965744
D_A_22_T,A,22,0.4701712429523468
D_A_22_V,A,22,0.7443432807922363
D_A_22_W,A,22,1.1603600978851318
D_A_22_Y,A,22,0.9232778549194336
N_A_23_A,A,23,2.5125746726989746
N_A_23_C,A,23,1.4075120687484741
N_A_23_D,A,23,1.78025484085083
N_A_23_E,A,23,2.1404519081115723
N_A_23_F,A,23,2.2341525554656982
N_A_23_G,A,23,1.7802462577819824
N_A_23_H,A,23,1.8748456239700317
N_A_23_I,A,23,2.881192445755005
N_A_23_K,A,23,3.241119861602783
N_A_23_L,A,23,3.4501140117645264
N_A_23_M,A,23,2.448425769805908
N_A_23_P,A,23,3.4517226219177246
N_A_23_Q,A,23,1.9462909698486328
N_A_23_R,A,23,2.468195915222168
N_A_23_S,A,23,1.5941959619522095
N_A_23_T,A,23,1.7663536071777344
N_A_23_V,A,23,2.576615333557129
N_A_23_W,A,23,1.5259966850280762
N_A_23_Y,A,23,1.9698143005371094
Y_A_24_A,A,24,2.7582502365112305
Y_A_24_C,A,24,2.4353787899017334
Y_A_24_D,A,24,3.716723918914795
Y_A_24_E,A,24,4.15257453918457
Y_A_24_F,A,24,0.2335420548915863
Y_A_24_G,A,24,4.348814010620117
Y_A_24_H,A,24,1.2083649635314941
Y_A_24_I,A,24,2.3269596099853516
Y_A_24_K,A,24,2.1180758476257324
Y_A_24_L,A,24,2.5079691410064697
Y_A_24_M,A,24,1.413131594657898
Y_A_24_N,A,24,2.5750463008880615
Y_A_24_P,A,24,5.656044960021973
Y_A_24_Q,A,24,3.049839735031128
Y_A_24_R,A,24,2.794034242630005
Y_A_24_S,A,24,2.8395168781280518
Y_A_24_T,A,24,2.931320905685425
Y_A_24_V,A,24,3.0228657722473145
Y_A_24_W,A,24,2.1681020259857178
I_A_25_A,A,25,0.9469562768936157
I_A_25_C,A,25,1.1179423332214355
I_A_25_D,A,25,1.812026023864746
I_A_25_E,A,25,1.3965169191360474
I_A_25_F,A,25,0.68680340051651
I_A_25_G,A,25,1.627532958984375
I_A_25_H,A,25,1.0078394412994385
I_A_25_K,A,25,1.4969409704208374
I_A_25_L,A,25,0.3147490918636322
I_A_25_M,A,25,0.4449511170387268
I_A_25_N,A,25,1.5628480911254883
I_A_25_P,A,25,4.269586563110352
I_A_25_Q,A,25,1.2802720069885254
I_A_25_R,A,25,1.1403172016143799
I_A_25_S,A,25,1.4462621212005615
I_A_25_T,A,25,1.0534802675247192
I_A_25_V,A,25,0.20758038759231567
I_A_25_W,A,25,0.8034548759460449
I_A_25_Y,A,25,0.8458300828933716
T_A_26_A,A,26,1.565380573272705
T_A_26_C,A,26,1.889762043952942
T_A_26_D,A,26,1.6344239711761475
T_A_26_E,A,26,1.559441089630127
T_A_26_F,A,26,2.085601568222046
T_A_26_G,A,26,1.4855611324310303
T_A_26_H,A,26,1.790238618850708
T_A_26_I,A,26,1.8334747552871704
T_A_26_K,A,26,0.7069478631019592
T_A_26_L,A,26,1.2816059589385986
T_A_26_M,A,26,1.3669077157974243
T_A_26_N,A,26,1.766205072402954
T_A_26_P,A,26,1.4016886949539185
T_A_26_Q,A,26,1.4795105457305908
T_A_26_R,A,26,0.31874218583106995
T_A_26_S,A,26,0.4649471938610077
T_A_26_V,A,26,1.7589526176452637
T_A_26_W,A,26,1.917145013809204
T_A_26_Y,A,26,1.7796006202697754
K_A_27_A,A,27,5.094487190246582
K_A_27_C,A,27,4.339146614074707
K_A_27_D,A,27,4.418718338012695
K_A_27_E,A,27,4.248245716094971
K_A_27_F,A,27,3.166069746017456
K_A_27_G,A,27,4.634045600891113
K_A_27_H,A,27,2.5245816707611084
K_A_27_I,A,27,2.7629973888397217
K_A_27_L,A,27,2.818626642227173
K_A_27_M,A,27,3.5731282234191895
K_A_27_N,A,27,4.005331039428711
K_A_27_P,A,27,5.176054000854492
K_A_27_Q,A,27,3.418468713760376
K_A_27_R,A,27,0.3132714033126831
K_A_27_S,A,27,4.0848188400268555
K_A_27_T,A,27,3.1804261207580566
K_A_27_V,A,27,3.3124570846557617
K_A_27_W,A,27,3.3713207244873047
K_A_27_Y,A,27,2.3573296070098877
S_A_28_A,A,28,-0.41186022758483887
S_A_28_C,A,28,0.8679368495941162
S_A_28_D,A,28,0.02700664848089218
S_A_28_E,A,28,-0.11813264340162277
S_A_28_F,A,28,0.6452463865280151
S_A_28_G,A,28,0.20541884005069733
S_A_28_H,A,28,0.19333118200302124
S_A_28_I,A,28,0.5033569931983948
S_A_28_K,A,28,-0.10143263638019562
S_A_28_L,A,28,0.358994722366333
S_A_28_M,A,28,0.49029457569122314
S_A_28_N,A,28,0.2777630388736725
S_A_28_P,A,28,1.0870716571807861
S_A_28_Q,A,28,0.05666803568601608
S_A_28_R,A,28,-0.21838489174842834
S_A_28_T,A,28,0.11074250936508179
S_A_28_V,A,28,0.2573378384113312
S_A_28_W,A,28,0.6612334251403809
S_A_28_Y,A,28,0.4738721549510956
E_A_29_A,A,29,0.8547599911689758
E_A_29_C,A,29,1.8425559997558594
E_A_29_D,A,29,1.0881998538970947
E_A_29_F,A,29,1.9371668100357056
E_A_29_G,A,29,1.148916244506836
E_A_29_H,A,29,1.5074262619018555
E_A_29_I,A,29,1.991560935974121
E_A_29_K,A,29,1.3499631881713867
E_A_29_L,A,29,2.175091028213501
E_A_29_M,A,29,1.6290192604064941
E_A_29_N,A,29,1.0668654441833496
E_A_29_P,A,29,2.6769914627075195
E_A_29_Q,A,29,0.2664092779159546
E_A_29_R,A,29,1.6428972482681274
E_A_29_S,A,29,1.1232584714889526
E_A_29_T,A,29,0.9697152376174927
E_A_29_V,A,29,1.6859103441238403
E_A_29_W,A,29,1.802160620689392
E_A_29_Y,A,29,1.643225908279419
A_A_30_C,A,30,0.718529462814331
A_A_30_D,A,30,4.061776161193848
A_A_30_E,A,30,3.5177440643310547
A_A_30_F,A,30,1.0518649816513062
A_A_30_G,A,30,1.779416561126709
A_A_30_H,A,30,1.9431670904159546
A_A_30_I,A,30,2.0172455310821533
A_A_30_K,A,30,3.4596264362335205
A_A_30_L,A,30,-0.11175943166017532
A_A_30_M,A,30,0.21983987092971802
A_A_30_N,A,30,2.1732077598571777
A_A_30_P,A,30,3.1612658500671387
A_A_30_Q,A,30,2.074143171310425
A_A_30_R,A,30,3.130507469177246
A_A_30_S,A,30,1.1269056797027588
A_A_30_T,A,30,2.166278123855591
A_A_30_V,A,30,1.6023998260498047
A_A_30_W,A,30,3.283665180206299
A_A_30_Y,A,30,0.9987712502479553
Q_A_31_A,A,31,0.19102352857589722
Q_A_31_C,A,31,0.8074411153793335
Q_A_31_D,A,31,0.7919701933860779
Q_A_31_E,A,31,-0.1362091600894928
Q_A_31_F,A,31,0.5588955283164978
Q_A_31_G,A,31,0.6219086050987244
Q_A_31_H,A,31,0.4308620095252991
Q_A_31_I,A,31,-0.08663632720708847
Q_A_31_K,A,31,0.027527259662747383
Q_A_31_L,A,31,0.6497178673744202
Q_A_31_M,A,31,0.22546927630901337
Q_A_31_N,A,31,0.4557286500930786
Q_A_31_P,A,31,2.9155495166778564
Q_A_31_R,A,31,-0.47206777334213257
Q_A_31_S,A,31,0.45577335357666016
Q_A_31_T,A,31,0.22761428356170654
Q_A_31_V,A,31,-0.002770187333226204
Q_A_31_W,A,31,0.9004333019256592
Q_A_31_Y,A,31,0.5101861357688904
A_A_32_C,A,32,0.959212064743042
A_A_32_D,A,32,0.3056216239929199
A_A_32_E,A,32,0.049349524080753326
A_A_32_F,A,32,0.6202867031097412
A_A_32_G,A,32,0.4926316738128662
A_A_32_H,A,32,0.5391425490379333
A_A_32_I,A,32,0.6724408268928528
A_A_32_K,A,32,0.003807390108704567
A_A_32_L,A,32,0.4167620539665222
A_A_32_M,A,32,0.4565691351890564
A_A_32_N,A,32,0.3783087432384491
A_A_32_P,A,32,2.831451654434204
A_A_32_Q,A,32,0.256105899810791
A_A_32_R,A,32,0.14978235960006714
A_A_32_S,A,32,0.31531351804733276
A_A_32_T,A,32,0.30930235981941223
A_A_32_V,A,32,0.6418843865394592
A_A_32_W,A,32,0.9141029119491577
A_A_32_Y,A,32,0.4410151541233063
L_A_33_A,A,33,0.538079559803009
L_A_33_C,A,33,1.3053697347640991
L_A_33_D,A,33,0.6531857252120972
L_A_33_E,A,33,0.5823114514350891
L_A_33_F,A,33,0.4710172414779663
L_A_33_G,A,33,1.3259527683258057
L_A_33_H,A,33,0.5762507319450378
L_A_33_I,A,33,1.6541273593902588
L_A_33_K,A,33,0.6604926586151123
L_A_33_M,A,33,0.22197645902633667
L_A_33_N,A,33,0.7708060145378113
L_A_33_P,A,33,3.7298686504364014
L_A_33_Q,A,33,0.7797437906265259
L_A_33_R,A,33,0.17847397923469543
L_A_33_S,A,33,0.8974964022636414
L_A_33_T,A,33,1.5739353895187378
L_A_33_V,A,33,1.9445834159851074
L_A_33_W,A,33,0.6428030133247375
L_A_33_Y,A,33,0.25014281272888184
G_A_34_A,A,34,1.906043291091919
G_A_34_C,A,34,2.842371940612793
G_A_34_D,A,34,1.8582630157470703
G_A_34_E,A,34,2.040287494659424
G_A_34_F,A,34,2.863267183303833
G_A_34_H,A,34,2.5660696029663086
G_A_34_I,A,34,2.777698516845703
G_A_34_K,A,34,1.9091906547546387
G_A_34_L,A,34,2.350156784057617
G_A_34_M,A,34,2.975592613220215
G_A_34_N,A,34,1.9348057508468628
G_A_34_P,A,34,3.0082733631134033
G_A_34_Q,A,34,2.2568821907043457
G_A_34_R,A,34,2.0951876640319824
G_A_34_S,A,34,1.9731076955795288
G_A_34_T,A,34,2.6020240783691406
G_A_34_V,A,34,2.80523943901062
G_A_34_W,A,34,3.242750883102417
G_A_34_Y,A,34,2.7023985385894775
W_A_35_A,A,35,3.0116472244262695
W_A_35_C,A,35,3.2090461254119873
W_A_35_D,A,35,3.8906748294830322
W_A_35_E,A,35,3.623577833175659
W_A_35_F,A,35,1.3599458932876587
W_A_35_G,A,35,2.9911041259765625
W_A_35_H,A,35,1.877750277519226
W_A_35_I,A,35,3.3126220703125
W_A_35_K,A,35,4.025458812713623
W_A_35_L,A,35,2.0845987796783447
W_A_35_M,A,35,2.573068857192993
W_A_35_N,A,35,3.362220525741577
W_A_35_P,A,35,4.822149753570557
W_A_35_Q,A,35,3.5143518447875977
W_A_35_R,A,35,3.191956043243408
W_A_35_S,A,35,3.3837201595306396
W_A_35_T,A,35,3.62636137008667
W_A_35_V,A,35,3.0290045738220215
W_A_35_Y,A,35,0.7554240226745605
V_A_36_A,A,36,0.5904053449630737
V_A_36_C,A,36,0.8392990231513977
V_A_36_D,A,36,-0.15451940894126892
V_A_36_E,A,36,0.17641150951385498
V_A_36_F,A,36,0.966117262840271
V_A_36_G,A,36,1.5357630252838135
V_A_36_H,A,36,0.5829649567604065
V_A_36_I,A,36,0.1070600152015686
V_A_36_K,A,36,0.4829656779766083
V_A_36_L,A,36,0.5957393050193787
V_A_36_M,A,36,0.9820556640625
V_A_36_N,A,36,0.27738556265830994
V_A_36_P,A,36,1.997171401977539
V_A_36_Q,A,36,0.5540032386779785
V_A_36_R,A,36,0.3293542265892029
V_A_36_S,A,36,0.7992995977401733
V_A_36_T,A,36,0.5582579970359802
V_A_36_W,A,36,1.4904770851135254
V_A_36_Y,A,36,0.7063862681388855
A_A_37_C,A,37,0.409354567527771
A_A_37_D,A,37,0.3140520453453064
A_A_37_E,A,37,0.2900184094905853
A_A_37_F,A,37,0.011217832565307617
A_A_37_G,A,37,0.9508404731750488
A_A_37_H,A,37,0.32782572507858276
A_A_37_I,A,37,2.94443941116333
A_A_37_K,A,37,1.777190923690796
A_A_37_L,A,37,2.257514476776123
A_A_37_M,A,37,0.8819552659988403
A_A_37_N,A,37,0.3555126190185547
A_A_37_P,A,37,-0.014355868101119995
A_A_37_Q,A,37,0.9878950715065002
A_A_37_R,A,37,1.2146806716918945
A_A_37_S,A,37,0.14444246888160706
A_A_37_T,A,37,0.6680249571800232
A_A_37_V,A,37,1.6568856239318848
A_A_37_W,A,37,-0.7265260815620422
A_A_37_Y,A,37,-0.25521597266197205
S_A_38_A,A,38,0.08729936182498932
S_A_38_C,A,38,0.8551185131072998
S_A_38_D,A,38,0.7493000030517578
S_A_38_E,A,38,0.2686401903629303
S_A_38_F,A,38,0.29403814673423767
S_A_38_G,A,38,0.40013542771339417
S_A_38_H,A,38,0.11523973196744919
S_A_38_I,A,38,1.6402578353881836
S_A_38_K,A,38,0.8461747169494629
S_A_38_L,A,38,1.4831173419952393
S_A_38_M,A,38,1.1128339767456055
S_A_38_N,A,38,0.7617390155792236
S_A_38_P,A,38,0.6094921827316284
S_A_38_Q,A,38,0.4828338623046875
S_A_38_R,A,38,0.6564339399337769
S_A_38_T,A,38,1.1231422424316406
S_A_38_V,A,38,1.1191719770431519
S_A_38_W,A,38,-0.11931708455085754
S_A_38_Y,A,38,-0.0553738996386528
K_A_39_A,A,39,-0.2369822859764099
K_A_39_C,A,39,0.6596957445144653
K_A_39_D,A,39,0.012042514979839325
K_A_39_E,A,39,0.0021842345595359802
K_A_39_F,A,39,0.6532060503959656
K_A_39_G,A,39,0.3553093671798706
K_A_39_H,A,39,0.5053980350494385
K_A_39_I,A,39,0.586184024810791
K_A_39_L,A,39,0.14333118498325348
K_A_39_M,A,39,0.27669790387153625
K_A_39_N,A,39,0.2925504744052887
K_A_39_P,A,39,2.325148105621338
K_A_39_Q,A,39,0.08034181594848633
K_A_39_R,A,39,-0.133449986577034
K_A_39_S,A,39,0.03662940859794617
K_A_39_T,A,39,0.16407239437103271
K_A_39_V,A,39,0.5996409058570862
K_A_39_W,A,39,0.6772065162658691
K_A_39_Y,A,39,0.5828129053115845
G_A_40_A,A,40,0.5060333013534546
G_A_40_C,A,40,1.345406413078308
G_A_40_D,A,40,1.736438512802124
G_A_40_E,A,40,1.9135715961456299
G_A_40_F,A,40,2.19170880317688
G_A_40_H,A,40,1.8639754056930542
G_A_40_I,A,40,3.4592795372009277
G_A_40_K,A,40,1.7190535068511963
G_A_40_L,A,40,2.8148648738861084
G_A_40_M,A,40,2.185356616973877
G_A_40_N,A,40,1.902122974395752
G_A_40_P,A,40,2.109830379486084
G_A_40_Q,A,40,1.7695140838623047
G_A_40_R,A,40,1.4776688814163208
G_A_40_S,A,40,1.1544578075408936
G_A_40_T,A,40,2.5273399353027344
G_A_40_V,A,40,2.810457468032837
G_A_40_W,A,40,2.085756301879883
G_A_40_Y,A,40,1.9150400161743164
N_A_41_A,A,41,2.1155507564544678
N_A_41_C,A,41,2.0045547485351562
N_A_41_D,A,41,1.788779854774475
N_A_41_E,A,41,2.467235565185547
N_A_41_F,A,41,3.4398722648620605
N_A_41_G,A,41,2.208195924758911
N_A_41_H,A,41,2.9847474098205566
N_A_41_I,A,41,2.476083517074585
N_A_41_K,A,41,2.321380615234375
N_A_41_L,A,41,2.464968204498291
N_A_41_M,A,41,2.353706121444702
N_A_41_P,A,41,3.6699538230895996
N_A_41_Q,A,41,2.2144317626953125
N_A_41_R,A,41,1.8887488842010498
N_A_41_S,A,41,1.9093542098999023
N_A_41_T,A,41,2.393197536468506
N_A_41_V,A,41,2.597130298614502
N_A_41_W,A,41,3.3819313049316406
N_A_41_Y,A,41,3.5882675647735596
L_A_42_A,A,42,2.6332180500030518
L_A_42_C,A,42,2.163801670074463
L_A_42_D,A,42,2.567776679992676
L_A_42_E,A,42,2.3203604221343994
L_A_42_F,A,42,1.6007946729660034
L_A_42_G,A,42,2.503089189529419
L_A_42_H,A,42,1.753673791885376
L_A_42_I,A,42,1.3424301147460938
L_A_42_K,A,42,2.3629002571105957
L_A_42_M,A,42,1.6757125854492188
L_A_42_N,A,42,2.27585506439209
L_A_42_P,A,42,4.616593837738037
L_A_42_Q,A,42,2.4560489654541016
L_A_42_R,A,42,1.519492506980896
L_A_42_S,A,42,2.409963369369507
L_A_42_T,A,42,2.243544101715088
L_A_42_V,A,42,1.6125532388687134
L_A_42_W,A,42,1.5697154998779297
L_A_42_Y,A,42,1.2126696109771729
A_A_43_C,A,43,0.7606662511825562
A_A_43_D,A,43,-0.11875243484973907
A_A_43_E,A,43,0.4616152048110962
A_A_43_F,A,43,1.217008352279663
A_A_43_G,A,43,0.3393147885799408
A_A_43_H,A,43,0.30077800154685974
A_A_43_I,A,43,2.1735754013061523
A_A_43_K,A,43,1.4613053798675537
A_A_43_L,A,43,2.1641390323638916
A_A_43_M,A,43,1.5902628898620605
A_A_43_N,A,43,0.17438073456287384
A_A_43_P,A,43,1.1643919944763184
A_A_43_Q,A,43,0.6501117944717407
A_A_43_R,A,43,1.4740376472473145
A_A_43_S,A,43,0.00411139614880085
A_A_43_T,A,43,0.9994118213653564
A_A_43_V,A,43,1.8776185512542725
A_A_43_W,A,43,0.7116484045982361
A_A_43_Y,A,43,1.029229998588562
D_A_44_A,A,44,0.0036289170384407043
D_A_44_C,A,44,0.7942950129508972
D_A_44_E,A,44,-0.17763257026672363
D_A_44_F,A,44,0.40070292353630066
D_A_44_G,A,44,0.5395882725715637
D_A_44_H,A,44,0.30513620376586914
D_A_44_I,A,44,0.3291853368282318
D_A_44_K,A,44,0.029492981731891632
D_A_44_L,A,44,0.16109251976013184
D_A_44_M,A,44,0.3327069878578186
D_A_44_N,A,44,0.28954440355300903
D_A_44_P,A,44,2.3692686557769775
D_A_44_Q,A,44,-0.013616906479001045
D_A_44_R,A,44,0.10747796297073364
D_A_44_S,A,44,0.23187518119812012
D_A_44_T,A,44,0.08022891730070114
D_A_44_V,A,44,0.38112419843673706
D_A_44_W,A,44,0.5861489772796631
D_A_44_Y,A,44,0.27455151081085205
V_A_45_A,A,45,0.5259435176849365
V_A_45_C,A,45,0.6137262582778931
V_A_45_D,A,45,1.9129116535186768
V_A_45_E,A,45,0.7634444832801819
V_A_45_F,A,45,1.2786858081817627
V_A_45_G,A,45,1.9470281600952148
V_A_45_H,A,45,0.593022882938385
V_A_45_I,A,45,1.2990933656692505
V_A_45_K,A,45,0.8930457830429077
V_A_45_L,A,45,2.4960057735443115
V_A_45_M,A,45,0.9507628679275513
V_A_45_N,A,45,0.4006131887435913
V_A_45_P,A,45,3.2231945991516113
V_A_45_Q,A,45,0.7687938213348389
V_A_45_R,A,45,1.148912787437439
V_A_45_S,A,45,1.0390480756759644
V_A_45_T,A,45,0.7576793432235718
V_A_45_W,A,45,1.5788600444793701
V_A_45_Y,A,45,0.9763988256454468
A_A_46_C,A,46,0.7127750515937805
A_A_46_D,A,46,0.7847049236297607
A_A_46_E,A,46,1.2953758239746094
A_A_46_F,A,46,0.8078250288963318
A_A_46_G,A,46,0.8188643455505371
A_A_46_H,A,46,0.9197916984558105
A_A_46_I,A,46,1.0859216451644897
A_A_46_K,A,46,1.5436961650848389
A_A_46_L,A,46,0.7236897349357605
A_A_46_M,A,46,0.5169169306755066
A_A_46_N,A,46,0.5965932607650757
A_A_46_P,A,46,3.4582276344299316
A_A_46_Q,A,46,1.0084517002105713
A_A_46_R,A,46,1.0610942840576172
A_A_46_S,A,46,0.05884198099374771
A_A_46_T,A,46,1.0862252712249756
A_A_46_V,A,46,1.3908720016479492
A_A_46_W,A,46,0.7990805506706238
A_A_46_Y,A,46,0.6176506280899048
P_A_47_A,A,47,0.8766084909439087
P_A_47_C,A,47,1.7549238204956055
P_A_47_D,A,47,1.2614647150039673
P_A_47_E,A,47,1.0421407222747803
P_A_47_F,A,47,1.295135498046875
P_A_47_G,A,47,1.3876478672027588
P_A_47_H,A,47,1.3124570846557617
P_A_47_I,A,47,1.4488615989685059
P_A_47_K,A,47,1.0672214031219482
P_A_47_L,A,47,1.3918956518173218
P_A_47_M,A,47,1.60275399684906
P_A_47_N,A,47,1.1613452434539795
P_A_47_Q,A,47,1.1018913984298706
P_A_47_R,A,47,0.9832115173339844
P_A_47_S,A,47,1.060624599456787
P_A_47_T,A,47,1.3184881210327148
P_A_47_V,A,47,1.3230528831481934
P_A_47_W,A,47,1.486509084701538
P_A_47_Y,A,47,1.0726051330566406
G_A_48_A,A,48,0.7828338146209717
G_A_48_C,A,48,1.4026979207992554
G_A_48_D,A,48,0.6503344774246216
G_A_48_E,A,48,0.7595846652984619
G_A_48_F,A,48,1.3578460216522217
G_A_48_H,A,48,1.033733606338501
G_A_48_I,A,48,1.5270986557006836
G_A_48_K,A,48,0.6313233375549316
G_A_48_L,A,48,1.1832149028778076
G_A_48_M,A,48,1.4089435338974
G_A_48_N,A,48,0.46387818455696106
G_A_48_P,A,48,2.544339895248413
G_A_48_Q,A,48,0.8780457377433777
G_A_48_R,A,48,0.7431343197822571
G_A_48_S,A,48,0.7348096370697021
G_A_48_T,A,48,0.8607155680656433
G_A_48_V,A,48,1.4727704524993896
G_A_48_W,A,48,1.6547627449035645
G_A_48_Y,A,48,1.1879212856292725
K_A_49_A,A,49,2.000295639038086
K_A_49_C,A,49,1.9954123497009277
K_A_49_D,A,49,3.2329154014587402
K_A_49_E,A,49,3.299774408340454
K_A_49_F,A,49,2.371297597885132
K_A_49_G,A,49,3.0806002616882324
K_A_49_H,A,49,1.6373051404953003
K_A_49_I,A,49,2.7268002033233643
K_A_49_L,A,49,2.4191417694091797
K_A_49_M,A,49,2.237492561340332
K_A_49_N,A,49,2.107074499130249
K_A_49_P,A,49,5.279212951660156
K_A_49_Q,A,49,2.56571626663208
K_A_49_R,A,49,0.9402539730072021
K_A_49_S,A,49,2.1626954078674316
K_A_49_T,A,49,2.4725890159606934
K_A_49_V,A,49,2.5976414680480957
K_A_49_W,A,49,2.4651546478271484
K_A_49_Y,A,49,1.9657509326934814
S_A_50_A,A,50,0.014827333390712738
S_A_50_C,A,50,-0.059086717665195465
S_A_50_D,A,50,0.5379989147186279
S_A_50_E,A,50,0.6624941825866699
S_A_50_F,A,50,-0.38117510080337524
S_A_50_G,A,50,0.8176450133323669
S_A_50_H,A,50,0.087980717420578
S_A_50_I,A,50,-0.6135998964309692
S_A_50_K,A,50,0.005516825243830681
S_A_50_L,A,50,-0.10155022889375687
S_A_50_M,A,50,-0.3263450264930725
S_A_50_N,A,50,0.021860800683498383
S_A_50_P,A,50,2.1158125400543213
S_A_50_Q,A,50,-0.001374952495098114
S_A_50_R,A,50,-0.14535105228424072
S_A_50_T,A,50,-0.38839805126190186
S_A_50_V,A,50,-0.920923113822937
S_A_50_W,A,50,0.3821457624435425
S_A_50_Y,A,50,0.016654230654239655
I_A_51_A,A,51,2.6690492630004883
I_A_51_C,A,51,2.4542410373687744
I_A_51_D,A,51,3.8573343753814697
I_A_51_E,A,51,2.7157838344573975
I_A_51_F,A,51,1.433946132659912
I_A_51_G,A,51,3.3594748973846436
I_A_51_H,A,51,2.5795328617095947
I_A_51_K,A,51,3.666163682937622
I_A_51_L,A,51,0.3273356854915619
I_A_51_M,A,51,1.571792721748352
I_A_51_N,A,51,3.6558737754821777
I_A_51_P,A,51,2.5517210960388184
I_A_51_Q,A,51,2.6713788509368896
I_A_51_R,A,51,3.29024338722229
I_A_51_S,A,51,3.2062907218933105
I_A_51_T,A,51,2.377821445465088
I_A_51_V,A,51,0.8886563777923584
I_A_51_W,A,51,1.3154895305633545
I_A_51_Y,A,51,1.7687608003616333
G_A_52_A,A,52,2.384993553161621
G_A_52_C,A,52,3.525054454803467
G_A_52_D,A,52,3.8941965103149414
G_A_52_E,A,52,4.244917869567871
G_A_52_F,A,52,3.394901990890503
G_A_52_H,A,52,3.9543187618255615
G_A_52_I,A,52,4.574462413787842
G_A_52_K,A,52,3.7057058811187744
G_A_52_L,A,52,3.8459231853485107
G_A_52_M,A,52,3.7742607593536377
G_A_52_N,A,52,3.1819958686828613
G_A_52_P,A,52,4.227353096008301
G_A_52_Q,A,52,4.049147129058838
G_A_52_R,A,52,3.5348429679870605
G_A_52_S,A,52,2.286484956741333
G_A_52_T,A,52,4.471706867218018
G_A_52_V,A,52,4.552224636077881
G_A_52_W,A,52,4.148829936981201
G_A_52_Y,A,52,3.123535633087158
G_A_53_A,A,53,1.4732999801635742
G_A_53_C,A,53,1.9996623992919922
G_A_53_D,A,53,0.7412210702896118
G_A_53_E,A,53,1.2255734205245972
G_A_53_F,A,53,2.2796883583068848
G_A_53_H,A,53,1.7809185981750488
G_A_53_I,A,53,2.5046181678771973
G_A_53_K,A,53,1.5502963066101074
G_A_53_L,A,53,2.1036386489868164
G_A_53_M,A,53,2.38584041595459
G_A_53_N,A,53,0.49303120374679565
G_A_53_P,A,53,2.678816556930542
G_A_53_Q,A,53,1.724884033203125
G_A_53_R,A,53,1.4277580976486206
G_A_53_S,A,53,1.3452913761138916
G_A_53_T,A,53,2.1976466178894043
G_A_53_V,A,53,2.590963363647461
G_A_53_W,A,53,1.9684762954711914
G_A_53_Y,A,53,1.8116569519042969
D_A_54_A,A,54,0.29765263199806213
D_A_54_C,A,54,1.178251028060913
D_A_54_E,A,54,0.4332166612148285
D_A_54_F,A,54,1.2322787046432495
D_A_54_G,A,54,0.23552832007408142
D_A_54_H,A,54,0.7315141558647156
D_A_54_I,A,54,1.4772037267684937
D_A_54_K,A,54,0.8733183145523071
D_A_54_L,A,54,1.4142385721206665
D_A_54_M,A,54,1.1717729568481445
D_A_54_N,A,54,0.35324999690055847
D_A_54_P,A,54,0.26277512311935425
D_A_54_Q,A,54,0.7348257899284363
D_A_54_R,A,54,0.5710927248001099
D_A_54_S,A,54,0.6992517709732056
D_A_54_T,A,54,0.9526392221450806
D_A_54_V,A,54,1.1816376447677612
D_A_54_W,A,54,1.3222293853759766
D_A_54_Y,A,54,0.6388990879058838
I_A_55_A,A,55,0.12111148238182068
I_A_55_C,A,55,0.8400867581367493
I_A_55_D,A,55,0.23180721700191498
I_A_55_E,A,55,0.20014068484306335
I_A_55_F,A,55,0.2658381164073944
I_A_55_G,A,55,0.6686016321182251
I_A_55_H,A,55,0.4961169362068176
I_A_55_K,A,55,0.2872283458709717
I_A_55_L,A,55,0.10415812581777573
I_A_55_M,A,55,0.35807421803474426
I_A_55_N,A,55,0.36267152428627014
I_A_55_P,A,55,0.5405334234237671
I_A_55_Q,A,55,0.289310485124588
I_A_55_R,A,55,-0.07310152053833008
I_A_55_S,A,55,0.38593244552612305
I_A_55_T,A,55,0.02893070876598358
I_A_55_V,A,55,0.09630274027585983
I_A_55_W,A,55,0.6229181885719299
I_A_55_Y,A,55,0.15585076808929443
F_A_56_A,A,56,1.9655390977859497
F_A_56_C,A,56,2.0754191875457764
F_A_56_D,A,56,2.6820006370544434
F_A_56_E,A,56,3.6059913635253906
F_A_56_G,A,56,3.21653151512146
F_A_56_H,A,56,1.3264009952545166
F_A_56_I,A,56,4.134537696838379
F_A_56_K,A,56,3.849379539489746
F_A_56_L,A,56,2.3775196075439453
F_A_56_M,A,56,2.1947808265686035
F_A_56_N,A,56,2.4268157482147217
F_A_56_P,A,56,6.3179426193237305
F_A_56_Q,A,56,3.0925281047821045
F_A_56_R,A,56,3.4853591918945312
F_A_56_S,A,56,2.5461959838867188
F_A_56_T,A,56,3.5676541328430176
F_A_56_V,A,56,3.6135332584381104
F_A_56_W,A,56,0.14528681337833405
F_A_56_Y,A,56,0.1013299897313118
S_A_57_A,A,57,-0.19081394374370575
S_A_57_C,A,57,0.46165701746940613
S_A_57_D,A,57,0.10908837616443634
S_A_57_E,A,57,-0.22724175453186035
S_A_57_F,A,57,-0.11243410408496857
S_A_57_G,A,57,0.223036527633667
S_A_57_H,A,57,-0.23882129788398743
S_A_57_I,A,57,0.014465643092989922
S_A_57_K,A,57,-0.8948597311973572
S_A_57_L,A,57,-0.3547497093677521
S_A_57_M,A,57,-0.04271777719259262
S_A_57_N,A,57,0.18019863963127136
S_A_57_P,A,57,-0.04960944503545761
S_A_57_Q,A,57,-0.37705686688423157
S_A_57_R,A,57,-0.8613432049751282
S_A_57_T,A,57,-0.04975523799657822
S_A_57_V,A,57,-0.12454435229301453
S_A_57_W,A,57,-0.018725112080574036
S_A_57_Y,A,57,-0.32064566016197205
N_A_58_A,A,58,3.2981996536254883
N_A_58_C,A,58,2.393805980682373
N_A_58_D,A,58,0.7876994609832764
N_A_58_E,A,58,3.4734137058258057
N_A_58_F,A,58,5.657474517822266
N_A_58_G,A,58,3.957000732421875
N_A_58_H,A,58,4.878229141235352
N_A_58_I,A,58,4.627934455871582
N_A_58_K,A,58,4.145431995391846
N_A_58_L,A,58,4.751232147216797
N_A_58_M,A,58,3.793600559234619
N_A_58_P,A,58,4.769906520843506
N_A_58_Q,A,58,3.4517202377319336
N_A_58_R,A,58,2.8271689414978027
N_A_58_S,A,58,2.726314067840576
N_A_58_T,A,58,4.1395463943481445
N_A_58_V,A,58,3.732896566390991
N_A_58_W,A,58,5.414877414703369
N_A_58_Y,A,58,5.670323371887207
R_A_59_A,A,59,4.664720058441162
R_A_59_C,A,59,4.240447521209717
R_A_59_D,A,59,5.189896583557129
R_A_59_E,A,59,4.704583644866943
R_A_59_F,A,59,2.924959421157837
R_A_59_G,A,59,4.593486309051514
R_A_59_H,A,59,2.1778969764709473
R_A_59_I,A,59,3.748728036880493
R_A_59_K,A,59,2.5509579181671143
R_A_59_L,A,59,2.0585527420043945
R_A_59_M,A,59,3.373964309692383
R_A_59_N,A,59,2.7448301315307617
R_A_59_P,A,59,4.640961170196533
R_A_59_Q,A,59,3.9744300842285156
R_A_59_S,A,59,3.9605607986450195
R_A_59_T,A,59,4.150699615478516
R_A_59_V,A,59,3.786379337310791
R_A_59_W,A,59,2.6900696754455566
R_A_59_Y,A,59,1.6951788663864136
E_A_60_A,A,60,0.13162317872047424
E_A_60_C,A,60,0.5181969404220581
E_A_60_D,A,60,-0.2141345590353012
E_A_60_F,A,60,1.4285213947296143
E_A_60_G,A,60,0.5996303558349609
E_A_60_H,A,60,1.417425274848938
E_A_60_I,A,60,1.1726315021514893
E_A_60_K,A,60,0.9136842489242554
E_A_60_L,A,60,0.7472466230392456
E_A_60_M,A,60,0.1614314615726471
E_A_60_N,A,60,0.151092529296875
E_A_60_P,A,60,1.8482292890548706
E_A_60_Q,A,60,0.18485397100448608
E_A_60_R,A,60,0.48573726415634155
E_A_60_S,A,60,0.10266482830047607
E_A_60_T,A,60,0.2579450309276581
E_A_60_V,A,60,0.926255464553833
E_A_60_W,A,60,1.320295810699463
E_A_60_Y,A,60,1.2299379110336304
G_A_61_A,A,61,0.38444238901138306
G_A_61_C,A,61,0.8568875193595886
G_A_61_D,A,61,0.7508741021156311
G_A_61_E,A,61,0.5089231729507446
G_A_61_F,A,61,0.806779146194458
G_A_61_H,A,61,0.4685789942741394
G_A_61_I,A,61,0.9291396141052246
G_A_61_K,A,61,-0.031432390213012695
G_A_61_L,A,61,0.4602588713169098
G_A_61_M,A,61,0.7082405090332031
G_A_61_N,A,61,0.3675025403499603
G_A_61_P,A,61,1.7849723100662231
G_A_61_Q,A,61,0.44642069935798645
G_A_61_R,A,61,0.05098198354244232
G_A_61_S,A,61,0.37191689014434814
G_A_61_T,A,61,0.7246001958847046
G_A_61_V,A,61,0.9196894764900208
G_A_61_W,A,61,1.0747934579849243
G_A_61_Y,A,61,0.6690247058868408
K_A_62_A,A,62,1.0010781288146973
K_A_62_C,A,62,1.7412141561508179
K_A_62_D,A,62,1.1072165966033936
K_A_62_E,A,62,1.1895734071731567
K_A_62_F,A,62,1.1874321699142456
K_A_62_G,A,62,1.5462303161621094
K_A_62_H,A,62,1.1887507438659668
K_A_62_I,A,62,0.7518455386161804
K_A_62_L,A,62,0.4934631288051605
K_A_62_M,A,62,1.10920250415802
K_A_62_N,A,62,1.0328856706619263
K_A_62_P,A,62,3.2168290615081787
K_A_62_Q,A,62,0.7833033800125122
K_A_62_R,A,62,0.16449818015098572
K_A_62_S,A,62,1.270431637763977
K_A_62_T,A,62,1.0101310014724731
K_A_62_V,A,62,1.1016405820846558
K_A_62_W,A,62,1.5729928016662598
K_A_62_Y,A,62,1.081568717956543
L_A_63_A,A,63,2.512413740158081
L_A_63_C,A,63,2.2345633506774902
L_A_63_D,A,63,5.962574481964111
L_A_63_E,A,63,4.558048248291016
L_A_63_F,A,63,2.2311720848083496
L_A_63_G,A,63,4.797140121459961
L_A_63_H,A,63,2.8577070236206055
L_A_63_I,A,63,0.7184488773345947
L_A_63_K,A,63,3.9658641815185547
L_A_63_M,A,63,1.396145224571228
L_A_63_N,A,63,4.419870376586914
L_A_63_P,A,63,4.308521747589111
L_A_63_Q,A,63,3.3126540184020996
L_A_63_R,A,63,4.134670734405518
L_A_63_S,A,63,4.114847183227539
L_A_63_T,A,63,2.1062817573547363
L_A_63_V,A,63,0.8369228839874268
L_A_63_W,A,63,2.336378812789917
L_A_63_Y,A,63,2.381667375564575
P_A_64_A,A,64,0.9925304055213928
P_A_64_C,A,64,1.6830302476882935
P_A_64_D,A,64,1.0391789674758911
P_A_64_E,A,64,0.620079517364502
P_A_64_F,A,64,1.1280291080474854
P_A_64_G,A,64,1.3118391036987305
P_A_64_H,A,64,1.3168601989746094
P_A_64_I,A,64,0.9006884098052979
P_A_64_K,A,64,1.1813278198242188
P_A_64_L,A,64,1.0698659420013428
P_A_64_M,A,64,1.406722068786621
P_A_64_N,A,64,1.5269801616668701
P_A_64_Q,A,64,1.155936360359192
P_A_64_R,A,64,1.070464849472046
P_A_64_S,A,64,1.1851290464401245
P_A_64_T,A,64,1.155308723449707
P_A_64_V,A,64,0.8900669813156128
P_A_64_W,A,64,1.316502571105957
P_A_64_Y,A,64,1.062441110610962
G_A_65_A,A,65,-0.32036763429641724
G_A_65_C,A,65,0.0796738713979721
G_A_65_D,A,65,-0.03379153460264206
G_A_65_E,A,65,-0.19518569111824036
G_A_65_F,A,65,-0.24560897052288055
G_A_65_H,A,65,-0.1386520117521286
G_A_65_I,A,65,-0.09340012818574905
G_A_65_K,A,65,-0.21196600794792175
G_A_65_L,A,65,-0.19754046201705933
G_A_65_M,A,65,-0.06995642930269241
G_A_65_N,A,65,-0.009997567161917686
G_A_65_P,A,65,0.3578355312347412
G_A_65_Q,A,65,-0.29003316164016724
G_A_65_R,A,65,-0.32546645402908325
G_A_65_S,A,65,-0.3343656063079834
G_A_65_T,A,65,-0.21106646955013275
G_A_65_V,A,65,-0.18547341227531433
G_A_65_W,A,65,-0.367814838886261
G_A_65_Y,A,65,-0.44176939129829407
K_A_66_A,A,66,0.028394021093845367
K_A_66_C,A,66,0.731462836265564
K_A_66_D,A,66,0.3719313144683838
K_A_66_E,A,66,0.22143584489822388
K_A_66_F,A,66,0.5009910464286804
K_A_66_G,A,66,0.440688818693161
K_A_66_H,A,66,0.3691989779472351
K_A_66_I,A,66,0.669122040271759
K_A_66_L,A,66,0.32448911666870117
K_A_66_M,A,66,0.711422860622406
K_A_66_N,A,66,0.4130881130695343
K_A_66_P,A,66,1.447927713394165
K_A_66_Q,A,66,0.23729102313518524
K_A_66_R,A,66,0.0806606337428093
K_A_66_S,A,66,0.21678873896598816
K_A_66_T,A,66,0.47213420271873474
K_A_66_V,A,66,0.5330132246017456
K_A_66_W,A,66,0.7235730886459351
K_A_66_Y,A,66,0.4772897958755493
S_A_67_A,A,67,-0.04838847368955612
S_A_67_C,A,67,0.2542722821235657
S_A_67_D,A,67,0.07399903237819672
S_A_67_E,A,67,-0.14049306511878967
S_A_67_F,A,67,-0.19563433527946472
S_A_67_G,A,67,0.25089573860168457
S_A_67_H,A,67,0.18314746022224426
S_A_67_I,A,67,-0.1627110093832016
S_A_67_K,A,67,-0.13098014891147614
S_A_67_L,A,67,-0.22452014684677124
S_A_67_M,A,67,0.0675569474697113
S_A_67_N,A,67,0.14826148748397827
S_A_67_P,A,67,-0.13965554535388947
S_A_67_Q,A,67,0.011468321084976196
S_A_67_R,A,67,-0.23706740140914917
S_A_67_T,A,67,-0.0006945207715034485
S_A_67_V,A,67,-0.09993647783994675
S_A_67_W,A,67,-0.007558152079582214
S_A_67_Y,A,67,-0.17240175604820251
G_A_68_A,A,68,0.7820656895637512
G_A_68_C,A,68,1.5921775102615356
G_A_68_D,A,68,0.957938015460968
G_A_68_E,A,68,0.991770327091217
G_A_68_F,A,68,1.2300547361373901
G_A_68_H,A,68,1.0929774045944214
G_A_68_I,A,68,1.4520825147628784
G_A_68_K,A,68,0.8097631931304932
G_A_68_L,A,68,1.1844980716705322
G_A_68_M,A,68,1.6802313327789307
G_A_68_N,A,68,0.8385891914367676
G_A_68_P,A,68,2.111710548400879
G_A_68_Q,A,68,1.1372299194335938
G_A_68_R,A,68,0.8436779975891113
G_A_68_S,A,68,0.8383218050003052
G_A_68_T,A,68,1.0790672302246094
G_A_68_V,A,68,1.4775209426879883
G_A_68_W,A,68,1.5817195177078247
G_A_68_Y,A,68,1.094777226448059
R_A_69_A,A,69,2.0486576557159424
R_A_69_C,A,69,1.9527240991592407
R_A_69_D,A,69,2.278961420059204
R_A_69_E,A,69,2.0198814868927
R_A_69_F,A,69,2.0259432792663574
R_A_69_G,A,69,2.5571208000183105
R_A_69_H,A,69,2.0581624507904053
R_A_69_I,A,69,1.5422592163085938
R_A_69_K,A,69,1.3409557342529297
R_A_69_L,A,69,0.9437797665596008
R_A_69_M,A,69,1.0456894636154175
R_A_69_N,A,69,1.5727826356887817
R_A_69_P,A,69,3.1271426677703857
R_A_69_Q,A,69,1.3601970672607422
R_A_69_S,A,69,2.065213203430176
R_A_69_T,A,69,1.5634970664978027
R_A_69_V,A,69,1.9191802740097046
R_A_69_W,A,69,1.8221275806427002
R_A_69_Y,A,69,2.3554062843322754
T_A_70_A,A,70,0.20810316503047943
T_A_70_C,A,70,0.7904863357543945
T_A_70_D,A,70,0.7460832595825195
T_A_70_E,A,70,0.48107975721359253
T_A_70_F,A,70,0.20778311789035797
T_A_70_G,A,70,0.6463347673416138
T_A_70_H,A,70,0.45760655403137207
T_A_70_I,A,70,0.1347844898700714
T_A_70_K,A,70,0.3222842216491699
T_A_70_L,A,70,0.1965097039937973
T_A_70_M,A,70,0.4256283640861511
T_A_70_N,A,70,0.800542414188385
T_A_70_P,A,70,2.293694496154785
T_A_70_Q,A,70,0.31980597972869873
T_A_70_R,A,70,0.26951512694358826
T_A_70_S,A,70,0.28104132413864136
T_A_70_V,A,70,0.04961208254098892
T_A_70_W,A,70,0.3671337962150574
T_A_70_Y,A,70,0.14718163013458252
W_A_71_A,A,71,2.3051979541778564
W_A_71_C,A,71,2.0937294960021973
W_A_71_D,A,71,2.029505729675293
W_A_71_E,A,71,3.095282554626465
W_A_71_F,A,71,0.3616870045661926
W_A_71_G,A,71,3.2388088703155518
W_A_71_H,A,71,1.869018316268921
W_A_71_I,A,71,1.9324687719345093
W_A_71_K,A,71,2.562082290649414
W_A_71_L,A,71,1.336535930633545
W_A_71_M,A,71,2.0840370655059814
W_A_71_N,A,71,1.665307641029358
W_A_71_P,A,71,4.248616695404053
W_A_71_Q,A,71,2.3209502696990967
W_A_71_R,A,71,2.8233277797698975
W_A_71_S,A,71,2.196643590927124
W_A_71_T,A,71,1.5960551500320435
W_A_71_V,A,71,2.110886573791504
W_A_71_Y,A,71,0.24590718746185303
R_A_72_A,A,72,0.5475759506225586
R_A_72_C,A,72,1.3511826992034912
R_A_72_D,A,72,2.0447237491607666
R_A_72_E,A,72,1.244432806968689
R_A_72_F,A,72,0.059501953423023224
R_A_72_G,A,72,1.2629499435424805
R_A_72_H,A,72,-0.008168928325176239
R_A_72_I,A,72,1.7174420356750488
R_A_72_K,A,72,0.2783561646938324
R_A_72_L,A,72,1.260636806488037
R_A_72_M,A,72,1.0321054458618164
R_A_72_N,A,72,1.0385662317276
R_A_72_P,A,72,2.9429290294647217
R_A_72_Q,A,72,0.8925299048423767
R_A_72_S,A,72,0.8163926601409912
R_A_72_T,A,72,1.3066933155059814
R_A_72_V,A,72,1.2938754558563232
R_A_72_W,A,72,0.23076660931110382
R_A_72_Y,A,72,-0.28529849648475647
E_A_73_A,A,73,2.626688241958618
E_A_73_C,A,73,2.60673451423645
E_A_73_D,A,73,1.7926782369613647
E_A_73_F,A,73,2.2428054809570312
E_A_73_G,A,73,3.011460065841675
E_A_73_H,A,73,1.9436419010162354
E_A_73_I,A,73,2.2711799144744873
E_A_73_K,A,73,0.9125731587409973
E_A_73_L,A,73,2.2420639991760254
E_A_73_M,A,73,2.20458722114563
E_A_73_N,A,73,2.5769834518432617
E_A_73_P,A,73,5.881049633026123
E_A_73_Q,A,73,1.383054256439209
E_A_73_R,A,73,0.6862001419067383
E_A_73_S,A,73,2.8079559803009033
E_A_73_T,A,73,1.860887050628662
E_A_73_V,A,73,1.927377700805664
E_A_73_W,A,73,1.5991621017456055
E_A_73_Y,A,73,2.097520351409912
A_A_74_C,A,74,0.4516235888004303
A_A_74_D,A,74,1.6514559984207153
A_A_74_E,A,74,1.860373616218567
A_A_74_F,A,74,0.9110637307167053
A_A_74_G,A,74,1.7330081462860107
A_A_74_H,A,74,1.4416100978851318
A_A_74_I,A,74,0.8142932653427124
A_A_74_K,A,74,1.4329228401184082
A_A_74_L,A,74,0.703583300113678
A_A_74_M,A,74,0.6519735455513
A_A_74_N,A,74,1.5787570476531982
A_A_74_P,A,74,3.5611815452575684
A_A_74_Q,A,74,1.459055781364441
A_A_74_R,A,74,1.3748658895492554
A_A_74_S,A,74,1.0718914270401
A_A_74_T,A,74,0.8810132145881653
A_A_74_V,A,74,0.2216426432132721
A_A_74_W,A,74,1.2080295085906982
A_A_74_Y,A,74,0.831683874130249
D_A_75_A,A,75,1.6648125648498535
D_A_75_C,A,75,1.402031660079956
D_A_75_E,A,75,0.8587175011634827
D_A_75_F,A,75,0.7207787036895752
D_A_75_G,A,75,1.9825893640518188
D_A_75_H,A,75,0.3591579496860504
D_A_75_I,A,75,2.1891210079193115
D_A_75_K,A,75,2.378915309906006
D_A_75_L,A,75,1.2968007326126099
D_A_75_M,A,75,1.363649845123291
D_A_75_N,A,75,0.9785959720611572
D_A_75_P,A,75,2.742638111114502
D_A_75_Q,A,75,1.1070611476898193
D_A_75_R,A,75,1.6039685010910034
D_A_75_S,A,75,0.8588496446609497
D_A_75_T,A,75,1.5152603387832642
D_A_75_V,A,75,2.025508403778076
D_A_75_W,A,75,0.7911134958267212
D_A_75_Y,A,75,0.15797856450080872
I_A_76_A,A,76,0.8687513470649719
I_A_76_C,A,76,0.40943849086761475
I_A_76_D,A,76,3.668203353881836
I_A_76_E,A,76,2.8672327995300293
I_A_76_F,A,76,2.8079097270965576
I_A_76_G,A,76,2.1470534801483154
I_A_76_H,A,76,2.918914556503296
I_A_76_K,A,76,2.6424100399017334
I_A_76_L,A,76,0.4612157344818115
I_A_76_M,A,76,0.9239394068717957
I_A_76_N,A,76,2.56791615486145
I_A_76_P,A,76,3.9351730346679688
I_A_76_Q,A,76,2.168362617492676
I_A_76_R,A,76,2.4209187030792236
I_A_76_S,A,76,1.959951639175415
I_A_76_T,A,76,1.9493805170059204
I_A_76_V,A,76,0.30323687195777893
I_A_76_W,A,76,3.5912091732025146
I_A_76_Y,A,76,2.634953260421753
N_A_77_A,A,77,0.9752180576324463
N_A_77_C,A,77,0.9075084924697876
N_A_77_D,A,77,0.5502526760101318
N_A_77_E,A,77,0.714855432510376
N_A_77_F,A,77,0.4352133572101593
N_A_77_G,A,77,1.113582730293274
N_A_77_H,A,77,0.43136724829673767
N_A_77_I,A,77,0.9432047009468079
N_A_77_K,A,77,0.7347026467323303
N_A_77_L,A,77,0.39887383580207825
N_A_77_M,A,77,0.7579830288887024
N_A_77_P,A,77,2.963428020477295
N_A_77_Q,A,77,0.9365796446800232
N_A_77_R,A,77,0.6682437658309937
N_A_77_S,A,77,0.6985392570495605
N_A_77_T,A,77,0.915783703327179
N_A_77_V,A,77,1.116351842880249
N_A_77_W,A,77,1.023962140083313
N_A_77_Y,A,77,0.2293134182691574
Y_A_78_A,A,78,2.255424737930298
Y_A_78_C,A,78,2.9220824241638184
Y_A_78_D,A,78,3.446796417236328
Y_A_78_E,A,78,2.512688636779785
Y_A_78_F,A,78,0.5067052841186523
Y_A_78_G,A,78,2.9860644340515137
Y_A_78_H,A,78,0.8669557571411133
Y_A_78_I,A,78,1.885054349899292
Y_A_78_K,A,78,2.2482693195343018
Y_A_78_L,A,78,1.262147068977356
Y_A_78_M,A,78,1.3004615306854248
Y_A_78_N,A,78,2.704019784927368
Y_A_78_P,A,78,3.3430144786834717
Y_A_78_Q,A,78,1.3706713914871216
Y_A_78_R,A,78,2.0225276947021484
Y_A_78_S,A,78,2.2665462493896484
Y_A_78_T,A,78,2.366176128387451
Y_A_78_V,A,78,2.1795923709869385
Y_A_78_W,A,78,0.8548006415367126
T_A_79_A,A,79,0.16774946451187134
T_A_79_C,A,79,0.5277422666549683
T_A_79_D,A,79,0.30501115322113037
T_A_79_E,A,79,0.21183261275291443
T_A_79_F,A,79,0.09796518087387085
T_A_79_G,A,79,0.23570777475833893
T_A_79_H,A,79,0.28733715415000916
T_A_79_I,A,79,0.19868238270282745
T_A_79_K,A,79,0.15066233277320862
T_A_79_L,A,79,0.21581265330314636
T_A_79_M,A,79,0.3563072681427002
T_A_79_N,A,79,0.32413965463638306
T_A_79_P,A,79,1.3557567596435547
T_A_79_Q,A,79,0.32984164357185364
T_A_79_R,A,79,0.10234001278877258
T_A_79_S,A,79,0.17226329445838928
T_A_79_V,A,79,0.15528637170791626
T_A_79_W,A,79,0.2151588797569275
T_A_79_Y,A,79,0.007985889911651611
S_A_80_A,A,80,0.28311872482299805
S_A_80_C,A,80,0.7613139152526855
S_A_80_D,A,80,0.5104345083236694
S_A_80_E,A,80,0.19782915711402893
S_A_80_F,A,80,0.34663912653923035
S_A_80_G,A,80,0.6475465297698975
S_A_80_H,A,80,0.2960921823978424
S_A_80_I,A,80,1.627590298652649
S_A_80_K,A,80,-0.14001931250095367
S_A_80_L,A,80,0.38458940386772156
S_A_80_M,A,80,0.7596178650856018
S_A_80_N,A,80,0.46684858202934265
S_A_80_P,A,80,1.5825855731964111
S_A_80_Q,A,80,0.15061789751052856
S_A_80_R,A,80,-0.04132114350795746
S_A_80_T,A,80,0.5060842633247375
S_A_80_V,A,80,1.3399746417999268
S_A_80_W,A,80,0.6581021547317505
S_A_80_Y,A,80,0.19235843420028687
G_A_81_A,A,81,0.6136738061904907
G_A_81_C,A,81,1.448410153388977
G_A_81_D,A,81,0.835243821144104
G_A_81_E,A,81,0.8303399682044983
G_A_81_F,A,81,1.3016393184661865
G_A_81_H,A,81,1.2486097812652588
G_A_81_I,A,81,1.2366350889205933
G_A_81_K,A,81,0.7438761591911316
G_A_81_L,A,81,0.9681268930435181
G_A_81_M,A,81,1.4247840642929077
G_A_81_N,A,81,0.9296330809593201
G_A_81_P,A,81,1.7580287456512451
G_A_81_Q,A,81,1.0213167667388916
G_A_81_R,A,81,0.7381400465965271
G_A_81_S,A,81,0.7825862765312195
G_A_81_T,A,81,1.0806419849395752
G_A_81_V,A,81,1.1767959594726562
G_A_81_W,A,81,1.5498542785644531
G_A_81_Y,A,81,1.2205774784088135
F_A_82_A,A,82,0.8290538787841797
F_A_82_C,A,82,1.8416600227355957
F_A_82_D,A,82,1.8039458990097046
F_A_82_E,A,82,1.5533316135406494
F_A_82_G,A,82,1.7249618768692017
F_A_82_H,A,82,0.35293033719062805
F_A_82_I,A,82,1.564476728439331
F_A_82_K,A,82,0.745479941368103
F_A_82_L,A,82,0.9319232702255249
F_A_82_M,A,82,0.856329619884491
F_A_82_N,A,82,1.3887054920196533
F_A_82_P,A,82,1.3924094438552856
F_A_82_Q,A,82,1.3294317722320557
F_A_82_R,A,82,0.7654560208320618
F_A_82_S,A,82,1.160962462425232
F_A_82_T,A,82,1.2942570447921753
F_A_82_V,A,82,1.2820645570755005
F_A_82_W,A,82,0.9634809494018555
F_A_82_Y,A,82,0.13017338514328003
R_A_83_A,A,83,2.0996792316436768
R_A_83_C,A,83,2.3192076683044434
R_A_83_D,A,83,2.6476526260375977
R_A_83_E,A,83,2.6353306770324707
R_A_83_F,A,83,0.7037686705589294
R_A_83_G,A,83,2.326780319213867
R_A_83_H,A,83,1.2820518016815186
R_A_83_I,A,83,1.3426536321640015
R_A_83_K,A,83,1.0833377838134766
R_A_83_L,A,83,0.33931413292884827
R_A_83_M,A,83,1.6680549383163452
R_A_83_N,A,83,2.082000255584717
R_A_83_P,A,83,2.208441972732544
R_A_83_Q,A,83,2.2322542667388916
R_A_83_S,A,83,2.1561577320098877
R_A_83_T,A,83,1.757629156112671
R_A_83_V,A,83,1.4831621646881104
R_A_83_W,A,83,1.0955209732055664
R_A_83_Y,A,83,0.4821096658706665
N_A_84_A,A,84,0.1431630551815033
N_A_84_C,A,84,0.7104630470275879
N_A_84_D,A,84,-0.03890696167945862
N_A_84_E,A,84,0.505952775478363
N_A_84_F,A,84,0.6111686825752258
N_A_84_G,A,84,-0.36842551827430725
N_A_84_H,A,84,0.22648251056671143
N_A_84_I,A,84,0.25827890634536743
N_A_84_K,A,84,0.014016948640346527
N_A_84_L,A,84,0.08402331918478012
N_A_84_M,A,84,0.4516068696975708
N_A_84_P,A,84,0.5933454036712646
N_A_84_Q,A,84,0.25784459710121155
N_A_84_R,A,84,0.09250631183385849
N_A_84_S,A,84,0.1460786759853363
N_A_84_T,A,84,0.1771274358034134
N_A_84_V,A,84,0.5330554842948914
N_A_84_W,A,84,0.8485913872718811
N_A_84_Y,A,84,0.6263954043388367
S_A_85_A,A,85,0.3576126992702484
S_A_85_C,A,85,0.5280444025993347
S_A_85_D,A,85,-0.34349197149276733
S_A_85_E,A,85,-0.13414715230464935
S_A_85_F,A,85,0.8896397948265076
S_A_85_G,A,85,0.8853120803833008
S_A_85_H,A,85,0.3162044882774353
S_A_85_I,A,85,1.9375452995300293
S_A_85_K,A,85,0.41133368015289307
S_A_85_L,A,85,1.658585548400879
S_A_85_M,A,85,0.8173539638519287
S_A_85_N,A,85,-0.2121330052614212
S_A_85_P,A,85,0.7995846271514893
S_A_85_Q,A,85,0.19644461572170258
S_A_85_R,A,85,0.17417670786380768
S_A_85_T,A,85,0.6141061782836914
S_A_85_V,A,85,1.4919453859329224
S_A_85_W,A,85,0.7331479787826538
S_A_85_Y,A,85,0.6263269186019897
D_A_86_A,A,86,0.8918927907943726
D_A_86_C,A,86,0.707755982875824
D_A_86_E,A,86,0.11976028978824615
D_A_86_F,A,86,0.4008161425590515
D_A_86_G,A,86,1.695069432258606
D_A_86_H,A,86,0.03178880363702774
D_A_86_I,A,86,1.0149476528167725
D_A_86_K,A,86,0.29664379358291626
D_A_86_L,A,86,0.8451115489006042
D_A_86_M,A,86,0.26044195890426636
D_A_86_N,A,86,0.19436149299144745
D_A_86_P,A,86,2.8577656745910645
D_A_86_Q,A,86,0.14754213392734528
D_A_86_R,A,86,0.450096070766449
D_A_86_S,A,86,0.8784360289573669
D_A_86_T,A,86,0.707180380821228
D_A_86_V,A,86,1.1722347736358643
D_A_86_W,A,86,0.29071342945098877
D_A_86_Y,A,86,0.03446868062019348
R_A_87_A,A,87,6.043813705444336
R_A_87_C,A,87,5.574302673339844
R_A_87_D,A,87,4.67345666885376
R_A_87_E,A,87,5.220842361450195
R_A_87_F,A,87,4.176539421081543
R_A_87_G,A,87,5.524886131286621
R_A_87_H,A,87,3.1635475158691406
R_A_87_I,A,87,6.027349472045898
R_A_87_K,A,87,2.5742170810699463
R_A_87_L,A,87,5.535162925720215
R_A_87_M,A,87,5.479159355163574
R_A_87_N,A,87,4.409832954406738
R_A_87_P,A,87,7.700030326843262
R_A_87_Q,A,87,5.595412254333496
R_A_87_S,A,87,4.995779991149902
R_A_87_T,A,87,4.94258975982666
R_A_87_V,A,87,5.427428245544434
R_A_87_W,A,87,3.7563259601593018
R_A_87_Y,A,87,3.43707013130188
I_A_88_A,A,88,2.512355089187622
I_A_88_C,A,88,2.568944215774536
I_A_88_D,A,88,5.294497489929199
I_A_88_E,A,88,4.141993522644043
I_A_88_F,A,88,2.180150270462036
I_A_88_G,A,88,3.431332588195801
I_A_88_H,A,88,3.071068286895752
I_A_88_K,A,88,3.220757246017456
I_A_88_L,A,88,0.5873495936393738
I_A_88_M,A,88,1.1044089794158936
I_A_88_N,A,88,3.9435794353485107
I_A_88_P,A,88,5.9485063552856445
I_A_88_Q,A,88,2.4309897422790527
I_A_88_R,A,88,2.96028995513916
I_A_88_S,A,88,3.422247886657715
I_A_88_T,A,88,3.4107909202575684
I_A_88_V,A,88,1.2429126501083374
I_A_88_W,A,88,3.052222728729248
I_A_88_Y,A,88,2.7439234256744385
L_A_89_A,A,89,1.9102025032043457
L_A_89_C,A,89,1.7247509956359863
L_A_89_D,A,89,4.368103504180908
L_A_89_E,A,89,4.012807369232178
L_A_89_F,A,89,0.46536701917648315
L_A_89_G,A,89,3.3821680545806885
L_A_89_H,A,89,1.568791151046753
L_A_89_I,A,89,0.13463956117630005
L_A_89_K,A,89,2.8593156337738037
L_A_89_M,A,89,1.46648371219635
L_A_89_N,A,89,2.7963786125183105
L_A_89_P,A,89,5.239016056060791
L_A_89_Q,A,89,2.8175771236419678
L_A_89_R,A,89,3.347836971282959
L_A_89_S,A,89,2.954190254211426
L_A_89_T,A,89,2.7379448413848877
L_A_89_V,A,89,0.7160660028457642
L_A_89_W,A,89,1.0810385942459106
L_A_89_Y,A,89,0.3110644817352295
Y_A_90_A,A,90,0.1005588099360466
Y_A_90_C,A,90,0.1819293200969696
Y_A_90_D,A,90,1.2179919481277466
Y_A_90_E,A,90,0.6421024799346924
Y_A_90_F,A,90,0.12638060748577118
Y_A_90_G,A,90,1.3467347621917725
Y_A_90_H,A,90,0.06411159783601761
Y_A_90_I,A,90,0.16318172216415405
Y_A_90_K,A,90,0.7402948141098022
Y_A_90_L,A,90,0.8035773634910583
Y_A_90_M,A,90,0.16145195066928864
Y_A_90_N,A,90,0.5347920656204224
Y_A_90_P,A,90,3.0015687942504883
Y_A_90_Q,A,90,0.3240642547607422
Y_A_90_R,A,90,0.3646717965602875
Y_A_90_S,A,90,0.7089433670043945
Y_A_90_T,A,90,0.5995883345603943
Y_A_90_V,A,90,-0.4793183207511902
Y_A_90_W,A,90,0.1621307134628296
S_A_91_A,A,91,0.5955416560173035
S_A_91_C,A,91,1.0824824571609497
S_A_91_D,A,91,1.627091407775879
S_A_91_E,A,91,1.3784294128417969
S_A_91_F,A,91,2.3395230770111084
S_A_91_G,A,91,1.6590678691864014
S_A_91_H,A,91,2.343831777572632
S_A_91_I,A,91,3.473444938659668
S_A_91_K,A,91,2.9639806747436523
S_A_91_L,A,91,2.4484119415283203
S_A_91_M,A,91,1.846146583557129
S_A_91_N,A,91,2.253241539001465
S_A_91_P,A,91,3.893885374069214
S_A_91_Q,A,91,1.0076063871383667
S_A_91_R,A,91,2.0352954864501953
S_A_91_T,A,91,1.5046075582504272
S_A_91_V,A,91,2.9862382411956787
S_A_91_W,A,91,2.545055866241455
S_A_91_Y,A,91,1.7616007328033447
S_A_92_A,A,92,1.1983033418655396
S_A_92_C,A,92,1.6076922416687012
S_A_92_D,A,92,1.0153520107269287
S_A_92_E,A,92,1.2583959102630615
S_A_92_F,A,92,2.2596664428710938
S_A_92_G,A,92,1.6592137813568115
S_A_92_H,A,92,1.6670923233032227
S_A_92_I,A,92,2.0990185737609863
S_A_92_K,A,92,1.3799458742141724
S_A_92_L,A,92,1.8465601205825806
S_A_92_M,A,92,1.7864773273468018
S_A_92_N,A,92,1.2403463125228882
S_A_92_P,A,92,2.8956408500671387
S_A_92_Q,A,92,1.5046817064285278
S_A_92_R,A,92,1.1185548305511475
S_A_92_T,A,92,0.935559868812561
S_A_92_V,A,92,1.937504768371582
S_A_92_W,A,92,2.2443885803222656
S_A_92_Y,A,92,2.147402286529541
D_A_93_A,A,93,1.1826682090759277
D_A_93_C,A,93,1.4244464635849
D_A_93_E,A,93,0.3994448781013489
D_A_93_F,A,93,1.2747493982315063
D_A_93_G,A,93,1.2883678674697876
D_A_93_H,A,93,1.1226718425750732
D_A_93_I,A,93,0.9304975867271423
D_A_93_K,A,93,1.313670039176941
D_A_93_L,A,93,1.332321286201477
D_A_93_M,A,93,1.4764196872711182
D_A_93_N,A,93,0.9233323931694031
D_A_93_P,A,93,3.022467613220215
D_A_93_Q,A,93,1.061955213546753
D_A_93_R,A,93,1.250643014907837
D_A_93_S,A,93,0.8798859715461731
D_A_93_T,A,93,0.9855854511260986
D_A_93_V,A,93,1.0855638980865479
D_A_93_W,A,93,1.3598926067352295
D_A_93_Y,A,93,1.0228369235992432
W_A_94_A,A,94,0.40160319209098816
W_A_94_C,A,94,0.09179212152957916
W_A_94_D,A,94,0.4168713390827179
W_A_94_E,A,94,0.8084861040115356
W_A_94_F,A,94,0.5077531337738037
W_A_94_G,A,94,0.1737641543149948
W_A_94_H,A,94,0.2514476478099823
W_A_94_I,A,94,0.4195934236049652
W_A_94_K,A,94,0.1456005573272705
W_A_94_L,A,94,-0.017405591905117035
W_A_94_M,A,94,0.298632949590683
W_A_94_N,A,94,-0.23619425296783447
W_A_94_P,A,94,2.682647705078125
W_A_94_Q,A,94,0.44657912850379944
W_A_94_R,A,94,0.3793746531009674
W_A_94_S,A,94,0.09464182704687119
W_A_94_T,A,94,0.28137829899787903
W_A_94_V,A,94,0.5242074728012085
W_A_94_Y,A,94,0.3772507607936859
L_A_95_A,A,95,0.5136085748672485
L_A_95_C,A,95,1.1312036514282227
L_A_95_D,A,95,0.09103016555309296
L_A_95_E,A,95,-0.0982668399810791
L_A_95_F,A,95,0.6409969925880432
L_A_95_G,A,95,1.1027989387512207
L_A_95_H,A,95,0.45277419686317444
L_A_95_I,A,95,0.3629652261734009
L_A_95_K,A,95,0.633780837059021
L_A_95_M,A,95,0.48609045147895813
L_A_95_N,A,95,0.6925150156021118
L_A_95_P,A,95,2.276064395904541
L_A_95_Q,A,95,0.33312615752220154
L_A_95_R,A,95,0.561215877532959
L_A_95_S,A,95,0.46942138671875
L_A_95_T,A,95,0.3569868803024292
L_A_95_V,A,95,0.5372592210769653
L_A_95_W,A,95,0.5362197160720825
L_A_95_Y,A,95,0.2825061082839966
I_A_96_A,A,96,1.4798439741134644
I_A_96_C,A,96,1.320996880531311
I_A_96_D,A,96,3.523374080657959
I_A_96_E,A,96,2.779890537261963
I_A_96_F,A,96,2.170821189880371
I_A_96_G,A,96,2.872004747390747
I_A_96_H,A,96,2.668321371078491
I_A_96_K,A,96,2.7898671627044678
I_A_96_L,A,96,1.1230286359786987
I_A_96_M,A,96,2.0014102458953857
I_A_96_N,A,96,2.8220951557159424
I_A_96_P,A,96,3.763504981994629
I_A_96_Q,A,96,1.6021997928619385
I_A_96_R,A,96,2.4009063243865967
I_A_96_S,A,96,2.1132113933563232
I_A_96_T,A,96,1.050601601600647
I_A_96_V,A,96,0.26945316791534424
I_A_96_W,A,96,3.6410181522369385
I_A_96_Y,A,96,2.6139471530914307
Y_A_97_A,A,97,2.771604061126709
Y_A_97_C,A,97,3.0813755989074707
Y_A_97_D,A,97,4.290058612823486
Y_A_97_E,A,97,3.9400269985198975
Y_A_97_F,A,97,0.8580775260925293
Y_A_97_G,A,97,3.918182373046875
Y_A_97_H,A,97,1.325880765914917
Y_A_97_I,A,97,5.223971366882324
Y_A_97_K,A,97,4.725888252258301
Y_A_97_L,A,97,4.3078789710998535
Y_A_97_M,A,97,3.559049129486084
Y_A_97_N,A,97,3.2124691009521484
Y_A_97_P,A,97,5.333085060119629
Y_A_97_Q,A,97,4.397588729858398
Y_A_97_R,A,97,4.111856460571289
Y_A_97_S,A,97,3.1604723930358887
Y_A_97_T,A,97,4.617091655731201
Y_A_97_V,A,97,4.191033363342285
Y_A_97_W,A,97,0.13154089450836182
K_A_98_A,A,98,0.7014370560646057
K_A_98_C,A,98,0.8829127550125122
K_A_98_D,A,98,1.661131501197815
K_A_98_E,A,98,0.6154271364212036
K_A_98_F,A,98,1.2426869869232178
K_A_98_G,A,98,1.7614461183547974
K_A_98_H,A,98,0.46557900309562683
K_A_98_I,A,98,1.0704776048660278
K_A_98_L,A,98,0.8777226209640503
K_A_98_M,A,98,0.9880871772766113
K_A_98_N,A,98,1.5564016103744507
K_A_98_P,A,98,3.876544713973999
K_A_98_Q,A,98,0.2899923324584961
K_A_98_R,A,98,-0.3784598708152771
K_A_98_S,A,98,0.8494915962219238
K_A_98_T,A,98,0.8957663774490356
K_A_98_V,A,98,0.6927636861801147
K_A_98_W,A,98,1.2368080615997314
K_A_98_Y,A,98,0.6352933645248413
T_A_99_A,A,99,0.860378623008728
T_A_99_C,A,99,1.1860026121139526
T_A_99_D,A,99,1.1819334030151367
T_A_99_E,A,99,1.4626142978668213
T_A_99_F,A,99,2.0816516876220703
T_A_99_G,A,99,2.231551170349121
T_A_99_H,A,99,2.311826229095459
T_A_99_I,A,99,2.919489860534668
T_A_99_K,A,99,3.018017530441284
T_A_99_L,A,99,3.237030506134033
T_A_99_M,A,99,2.16788387298584
T_A_99_N,A,99,2.0012998580932617
T_A_99_P,A,99,3.1051697731018066
T_A_99_Q,A,99,2.076807975769043
T_A_99_R,A,99,2.8639183044433594
T_A_99_S,A,99,0.653875470161438
T_A_99_V,A,99,2.1039316654205322
T_A_99_W,A,99,2.2815678119659424
T_A_99_Y,A,99,2.0275192260742188
T_A_100_A,A,100,0.9806140065193176
T_A_100_C,A,100,1.200774073600769
T_A_100_D,A,100,0.6620862483978271
T_A_100_E,A,100,0.6959510445594788
T_A_100_F,A,100,0.9322017431259155
T_A_100_G,A,100,1.428337574005127
T_A_100_H,A,100,0.9506028890609741
T_A_100_I,A,100,0.5350823998451233
T_A_100_K,A,100,0.5469867587089539
T_A_100_L,A,100,0.9634859561920166
T_A_100_M,A,100,0.9541119337081909
T_A_100_N,A,100,0.6976240277290344
T_A_100_P,A,100,2.528609275817871
T_A_100_Q,A,100,0.7027449011802673
T_A_100_R,A,100,0.7090302109718323
T_A_100_S,A,100,0.6583623290061951
T_A_100_V,A,100,0.5370770692825317
T_A_100_W,A,100,0.8749147653579712
T_A_100_Y,A,100,0.8186626434326172
D_A_101_A,A,101,0.7250394821166992
D_A_101_C,A,101,1.2179776430130005
D_A_101_E,A,101,0.7964593172073364
D_A_101_F,A,101,1.3079715967178345
D_A_101_G,A,101,0.9789199233055115
D_A_101_H,A,101,0.9146876931190491
D_A_101_I,A,101,1.2054011821746826
D_A_101_K,A,101,0.3010856807231903
D_A_101_L,A,101,1.0843476057052612
D_A_101_M,A,101,0.9464344382286072
D_A_101_N,A,101,0.23152431845664978
D_A_101_P,A,101,3.1688427925109863
D_A_101_Q,A,101,0.6999537944793701
D_A_101_R,A,101,0.5230374336242676
D_A_101_S,A,101,0.6452071070671082
D_A_101_T,A,101,0.6395279765129089
D_A_101_V,A,101,0.9472460746765137
D_A_101_W,A,101,1.5113264322280884
D_A_101_Y,A,101,1.1660754680633545
H_A_102_A,A,102,6.257964134216309
H_A_102_C,A,102,5.265827178955078
H_A_102_D,A,102,4.69304895401001
H_A_102_E,A,102,6.068696975708008
H_A_102_F,A,102,2.336477041244507
H_A_102_G,A,102,6.475458145141602
H_A_102_I,A,102,8.566426277160645
H_A_102_K,A,102,5.518476486206055
H_A_102_L,A,102,7.4667863845825195
H_A_102_M,A,102,5.070373058319092
H_A_102_N,A,102,2.811652898788452
H_A_102_P,A,102,8.393532752990723
H_A_102_Q,A,102,4.853236198425293
H_A_102_R,A,102,5.187270164489746
H_A_102_S,A,102,5.58119010925293
H_A_102_T,A,102,5.923209190368652
H_A_102_V,A,102,8.291244506835938
H_A_102_W,A,102,-0.7877519130706787
H_A_102_Y,A,102,1.767116665840149
Y_A_103_A,A,103,2.4837169647216797
Y_A_103_C,A,103,1.7868537902832031
Y_A_103_D,A,103,1.891068458557129
Y_A_103_E,A,103,2.534184217453003
Y_A_103_F,A,103,0.6851809620857239
Y_A_103_G,A,103,3.129446029663086
Y_A_103_H,A,103,0.5635360479354858
Y_A_103_I,A,103,4.141023635864258
Y_A_103_K,A,103,3.069873809814453
Y_A_103_L,A,103,2.9081733226776123
Y_A_103_M,A,103,2.2878687381744385
Y_A_103_N,A,103,1.4211969375610352
Y_A_103_P,A,103,4.294011116027832
Y_A_103_Q,A,103,3.0775673389434814
Y_A_103_R,A,103,2.3820865154266357
Y_A_103_S,A,103,2.032733917236328
Y_A_103_T,A,103,3.086341381072998
Y_A_103_V,A,103,3.304673910140991
Y_A_103_W,A,103,0.2984780967235565
Q_A_104_A,A,104,0.12816105782985687
Q_A_104_C,A,104,0.7904081344604492
Q_A_104_D,A,104,0.6233136057853699
Q_A_104_E,A,104,0.5067321062088013
Q_A_104_F,A,104,1.2962818145751953
Q_A_104_G,A,104,0.6295963525772095
Q_A_104_H,A,104,0.7489647269248962
Q_A_104_I,A,104,0.4970627427101135
Q_A_104_K,A,104,-0.4503219723701477
Q_A_104_L,A,104,0.531193733215332
Q_A_104_M,A,104,0.6249858736991882
Q_A_104_N,A,104,0.33692431449890137
Q_A_104_P,A,104,2.0768489837646484
Q_A_104_R,A,104,-0.5542693138122559
Q_A_104_S,A,104,0.26390552520751953
Q_A_104_T,A,104,0.1152108833193779
Q_A_104_V,A,104,0.17642530798912048
Q_A_104_W,A,104,1.4554377794265747
Q_A_104_Y,A,104,0.9649495482444763
T_A_105_A,A,105,0.7667299509048462
T_A_105_C,A,105,1.0700678825378418
T_A_105_D,A,105,0.2960183322429657
T_A_105_E,A,105,0.23304849863052368
T_A_105_F,A,105,0.7556136846542358
T_A_105_G,A,105,0.7639032006263733
T_A_105_H,A,105,0.2053183913230896
T_A_105_I,A,105,0.957743763923645
T_A_105_K,A,105,0.5262155532836914
T_A_105_L,A,105,0.9173915386199951
T_A_105_M,A,105,1.126355767250061
T_A_105_N,A,105,0.04833456873893738
T_A_105_P,A,105,2.1604971885681152
T_A_105_Q,A,105,0.5123167037963867
T_A_105_R,A,105,0.6004774570465088
T_A_105_S,A,105,0.17182040214538574
T_A_105_V,A,105,0.8245420455932617
T_A_105_W,A,105,0.9964090585708618
T_A_105_Y,A,105,0.6355577111244202
F_A_106_A,A,106,0.7747315764427185
F_A_106_C,A,106,1.5366714000701904
F_A_106_D,A,106,3.103867769241333
F_A_106_E,A,106,2.79250168800354
F_A_106_G,A,106,2.52783465385437
F_A_106_H,A,106,1.5844743251800537
F_A_106_I,A,106,0.47721680998802185
F_A_106_K,A,106,2.680466890335083
F_A_106_L,A,106,0.2446204125881195
F_A_106_M,A,106,0.9314250946044922
F_A_106_N,A,106,2.5338382720947266
F_A_106_P,A,106,2.3440113067626953
F_A_106_Q,A,106,2.215517520904541
F_A_106_R,A,106,1.615319848060608
F_A_106_S,A,106,1.7759151458740234
F_A_106_T,A,106,1.5491578578948975
F_A_106_V,A,106,0.5153203010559082
F_A_106_W,A,106,0.6150580644607544
F_A_106_Y,A,106,0.13730692863464355
T_A_107_A,A,107,0.08961659669876099
T_A_107_C,A,107,0.7289966344833374
T_A_107_D,A,107,0.29367509484291077
T_A_107_E,A,107,0.007094802334904671
T_A_107_F,A,107,0.322313129901886
T_A_107_G,A,107,0.6641365885734558
T_A_107_H,A,107,0.232611745595932
T_A_107_I,A,107,0.1886821687221527
T_A_107_K,A,107,0.054841600358486176
T_A_107_L,A,107,0.3119259774684906
T_A_107_M,A,107,0.5073844790458679
T_A_107_N,A,107,0.3777880072593689
T_A_107_P,A,107,2.2889199256896973
T_A_107_Q,A,107,0.15597641468048096
T_A_107_R,A,107,0.12117882072925568
T_A_107_S,A,107,0.30228057503700256
T_A_107_V,A,107,0.13405399024486542
T_A_107_W,A,107,0.5493017435073853
T_A_107_Y,A,107,0.25159627199172974
K_A_108_A,A,108,0.27447065711021423
K_A_108_C,A,108,0.37649357318878174
K_A_108_D,A,108,1.220199704170227
K_A_108_E,A,108,0.10354501008987427
K_A_108_F,A,108,0.6564976572990417
K_A_108_G,A,108,1.1478627920150757
K_A_108_H,A,108,0.9113838076591492
K_A_108_I,A,108,0.6395589113235474
K_A_108_L,A,108,0.5410115718841553
K_A_108_M,A,108,0.2961949110031128
K_A_108_N,A,108,0.8423511385917664
K_A_108_P,A,108,1.1098425388336182
K_A_108_Q,A,108,-0.24029716849327087
K_A_108_R,A,108,-0.15072433650493622
K_A_108_S,A,108,0.7026950716972351
K_A_108_T,A,108,0.38780930638313293
K_A_108_V,A,108,0.6116334795951843
K_A_108_W,A,108,1.048337697982788
K_A_108_Y,A,108,0.7763404846191406
I_A_109_A,A,109,0.46604257822036743
I_A_109_C,A,109,0.8699158430099487
I_A_109_D,A,109,1.479628324508667
I_A_109_E,A,109,0.8812187910079956
I_A_109_F,A,109,0.6480733752250671
I_A_109_G,A,109,1.4924852848052979
I_A_109_H,A,109,0.7453051805496216
I_A_109_K,A,109,0.5459069609642029
I_A_109_L,A,109,0.5070553421974182
I_A_109_M,A,109,0.3181862235069275
I_A_109_N,A,109,1.5085660219192505
I_A_109_P,A,109,5.723292350769043
I_A_109_Q,A,109,0.936690092086792
I_A_109_R,A,109,0.4741939902305603
I_A_109_S,A,109,1.0129910707473755
I_A_109_T,A,109,0.7761545181274414
I_A_109_V,A,109,0.23334644734859467
I_A_109_W,A,109,1.17951238155365
I_A_109_Y,A,109,0.529814600944519
R_A_110_A,A,110,0.36321747303009033
R_A_110_C,A,110,0.8306314945220947
R_A_110_D,A,110,0.9068020582199097
R_A_110_E,A,110,1.2248706817626953
R_A_110_F,A,110,0.8173552751541138
R_A_110_G,A,110,0.8862637281417847
R_A_110_H,A,110,0.4838898777961731
R_A_110_I,A,110,0.5215578079223633
R_A_110_K,A,110,0.23952984809875488
R_A_110_L,A,110,0.38392946124076843
R_A_110_M,A,110,0.7288950681686401
R_A_110_N,A,110,0.708644688129425
R_A_110_P,A,110,2.9240541458129883
R_A_110_Q,A,110,1.0488417148590088
R_A_110_S,A,110,0.48882603645324707
R_A_110_T,A,110,0.7625689506530762
R_A_110_V,A,110,0.5223889946937561
R_A_110_W,A,110,0.8357618451118469
R_A_110_Y,A,110,0.46982884407043457
K_D_1_A,D,1,0.11588571965694427
K_D_1_C,D,1,0.5363889932632446
K_D_1_D,D,1,0.6971753239631653
K_D_1_E,D,1,0.5117037296295166
K_D_1_F,D,1,0.18692974746227264
K_D_1_G,D,1,0.43387743830680847
K_D_1_H,D,1,0.12084760516881943
K_D_1_I,D,1,0.6724368929862976
K_D_1_L,D,1,0.5906215906143188
K_D_1_M,D,1,0.5038480758666992
K_D_1_N,D,1,0.4091735780239105
K_D_1_P,D,1,0.5155252814292908
K_D_1_Q,D,1,0.3002619743347168
K_D_1_R,D,1,0.28768521547317505
K_D_1_S,D,1,0.1885681301355362
K_D_1_T,D,1,0.2816622853279114
K_D_1_V,D,1,0.4838215410709381
K_D_1_W,D,1,0.31014975905418396
K_D_1_Y,D,1,0.13504058122634888
K_D_2_A,D,2,0.45202580094337463
K_D_2_C,D,2,0.7850251197814941
K_D_2_D,D,2,0.6009467840194702
K_D_2_E,D,2,0.4686996638774872
K_D_2_F,D,2,0.26023080945014954
K_D_2_G,D,2,0.9134020209312439
K_D_2_H,D,2,0.17004773020744324
K_D_2_I,D,2,0.020754888653755188
K_D_2_L,D,2,-0.04508198797702789
K_D_2_M,D,2,0.5610697865486145
K_D_2_N,D,2,0.5566324591636658
K_D_2_P,D,2,1.6121952533721924
K_D_2_Q,D,2,0.6085420846939087
K_D_2_R,D,2,-0.14962762594223022
K_D_2_S,D,2,0.6018745303153992
K_D_2_T,D,2,0.2688186466693878
K_D_2_V,D,2,0.09051245450973511
K_D_2_W,D,2,0.30131998658180237
K_D_2_Y,D,2,0.18789783120155334
A_D_3_C,D,3,0.7197626829147339
A_D_3_D,D,3,2.523843765258789
A_D_3_E,D,3,2.3536362648010254
A_D_3_F,D,3,0.9705272316932678
A_D_3_G,D,3,1.7297590970993042
A_D_3_H,D,3,1.4403091669082642
A_D_3_I,D,3,0.794243335723877
A_D_3_K,D,3,1.3342366218566895
A_D_3_L,D,3,0.7444279193878174
A_D_3_M,D,3,0.30569422245025635
A_D_3_N,D,3,2.25829815864563
A_D_3_P,D,3,2.801941394805908
A_D_3_Q,D,3,1.579195499420166
A_D_3_R,D,3,1.9813752174377441
A_D_3_S,D,3,0.7378014326095581
A_D_3_T,D,3,1.2668464183807373
A_D_3_V,D,3,0.7778669595718384
A_D_3_W,D,3,0.5784749984741211
A_D_3_Y,D,3,1.125693440437317
V_D_4_A,D,4,0.6731666326522827
V_D_4_C,D,4,0.9626764059066772
V_D_4_D,D,4,1.1408878564834595
V_D_4_E,D,4,0.5892841815948486
V_D_4_F,D,4,0.3883333206176758
V_D_4_G,D,4,1.204716682434082
V_D_4_H,D,4,0.67677903175354
V_D_4_I,D,4,0.14395281672477722
V_D_4_K,D,4,0.48428452014923096
V_D_4_L,D,4,0.2690042555332184
V_D_4_M,D,4,0.799685001373291
V_D_4_N,D,4,0.9760254621505737
V_D_4_P,D,4,2.068507194519043
V_D_4_Q,D,4,0.6887683868408203
V_D_4_R,D,4,0.35988348722457886
V_D_4_S,D,4,0.8412483334541321
V_D_4_T,D,4,0.4401260018348694
V_D_4_W,D,4,0.9093344211578369
V_D_4_Y,D,4,0.35100239515304565
I_D_5_A,D,5,1.4883466958999634
I_D_5_C,D,5,1.450650930404663
I_D_5_D,D,5,3.7210264205932617
I_D_5_E,D,5,3.0347185134887695
I_D_5_F,D,5,0.4421330988407135
I_D_5_G,D,5,2.0390663146972656
I_D_5_H,D,5,1.4737913608551025
I_D_5_K,D,5,2.750558614730835
I_D_5_L,D,5,0.6799735426902771
I_D_5_M,D,5,1.4971168041229248
I_D_5_N,D,5,2.6531410217285156
I_D_5_P,D,5,3.9839508533477783
I_D_5_Q,D,5,2.2556967735290527
I_D_5_R,D,5,2.74088978767395
I_D_5_S,D,5,2.0224874019622803
I_D_5_T,D,5,2.024827241897583
I_D_5_V,D,5,0.08527060598134995
I_D_5_W,D,5,1.1976454257965088
I_D_5_Y,D,5,1.010267734527588
N_D_6_A,D,6,0.4720599055290222
N_D_6_C,D,6,0.7449905872344971
N_D_6_D,D,6,-0.1736277937889099
N_D_6_E,D,6,0.13285136222839355
N_D_6_F,D,6,0.45098933577537537
N_D_6_G,D,6,1.072833776473999
N_D_6_H,D,6,0.2935478389263153
N_D_6_I,D,6,0.14253494143486023
N_D_6_K,D,6,0.37219253182411194
N_D_6_L,D,6,0.09068742394447327
N_D_6_M,D,6,0.5251952409744263
N_D_6_P,D,6,1.0737676620483398
N_D_6_Q,D,6,0.2564554214477539
N_D_6_R,D,6,0.19699057936668396
N_D_6_S,D,6,0.5646227598190308
N_D_6_T,D,6,0.38747110962867737
N_D_6_V,D,6,0.18390807509422302
N_D_6_W,D,6,0.6032603979110718
N_D_6_Y,D,6,0.14075376093387604
G_D_7_A,D,7,1.2651370763778687
G_D_7_C,D,7,2.1397218704223633
G_D_7_D,D,7,2.4173834323883057
G_D_7_E,D,7,2.504611015319824
G_D_7_F,D,7,2.738109588623047
G_D_7_H,D,7,2.855563163757324
G_D_7_I,D,7,3.5857582092285156
G_D_7_K,D,7,3.1689419746398926
G_D_7_L,D,7,3.107212543487549
G_D_7_M,D,7,2.953784227371216
G_D_7_N,D,7,2.3753814697265625
G_D_7_P,D,7,2.581968069076538
G_D_7_Q,D,7,2.806060314178467
G_D_7_R,D,7,3.0172476768493652
G_D_7_S,D,7,1.5163419246673584
G_D_7_T,D,7,3.0234436988830566
G_D_7_V,D,7,3.319861888885498
G_D_7_W,D,7,2.7629642486572266
G_D_7_Y,D,7,2.699434280395508
E_D_8_A,D,8,-0.09865342080593109
E_D_8_C,D,8,0.9302474856376648
E_D_8_D,D,8,0.42778927087783813
E_D_8_F,D,8,0.810869038105011
E_D_8_G,D,8,0.5543670654296875
E_D_8_H,D,8,0.43625521659851074
E_D_8_I,D,8,0.517699122428894
E_D_8_K,D,8,0.12059445679187775
E_D_8_L,D,8,0.46209365129470825
E_D_8_M,D,8,0.7179926037788391
E_D_8_N,D,8,0.3170757293701172
E_D_8_P,D,8,1.2934997081756592
E_D_8_Q,D,8,0.2380070686340332
E_D_8_R,D,8,0.1341794729232788
E_D_8_S,D,8,0.10056841373443604
E_D_8_T,D,8,0.2915235161781311
E_D_8_V,D,8,0.5082460045814514
E_D_8_W,D,8,0.793056309223175
E_D_8_Y,D,8,0.5797674059867859
Q_D_9_A,D,9,0.016999058425426483
Q_D_9_C,D,9,0.7495549321174622
Q_D_9_D,D,9,0.2184029221534729
Q_D_9_E,D,9,0.10504027456045151
Q_D_9_F,D,9,0.9173858761787415
Q_D_9_G,D,9,0.6021043658256531
Q_D_9_H,D,9,0.5125590562820435
Q_D_9_I,D,9,1.1464195251464844
Q_D_9_K,D,9,0.241892009973526
Q_D_9_L,D,9,0.5076372027397156
Q_D_9_M,D,9,0.5793196558952332
Q_D_9_N,D,9,0.2368607223033905
Q_D_9_P,D,9,2.704422950744629
Q_D_9_R,D,9,0.26774847507476807
Q_D_9_S,D,9,0.29335764050483704
Q_D_9_T,D,9,0.5195279121398926
Q_D_9_V,D,9,0.9953808784484863
Q_D_9_W,D,9,1.1568715572357178
Q_D_9_Y,D,9,0.8953403234481812
I_D_10_A,D,10,2.1919312477111816
I_D_10_C,D,10,1.5505038499832153
I_D_10_D,D,10,5.0763702392578125
I_D_10_E,D,10,4.481290340423584
I_D_10_F,D,10,3.145665407180786
I_D_10_G,D,10,3.7632977962493896
I_D_10_H,D,10,3.390003204345703
I_D_10_K,D,10,3.4261505603790283
I_D_10_L,D,10,0.9520281553268433
I_D_10_M,D,10,1.9313533306121826
I_D_10_N,D,10,3.691812515258789
I_D_10_P,D,10,4.502162933349609
I_D_10_Q,D,10,3.081678628921509
I_D_10_R,D,10,3.9539382457733154
I_D_10_S,D,10,3.402665376663208
I_D_10_T,D,10,2.6478588581085205
I_D_10_V,D,10,0.2626047134399414
I_D_10_W,D,10,3.6472833156585693
I_D_10_Y,D,10,3.3823132514953613
R_D_11_A,D,11,0.19337046146392822
R_D_11_C,D,11,0.6457012295722961
R_D_11_D,D,11,0.17003470659255981
R_D_11_E,D,11,0.17704057693481445
R_D_11_F,D,11,0.4456557035446167
R_D_11_G,D,11,0.25950658321380615
R_D_11_H,D,11,0.15972547233104706
R_D_11_I,D,11,0.5016639232635498
R_D_11_K,D,11,-0.0012009497731924057
R_D_11_L,D,11,0.233744814991951
R_D_11_M,D,11,0.5516082048416138
R_D_11_N,D,11,0.07924962043762207
R_D_11_P,D,11,1.1782009601593018
R_D_11_Q,D,11,-0.019367961212992668
R_D_11_S,D,11,0.03610987216234207
R_D_11_T,D,11,0.07066997140645981
R_D_11_V,D,11,0.38040897250175476
R_D_11_W,D,11,0.7357686161994934
R_D_11_Y,D,11,0.41097986698150635
S_D_12_A,D,12,0.8328372836112976
S_D_12_C,D,12,0.933975338935852
S_D_12_D,D,12,0.7554970383644104
S_D_12_E,D,12,1.0914520025253296
S_D_12_F,D,12,1.8935649394989014
S_D_12_G,D,12,0.8991913795471191
S_D_12_H,D,12,1.324164867401123
S_D_12_I,D,12,2.0825071334838867
S_D_12_K,D,12,0.9616152048110962
S_D_12_L,D,12,1.624068021774292
S_D_12_M,D,12,1.7746140956878662
S_D_12_N,D,12,0.622702419757843
S_D_12_P,D,12,2.582242965698242
S_D_12_Q,D,12,1.2139942646026611
S_D_12_R,D,12,0.9857223033905029
S_D_12_T,D,12,0.8720844984054565
S_D_12_V,D,12,1.8436572551727295
S_D_12_W,D,12,2.079444646835327
S_D_12_Y,D,12,1.6881110668182373
I_D_13_A,D,13,0.4004823863506317
I_D_13_C,D,13,0.7271860241889954
I_D_13_D,D,13,0.9306846261024475
I_D_13_E,D,13,0.41295817494392395
I_D_13_F,D,13,0.06945892423391342
I_D_13_G,D,13,0.9694139361381531
I_D_13_H,D,13,0.5013149380683899
I_D_13_K,D,13,-0.06963040679693222
I_D_13_L,D,13,0.05306676775217056
I_D_13_M,D,13,0.16258135437965393
I_D_13_N,D,13,0.433015376329422
I_D_13_P,D,13,1.0315074920654297
I_D_13_Q,D,13,0.2771567404270172
I_D_13_R,D,13,0.04480636864900589
I_D_13_S,D,13,0.18982097506523132
I_D_13_T,D,13,0.19318276643753052
I_D_13_V,D,13,0.23095592856407166
I_D_13_W,D,13,0.23438680171966553
I_D_13_Y,D,13,-0.04570486396551132
S_D_14_A,D,14,0.005011208355426788
S_D_14_C,D,14,0.8415659070014954
S_D_14_D,D,14,0.19982999563217163
S_D_14_E,D,14,-0.02383178286254406
S_D_14_F,D,14,0.6499244570732117
S_D_14_G,D,14,0.2952677309513092
S_D_14_H,D,14,0.22355109453201294
S_D_14_I,D,14,0.5961697101593018
S_D_14_K,D,14,0.10249699652194977
S_D_14_L,D,14,0.37649622559547424
S_D_14_M,D,14,0.48750314116477966
S_D_14_N,D,14,0.299090713262558
S_D_14_P,D,14,0.9737426042556763
S_D_14_Q,D,14,0.011158177629113197
S_D_14_R,D,14,0.19535866379737854
S_D_14_T,D,14,0.17081023752689362
S_D_14_V,D,14,0.5458348393440247
S_D_14_W,D,14,0.8292447328567505
S_D_14_Y,D,14,0.36682775616645813
D_D_15_A,D,15,0.8381955623626709
D_D_15_C,D,15,1.131178617477417
D_D_15_E,D,15,0.9333887100219727
D_D_15_F,D,15,1.611154317855835
D_D_15_G,D,15,1.0341060161590576
D_D_15_H,D,15,0.6653534770011902
D_D_15_I,D,15,1.9945018291473389
D_D_15_K,D,15,1.390000343322754
D_D_15_L,D,15,1.9695249795913696
D_D_15_M,D,15,1.4423290491104126
D_D_15_N,D,15,0.4052569568157196
D_D_15_P,D,15,2.9282028675079346
D_D_15_Q,D,15,0.9967711567878723
D_D_15_R,D,15,1.4619474411010742
D_D_15_S,D,15,0.8729686737060547
D_D_15_T,D,15,1.0588016510009766
D_D_15_V,D,15,1.7123095989227295
D_D_15_W,D,15,1.3053486347198486
D_D_15_Y,D,15,1.3821265697479248
L_D_16_A,D,16,2.3370978832244873
L_D_16_C,D,16,1.7860537767410278
L_D_16_D,D,16,4.272212505340576
L_D_16_E,D,16,3.561565399169922
L_D_16_F,D,16,1.504897952079773
L_D_16_G,D,16,3.0214920043945312
L_D_16_H,D,16,2.7392871379852295
L_D_16_I,D,16,1.1667721271514893
L_D_16_K,D,16,3.4174787998199463
L_D_16_M,D,16,0.8642637133598328
L_D_16_N,D,16,3.345195770263672
L_D_16_P,D,16,4.534081935882568
L_D_16_Q,D,16,2.499877452850342
L_D_16_R,D,16,2.8985908031463623
L_D_16_S,D,16,2.753669500350952
L_D_16_T,D,16,1.816014051437378
L_D_16_V,D,16,0.9180359840393066
L_D_16_W,D,16,2.027576446533203
L_D_16_Y,D,16,1.9213672876358032
H_D_17_A,D,17,0.9693677425384521
H_D_17_C,D,17,0.6458067893981934
H_D_17_D,D,17,2.0777199268341064
H_D_17_E,D,17,1.8118207454681396
H_D_17_F,D,17,-0.7250480055809021
H_D_17_G,D,17,1.1850945949554443
H_D_17_I,D,17,2.924257516860962
H_D_17_K,D,17,1.495574951171875
H_D_17_L,D,17,1.726360559463501
H_D_17_M,D,17,0.6691004633903503
H_D_17_N,D,17,0.8127010464668274
H_D_17_P,D,17,2.3168702125549316
H_D_17_Q,D,17,1.548288106918335
H_D_17_R,D,17,0.9632264971733093
H_D_17_S,D,17,0.8257705569267273
H_D_17_T,D,17,1.0536887645721436
H_D_17_V,D,17,1.8974891901016235
H_D_17_W,D,17,0.05925200879573822
H_D_17_Y,D,17,-1.149012565612793
Q_D_18_A,D,18,-0.08774063736200333
Q_D_18_C,D,18,0.6119101047515869
Q_D_18_D,D,18,0.23028072714805603
Q_D_18_E,D,18,-0.028840435668826103
Q_D_18_F,D,18,0.31211376190185547
Q_D_18_G,D,18,0.44297316670417786
Q_D_18_H,D,18,0.048903390765190125
Q_D_18_I,D,18,0.2473524808883667
Q_D_18_K,D,18,0.08304539322853088
Q_D_18_L,D,18,0.05603855848312378
Q_D_18_M,D,18,0.39153140783309937
Q_D_18_N,D,18,0.2649195194244385
Q_D_18_P,D,18,2.5464205741882324
Q_D_18_R,D,18,0.00312989205121994
Q_D_18_S,D,18,0.09013079851865768
Q_D_18_T,D,18,0.05310966074466705
Q_D_18_V,D,18,0.3103712201118469
Q_D_18_W,D,18,0.43771785497665405
Q_D_18_Y,D,18,0.14638414978981018
T_D_19_A,D,19,0.13114646077156067
T_D_19_C,D,19,0.18298287689685822
T_D_19_D,D,19,0.8021380305290222
T_D_19_E,D,19,0.376115620136261
T_D_19_F,D,19,0.3094809353351593
T_D_19_G,D,19,1.146517276763916
T_D_19_H,D,19,0.1381298154592514
T_D_19_I,D,19,0.40238338708877563
T_D_19_K,D,19,0.450706422328949
T_D_19_L,D,19,0.37406986951828003
T_D_19_M,D,19,0.35831350088119507
T_D_19_N,D,19,0.2517002820968628
T_D_19_P,D,19,3.2238450050354004
T_D_19_Q,D,19,0.3593880236148834
T_D_19_R,D,19,0.009935982525348663
T_D_19_S,D,19,0.21625162661075592
T_D_19_V,D,19,0.09011142700910568
T_D_19_W,D,19,0.15853355824947357
T_D_19_Y,D,19,0.24453133344650269
L_D_20_A,D,20,2.7329978942871094
L_D_20_C,D,20,2.074176549911499
L_D_20_D,D,20,5.258378505706787
L_D_20_E,D,20,3.6200594902038574
L_D_20_F,D,20,1.168041706085205
L_D_20_G,D,20,3.837337017059326
L_D_20_H,D,20,3.168241262435913
L_D_20_I,D,20,0.28305482864379883
L_D_20_K,D,20,3.2746758460998535
L_D_20_M,D,20,1.319191575050354
L_D_20_N,D,20,3.560070037841797
L_D_20_P,D,20,5.591554164886475
L_D_20_Q,D,20,2.516678810119629
L_D_20_R,D,20,2.7707936763763428
L_D_20_S,D,20,3.6347570419311523
L_D_20_T,D,20,2.8176324367523193
L_D_20_V,D,20,1.1516073942184448
L_D_20_W,D,20,2.1537067890167236
L_D_20_Y,D,20,1.8537983894348145
K_D_21_A,D,21,0.8840246200561523
K_D_21_C,D,21,1.5022599697113037
K_D_21_D,D,21,1.689560055732727
K_D_21_E,D,21,1.3790841102600098
K_D_21_F,D,21,1.271002173423767
K_D_21_G,D,21,1.859449863433838
K_D_21_H,D,21,0.7682123184204102
K_D_21_I,D,21,1.2788093090057373
K_D_21_L,D,21,0.8679892420768738
K_D_21_M,D,21,1.2061684131622314
K_D_21_N,D,21,1.2811931371688843
K_D_21_P,D,21,4.052494525909424
K_D_21_Q,D,21,0.794668972492218
K_D_21_R,D,21,-0.18023096024990082
K_D_21_S,D,21,1.195296049118042
K_D_21_T,D,21,1.235933542251587
K_D_21_V,D,21,1.5271365642547607
K_D_21_W,D,21,1.4961113929748535
K_D_21_Y,D,21,1.0741760730743408
K_D_22_A,D,22,0.051313772797584534
K_D_22_C,D,22,0.8549686074256897
K_D_22_D,D,22,0.24442535638809204
K_D_22_E,D,22,0.01184827834367752
K_D_22_F,D,22,0.648851215839386
K_D_22_G,D,22,0.3920130431652069
K_D_22_H,D,22,0.46771055459976196
K_D_22_I,D,22,0.40856823325157166
K_D_22_L,D,22,0.3129485547542572
K_D_22_M,D,22,0.6165670156478882
K_D_22_N,D,22,0.41854605078697205
K_D_22_P,D,22,1.8784208297729492
K_D_22_Q,D,22,0.28836697340011597
K_D_22_R,D,22,0.04679030925035477
K_D_22_S,D,22,0.29865333437919617
K_D_22_T,D,22,0.25911518931388855
K_D_22_V,D,22,0.3111256957054138
K_D_22_W,D,22,0.8437058925628662
K_D_22_Y,D,22,0.5860945582389832
E_D_23_A,D,23,0.31994178891181946
E_D_23_C,D,23,1.1508550643920898
E_D_23_D,D,23,1.3518848419189453
E_D_23_F,D,23,2.342984914779663
E_D_23_G,D,23,0.5976818799972534
E_D_23_H,D,23,0.7934867143630981
E_D_23_I,D,23,2.2397396564483643
E_D_23_K,D,23,0.5817420482635498
E_D_23_L,D,23,1.9046363830566406
E_D_23_M,D,23,1.4749560356140137
E_D_23_N,D,23,0.40371212363243103
E_D_23_P,D,23,2.8664374351501465
E_D_23_Q,D,23,0.31421616673469543
E_D_23_R,D,23,0.4697297215461731
E_D_23_S,D,23,0.45412009954452515
E_D_23_T,D,23,1.5603232383728027
E_D_23_V,D,23,1.8200898170471191
E_D_23_W,D,23,2.46604061126709
E_D_23_Y,D,23,1.7515608072280884
L_D_24_A,D,24,3.583103656768799
L_D_24_C,D,24,2.6812055110931396
L_D_24_D,D,24,6.1595869064331055
L_D_24_E,D,24,5.721283435821533
L_D_24_F,D,24,1.5976972579956055
L_D_24_G,D,24,4.714879512786865
L_D_24_H,D,24,3.43827748298645
L_D_24_I,D,24,2.7212843894958496
L_D_24_K,D,24,4.557437896728516
L_D_24_M,D,24,1.8871142864227295
L_D_24_N,D,24,4.4388227462768555
L_D_24_P,D,24,6.530646324157715
L_D_24_Q,D,24,4.463555812835693
L_D_24_R,D,24,4.739866256713867
L_D_24_S,D,24,4.714883804321289
L_D_24_T,D,24,4.372226238250732
L_D_24_V,D,24,3.239771604537964
L_D_24_W,D,24,2.001220464706421
L_D_24_Y,D,24,2.098545551300049
A_D_25_C,D,25,0.461937814950943
A_D_25_D,D,25,0.06057135760784149
A_D_25_E,D,25,0.10334143042564392
A_D_25_F,D,25,0.7357865571975708
A_D_25_G,D,25,0.1549130380153656
A_D_25_H,D,25,0.28041213750839233
A_D_25_I,D,25,0.5354940891265869
A_D_25_K,D,25,0.12252894788980484
A_D_25_L,D,25,0.442069411277771
A_D_25_M,D,25,0.6452542543411255
A_D_25_N,D,25,0.1767195165157318
A_D_25_P,D,25,2.0310847759246826
A_D_25_Q,D,25,0.3399467468261719
A_D_25_R,D,25,0.20414090156555176
A_D_25_S,D,25,0.28179123997688293
A_D_25_T,D,25,0.4280623197555542
A_D_25_V,D,25,0.4670967161655426
A_D_25_W,D,25,0.5611121654510498
A_D_25_Y,D,25,0.7264948487281799
L_D_26_A,D,26,3.0389351844787598
L_D_26_C,D,26,2.579690933227539
L_D_26_D,D,26,6.1448974609375
L_D_26_E,D,26,4.852626323699951
L_D_26_F,D,26,0.7769531011581421
L_D_26_G,D,26,4.116885662078857
L_D_26_H,D,26,3.407183885574341
L_D_26_I,D,26,2.6553237438201904
L_D_26_K,D,26,4.201396465301514
L_D_26_M,D,26,1.3284056186676025
L_D_26_N,D,26,4.074743747711182
L_D_26_P,D,26,5.157229423522949
L_D_26_Q,D,26,3.6941590309143066
L_D_26_R,D,26,4.159435272216797
L_D_26_S,D,26,4.383533954620361
L_D_26_T,D,26,3.854796886444092
L_D_26_V,D,26,2.826259136199951
L_D_26_W,D,26,1.5565968751907349
L_D_26_Y,D,26,1.3998031616210938
P_D_27_A,D,27,1.4735090732574463
P_D_27_C,D,27,2.4496185779571533
P_D_27_D,D,27,2.128540277481079
P_D_27_E,D,27,2.4516870975494385
P_D_27_F,D,27,2.370295763015747
P_D_27_G,D,27,2.414905548095703
P_D_27_H,D,27,1.7496329545974731
P_D_27_I,D,27,3.415996551513672
P_D_27_K,D,27,1.7574623823165894
P_D_27_L,D,27,2.577737331390381
P_D_27_M,D,27,2.222553253173828
P_D_27_N,D,27,2.0597763061523438
P_D_27_Q,D,27,1.956352710723877
P_D_27_R,D,27,1.6664468050003052
P_D_27_S,D,27,1.7575061321258545
P_D_27_T,D,27,2.260072946548462
P_D_27_V,D,27,2.6600539684295654
P_D_27_W,D,27,2.65720796585083
P_D_27_Y,D,27,2.420564651489258
E_D_28_A,D,28,0.3278552293777466
E_D_28_C,D,28,0.9261707663536072
E_D_28_D,D,28,0.23461148142814636
E_D_28_F,D,28,0.49938279390335083
E_D_28_G,D,28,0.785483181476593
E_D_28_H,D,28,0.5276970863342285
E_D_28_I,D,28,0.5616036057472229
E_D_28_K,D,28,0.3664504885673523
E_D_28_L,D,28,0.5984330773353577
E_D_28_M,D,28,0.6992536187171936
E_D_28_N,D,28,0.6298853158950806
E_D_28_P,D,28,0.6542538404464722
E_D_28_Q,D,28,0.3221811354160309
E_D_28_R,D,28,0.4335038661956787
E_D_28_S,D,28,0.26943397521972656
E_D_28_T,D,28,0.46324965357780457
E_D_28_V,D,28,0.37706008553504944
E_D_28_W,D,28,0.49972841143608093
E_D_28_Y,D,28,0.44246989488601685
Y_D_29_A,D,29,2.5618133544921875
Y_D_29_C,D,29,2.025167942047119
Y_D_29_D,D,29,2.154170513153076
Y_D_29_E,D,29,2.3485593795776367
Y_D_29_F,D,29,-0.07888887822628021
Y_D_29_G,D,29,2.020474433898926
Y_D_29_H,D,29,0.833224356174469
Y_D_29_I,D,29,2.6791560649871826
Y_D_29_K,D,29,2.485548496246338
Y_D_29_L,D,29,2.708397388458252
Y_D_29_M,D,29,2.2299396991729736
Y_D_29_N,D,29,1.71881103515625
Y_D_29_P,D,29,3.2550671100616455
Y_D_29_Q,D,29,2.372539520263672
Y_D_29_R,D,29,2.4661881923675537
Y_D_29_S,D,29,1.7347302436828613
Y_D_29_T,D,29,1.4829509258270264
Y_D_29_V,D,29,2.7996439933776855
Y_D_29_W,D,29,-0.3055707514286041
Y_D_30_A,D,30,3.6094279289245605
Y_D_30_C,D,30,3.067751884460449
Y_D_30_D,D,30,4.285808563232422
Y_D_30_E,D,30,4.517012596130371
Y_D_30_F,D,30,-0.04341070353984833
Y_D_30_G,D,30,4.4007391929626465
Y_D_30_H,D,30,2.000110626220703
Y_D_30_I,D,30,3.8799972534179688
Y_D_30_K,D,30,5.146615505218506
Y_D_30_L,D,30,2.9254822731018066
Y_D_30_M,D,30,2.756533145904541
Y_D_30_N,D,30,3.940566062927246
Y_D_30_P,D,30,4.723016738891602
Y_D_30_Q,D,30,3.416869640350342
Y_D_30_R,D,30,4.812899589538574
Y_D_30_S,D,30,3.2107133865356445
Y_D_30_T,D,30,3.9179110527038574
Y_D_30_V,D,30,4.016435146331787
Y_D_30_W,D,30,0.021534675732254982
G_D_31_A,D,31,2.0703158378601074
G_D_31_C,D,31,2.4846553802490234
G_D_31_D,D,31,2.877086639404297
G_D_31_E,D,31,3.2671098709106445
G_D_31_F,D,31,3.97810435295105
G_D_31_H,D,31,3.4436802864074707
G_D_31_I,D,31,4.295827865600586
G_D_31_K,D,31,3.419296979904175
G_D_31_L,D,31,3.876328945159912
G_D_31_M,D,31,3.689457893371582
G_D_31_N,D,31,2.763810396194458
G_D_31_P,D,31,3.031129837036133
G_D_31_Q,D,31,3.5068531036376953
G_D_31_R,D,31,3.68039608001709
G_D_31_S,D,31,2.301949977874756
G_D_31_T,D,31,3.4521994590759277
G_D_31_V,D,31,3.942291259765625
G_D_31_W,D,31,4.365263938903809
G_D_31_Y,D,31,3.6770331859588623
E_D_32_A,D,32,0.39783596992492676
E_D_32_C,D,32,0.9198248386383057
E_D_32_D,D,32,0.6065673828125
E_D_32_F,D,32,1.0682282447814941
E_D_32_G,D,32,0.905692994594574
E_D_32_H,D,32,1.110747218132019
E_D_32_I,D,32,1.8063812255859375
E_D_32_K,D,32,0.9334567785263062
E_D_32_L,D,32,2.036057472229004
E_D_32_M,D,32,0.5695303678512573
E_D_32_N,D,32,1.235754132270813
E_D_32_P,D,32,2.2537713050842285
E_D_32_Q,D,32,0.5825514793395996
E_D_32_R,D,32,0.5789443254470825
E_D_32_S,D,32,0.5552339553833008
E_D_32_T,D,32,1.0549044609069824
E_D_32_V,D,32,1.8616292476654053
E_D_32_W,D,32,0.8408201932907104
E_D_32_Y,D,32,1.0540266036987305
N_D_33_A,D,33,1.2203224897384644
N_D_33_C,D,33,0.6420005559921265
N_D_33_D,D,33,0.8235160112380981
N_D_33_E,D,33,1.4379464387893677
N_D_33_F,D,33,2.589900016784668
N_D_33_G,D,33,0.9007779359817505
N_D_33_H,D,33,1.2919085025787354
N_D_33_I,D,33,1.1635574102401733
N_D_33_K,D,33,0.956723153591156
N_D_33_L,D,33,1.4867769479751587
N_D_33_M,D,33,1.7892167568206787
N_D_33_P,D,33,3.7451939582824707
N_D_33_Q,D,33,1.3277935981750488
N_D_33_R,D,33,0.8224198818206787
N_D_33_S,D,33,0.6756141185760498
N_D_33_T,D,33,0.6827528476715088
N_D_33_V,D,33,0.9698557257652283
N_D_33_W,D,33,2.457409620285034
N_D_33_Y,D,33,2.5399327278137207
L_D_34_A,D,34,3.2924740314483643
L_D_34_C,D,34,2.861931324005127
L_D_34_D,D,34,3.461855888366699
L_D_34_E,D,34,2.9198763370513916
L_D_34_F,D,34,1.564916968345642
L_D_34_G,D,34,3.3587605953216553
L_D_34_H,D,34,2.0049996376037598
L_D_34_I,D,34,1.7484023571014404
L_D_34_K,D,34,2.0301003456115723
L_D_34_M,D,34,1.6437395811080933
L_D_34_N,D,34,2.835172176361084
L_D_34_P,D,34,3.92262601852417
L_D_34_Q,D,34,2.4228756427764893
L_D_34_R,D,34,1.6569023132324219
L_D_34_S,D,34,3.0052566528320312
L_D_34_T,D,34,2.678676128387451
L_D_34_V,D,34,2.3917174339294434
L_D_34_W,D,34,1.6438604593276978
L_D_34_Y,D,34,0.6018231511116028
D_D_35_A,D,35,4.095922946929932
D_D_35_C,D,35,1.7606385946273804
D_D_35_E,D,35,1.1381757259368896
D_D_35_F,D,35,3.019542694091797
D_D_35_G,D,35,2.9662203788757324
D_D_35_H,D,35,1.9779554605484009
D_D_35_I,D,35,2.4684691429138184
D_D_35_K,D,35,3.0545358657836914
D_D_35_L,D,35,3.063682794570923
D_D_35_M,D,35,2.4989781379699707
D_D_35_N,D,35,0.9063234329223633
D_D_35_P,D,35,4.456494331359863
D_D_35_Q,D,35,1.8195489645004272
D_D_35_R,D,35,2.2703373432159424
D_D_35_S,D,35,2.2005608081817627
D_D_35_T,D,35,1.9164886474609375
D_D_35_V,D,35,2.771280527114868
D_D_35_W,D,35,2.9328644275665283
D_D_35_Y,D,35,2.411527395248413
A_D_36_C,D,36,0.4275655746459961
A_D_36_D,D,36,0.47862082719802856
A_D_36_E,D,36,1.471869707107544
A_D_36_F,D,36,1.0730273723602295
A_D_36_G,D,36,0.5729416608810425
A_D_36_H,D,36,1.0468919277191162
A_D_36_I,D,36,3.885571002960205
A_D_36_K,D,36,3.0100536346435547
A_D_36_L,D,36,3.9946627616882324
A_D_36_M,D,36,1.7026162147521973
A_D_36_N,D,36,1.0304917097091675
A_D_36_P,D,36,0.6567205190658569
A_D_36_Q,D,36,1.5931365489959717
A_D_36_R,D,36,2.9503872394561768
A_D_36_S,D,36,0.0989837646484375
A_D_36_T,D,36,1.5899144411087036
A_D_36_V,D,36,3.186182975769043
A_D_36_W,D,36,0.6925497055053711
A_D_36_Y,D,36,1.0254673957824707
L_D_37_A,D,37,2.4405200481414795
L_D_37_C,D,37,1.9094065427780151
L_D_37_D,D,37,1.954578161239624
L_D_37_E,D,37,2.86600923538208
L_D_37_F,D,37,0.9535879492759705
L_D_37_G,D,37,3.395677089691162
L_D_37_H,D,37,1.0835447311401367
L_D_37_I,D,37,1.24098801612854
L_D_37_K,D,37,3.056363582611084
L_D_37_M,D,37,1.4648406505584717
L_D_37_N,D,37,2.1502459049224854
L_D_37_P,D,37,5.232524394989014
L_D_37_Q,D,37,2.246154546737671
L_D_37_R,D,37,2.3171074390411377
L_D_37_S,D,37,2.5914463996887207
L_D_37_T,D,37,1.0841608047485352
L_D_37_V,D,37,1.7327101230621338
L_D_37_W,D,37,1.5194294452667236
L_D_37_Y,D,37,1.5056753158569336
W_D_38_A,D,38,2.009089469909668
W_D_38_C,D,38,2.244647264480591
W_D_38_D,D,38,1.7979722023010254
W_D_38_E,D,38,1.0995230674743652
W_D_38_F,D,38,1.6548271179199219
W_D_38_G,D,38,2.4217615127563477
W_D_38_H,D,38,1.6820464134216309
W_D_38_I,D,38,1.8842517137527466
W_D_38_K,D,38,2.2693870067596436
W_D_38_L,D,38,2.166249990463257
W_D_38_M,D,38,1.9931414127349854
W_D_38_N,D,38,2.3627874851226807
W_D_38_P,D,38,3.9580953121185303
W_D_38_Q,D,38,1.9249173402786255
W_D_38_R,D,38,1.5032851696014404
W_D_38_S,D,38,1.8624112606048584
W_D_38_T,D,38,1.4802292585372925
W_D_38_V,D,38,1.875326156616211
W_D_38_Y,D,38,1.2601238489151
D_D_39_A,D,39,6.839652061462402
D_D_39_C,D,39,5.018759250640869
D_D_39_E,D,39,3.0405383110046387
D_D_39_F,D,39,5.753690242767334
D_D_39_G,D,39,6.217320919036865
D_D_39_H,D,39,4.155789852142334
D_D_39_I,D,39,6.784946441650391
D_D_39_K,D,39,5.311595439910889
D_D_39_L,D,39,6.232194900512695
D_D_39_M,D,39,6.0599493980407715
D_D_39_N,D,39,2.844297409057617
D_D_39_P,D,39,7.081307411193848
D_D_39_Q,D,39,4.695069313049316
D_D_39_R,D,39,4.704779148101807
D_D_39_S,D,39,5.147879123687744
D_D_39_T,D,39,5.688275337219238
D_D_39_V,D,39,6.449739933013916
D_D_39_W,D,39,5.335907459259033
D_D_39_Y,D,39,4.908576011657715
A_D_40_C,D,40,0.16878539323806763
A_D_40_D,D,40,2.3970277309417725
A_D_40_E,D,40,2.1249988079071045
A_D_40_F,D,40,0.13684940338134766
A_D_40_G,D,40,1.0035418272018433
A_D_40_H,D,40,0.37375086545944214
A_D_40_I,D,40,1.9635486602783203
A_D_40_K,D,40,3.2278904914855957
A_D_40_L,D,40,2.4200892448425293
A_D_40_M,D,40,1.683971643447876
A_D_40_N,D,40,0.9754512310028076
A_D_40_P,D,40,3.0012903213500977
A_D_40_Q,D,40,1.9162143468856812
A_D_40_R,D,40,2.9546608924865723
A_D_40_S,D,40,0.6068354249000549
A_D_40_T,D,40,1.6221877336502075
A_D_40_V,D,40,1.179337739944458
A_D_40_W,D,40,0.23527729511260986
A_D_40_Y,D,40,-0.17049378156661987
L_D_41_A,D,41,3.340256690979004
L_D_41_C,D,41,2.6234140396118164
L_D_41_D,D,41,5.320460796356201
L_D_41_E,D,41,4.844829559326172
L_D_41_F,D,41,0.9103611707687378
L_D_41_G,D,41,4.278208255767822
L_D_41_H,D,41,3.303631544113159
L_D_41_I,D,41,2.0472893714904785
L_D_41_K,D,41,4.9062347412109375
L_D_41_M,D,41,1.4503360986709595
L_D_41_N,D,41,4.2437520027160645
L_D_41_P,D,41,5.7898783683776855
L_D_41_Q,D,41,3.8455891609191895
L_D_41_R,D,41,4.696132659912109
L_D_41_S,D,41,4.287939071655273
L_D_41_T,D,41,3.773160934448242
L_D_41_V,D,41,2.4438657760620117
L_D_41_W,D,41,2.0944085121154785
L_D_41_Y,D,41,1.8373903036117554
T_D_42_A,D,42,1.869265079498291
T_D_42_C,D,42,1.247296929359436
T_D_42_D,D,42,1.0634007453918457
T_D_42_E,D,42,0.39394670724868774
T_D_42_F,D,42,0.38386082649230957
T_D_42_G,D,42,1.4981310367584229
T_D_42_H,D,42,0.4752865433692932
T_D_42_I,D,42,1.3382179737091064
T_D_42_K,D,42,0.6308233141899109
T_D_42_L,D,42,0.9115188717842102
T_D_42_M,D,42,0.3897566795349121
T_D_42_N,D,42,0.3601487874984741
T_D_42_P,D,42,3.3771748542785645
T_D_42_Q,D,42,0.6183021664619446
T_D_42_R,D,42,0.5141713619232178
T_D_42_S,D,42,0.56928551197052
T_D_42_V,D,42,1.476322889328003
T_D_42_W,D,42,0.4863564372062683
T_D_42_Y,D,42,0.8290818333625793
G_D_43_A,D,43,-0.5725940465927124
G_D_43_C,D,43,-0.6015676856040955
G_D_43_D,D,43,-0.7169842720031738
G_D_43_E,D,43,-0.10678906738758087
G_D_43_F,D,43,-0.048021748661994934
G_D_43_H,D,43,0.1534651219844818
G_D_43_I,D,43,-0.0815221443772316
G_D_43_K,D,43,0.13259315490722656
G_D_43_L,D,43,-0.2729695439338684
G_D_43_M,D,43,-0.1945486068725586
G_D_43_N,D,43,-0.5183573961257935
G_D_43_P,D,43,1.802182912826538
G_D_43_Q,D,43,-0.35716119408607483
G_D_43_R,D,43,-0.08166899532079697
G_D_43_S,D,43,-0.4133654534816742
G_D_43_T,D,43,-0.3205060660839081
G_D_43_V,D,43,-0.06796041876077652
G_D_43_W,D,43,-0.5977323055267334
G_D_43_Y,D,43,-0.03163541853427887
W_D_44_A,D,44,1.69575834274292
W_D_44_C,D,44,1.4876800775527954
W_D_44_D,D,44,1.184363603591919
W_D_44_E,D,44,1.546878695487976
W_D_44_F,D,44,0.09272617846727371
W_D_44_G,D,44,2.0664937496185303
W_D_44_H,D,44,0.4918837249279022
W_D_44_I,D,44,1.9198417663574219
W_D_44_K,D,44,2.146554946899414
W_D_44_L,D,44,1.1897952556610107
W_D_44_M,D,44,1.4156118631362915
W_D_44_N,D,44,1.73819899559021
W_D_44_P,D,44,4.126551151275635
W_D_44_Q,D,44,1.3058032989501953
W_D_44_R,D,44,1.6522202491760254
W_D_44_S,D,44,1.6379339694976807
W_D_44_T,D,44,1.357343077659607
W_D_44_V,D,44,1.9262070655822754
W_D_44_Y,D,44,0.013014346361160278
V_D_45_A,D,45,0.6004098057746887
V_D_45_C,D,45,0.6115923523902893
V_D_45_D,D,45,2.905498504638672
V_D_45_E,D,45,2.5913100242614746
V_D_45_F,D,45,0.3994712829589844
V_D_45_G,D,45,1.9286527633666992
V_D_45_H,D,45,1.423715353012085
V_D_45_I,D,45,0.19405105710029602
V_D_45_K,D,45,1.398599624633789
V_D_45_L,D,45,0.21864119172096252
V_D_45_M,D,45,0.5441127419471741
V_D_45_N,D,45,1.807094693183899
V_D_45_P,D,45,3.5669448375701904
V_D_45_Q,D,45,1.7233010530471802
V_D_45_R,D,45,0.6537991762161255
V_D_45_S,D,45,1.6234204769134521
V_D_45_T,D,45,1.1191837787628174
V_D_45_W,D,45,0.5753986835479736
V_D_45_Y,D,45,0.3180791437625885
E_D_46_A,D,46,0.27771836519241333
E_D_46_C,D,46,1.1956377029418945
E_D_46_D,D,46,0.27857470512390137
E_D_46_F,D,46,1.5731199979782104
E_D_46_G,D,46,0.9758851528167725
E_D_46_H,D,46,0.6065816879272461
E_D_46_I,D,46,1.0812926292419434
E_D_46_K,D,46,0.6789858937263489
E_D_46_L,D,46,1.1803247928619385
E_D_46_M,D,46,1.4117584228515625
E_D_46_N,D,46,0.7003109455108643
E_D_46_P,D,46,0.8429734706878662
E_D_46_Q,D,46,0.45693668723106384
E_D_46_R,D,46,0.6615914106369019
E_D_46_S,D,46,0.5431002974510193
E_D_46_T,D,46,0.7022214531898499
E_D_46_V,D,46,0.9714137315750122
E_D_46_W,D,46,1.268384575843811
E_D_46_Y,D,46,1.227531909942627
Y_D_47_A,D,47,1.1192814111709595
Y_D_47_C,D,47,1.5658226013183594
Y_D_47_D,D,47,1.8766893148422241
Y_D_47_E,D,47,0.8283234238624573
Y_D_47_F,D,47,0.2977103590965271
Y_D_47_G,D,47,1.4920660257339478
Y_D_47_H,D,47,0.4749514162540436
Y_D_47_I,D,47,1.4558128118515015
Y_D_47_K,D,47,1.3842658996582031
Y_D_47_L,D,47,0.16956709325313568
Y_D_47_M,D,47,1.1902241706848145
Y_D_47_N,D,47,1.5193153619766235
Y_D_47_P,D,47,2.5771384239196777
Y_D_47_Q,D,47,0.7297378182411194
Y_D_47_R,D,47,0.677033543586731
Y_D_47_S,D,47,1.2329788208007812
Y_D_47_T,D,47,0.7340675592422485
Y_D_47_V,D,47,1.266850471496582
Y_D_47_W,D,47,0.9788716435432434
P_D_48_A,D,48,1.5530636310577393
P_D_48_C,D,48,2.121807098388672
P_D_48_D,D,48,1.8783589601516724
P_D_48_E,D,48,1.7687926292419434
P_D_48_F,D,48,2.0205979347229004
P_D_48_G,D,48,1.394974946975708
P_D_48_H,D,48,1.73606538772583
P_D_48_I,D,48,1.9479804039001465
P_D_48_K,D,48,1.2807261943817139
P_D_48_L,D,48,1.9191420078277588
P_D_48_M,D,48,1.9010136127471924
P_D_48_N,D,48,1.7904536724090576
P_D_48_Q,D,48,1.640544056892395
P_D_48_R,D,48,1.1765297651290894
P_D_48_S,D,48,1.5091991424560547
P_D_48_T,D,48,1.5875605344772339
P_D_48_V,D,48,1.8211610317230225
P_D_48_W,D,48,2.421095848083496
P_D_48_Y,D,48,2.0446114540100098
L_D_49_A,D,49,2.522650718688965
L_D_49_C,D,49,2.6115009784698486
L_D_49_D,D,49,6.566339015960693
L_D_49_E,D,49,5.7972540855407715
L_D_49_F,D,49,1.7968943119049072
L_D_49_G,D,49,4.026913166046143
L_D_49_H,D,49,2.974207878112793
L_D_49_I,D,49,1.9145209789276123
L_D_49_K,D,49,3.6018028259277344
L_D_49_M,D,49,2.3492724895477295
L_D_49_N,D,49,4.662131309509277
L_D_49_P,D,49,6.058314800262451
L_D_49_Q,D,49,4.010721683502197
L_D_49_R,D,49,3.3272616863250732
L_D_49_S,D,49,3.8577523231506348
L_D_49_T,D,49,3.210486888885498
L_D_49_V,D,49,2.258321523666382
L_D_49_W,D,49,2.8634753227233887
L_D_49_Y,D,49,2.5781116485595703
V_D_50_A,D,50,0.3689865171909332
V_D_50_C,D,50,0.6288022398948669
V_D_50_D,D,50,0.4857918620109558
V_D_50_E,D,50,0.35903629660606384
V_D_50_F,D,50,0.8735442161560059
V_D_50_G,D,50,1.2895132303237915
V_D_50_H,D,50,0.29466789960861206
V_D_50_I,D,50,0.11724642664194107
V_D_50_K,D,50,0.32136479020118713
V_D_50_L,D,50,0.053613223135471344
V_D_50_M,D,50,0.7104797959327698
V_D_50_N,D,50,0.599132776260376
V_D_50_P,D,50,3.228705406188965
V_D_50_Q,D,50,0.5358831286430359
V_D_50_R,D,50,0.17096073925495148
V_D_50_S,D,50,0.5995213985443115
V_D_50_T,D,50,-0.005392836406826973
V_D_50_W,D,50,0.9374637007713318
V_D_50_Y,D,50,0.8533108234405518
L_D_51_A,D,51,2.3528084754943848
L_D_51_C,D,51,2.103323459625244
L_D_51_D,D,51,4.9230265617370605
L_D_51_E,D,51,4.391610145568848
L_D_51_F,D,51,0.26400017738342285
L_D_51_G,D,51,3.4871482849121094
L_D_51_H,D,51,2.976503849029541
L_D_51_I,D,51,0.4171840250492096
L_D_51_K,D,51,4.2111005783081055
L_D_51_M,D,51,1.1546906232833862
L_D_51_N,D,51,3.843355178833008
L_D_51_P,D,51,4.590005397796631
L_D_51_Q,D,51,3.2565112113952637
L_D_51_R,D,51,4.176401138305664
L_D_51_S,D,51,3.010566473007202
L_D_51_T,D,51,3.2614023685455322
L_D_51_V,D,51,0.6475334763526917
L_D_51_W,D,51,1.3275219202041626
L_D_51_Y,D,51,1.8472912311553955
E_D_52_A,D,52,0.5050471425056458
E_D_52_C,D,52,0.9239647388458252
E_D_52_D,D,52,0.251206636428833
E_D_52_F,D,52,0.3719762861728668
E_D_52_G,D,52,1.4422147274017334
E_D_52_H,D,52,-0.09039440006017685
E_D_52_I,D,52,0.016955150291323662
E_D_52_K,D,52,0.6823030114173889
E_D_52_L,D,52,0.150470569729805
E_D_52_M,D,52,0.6710937023162842
E_D_52_N,D,52,0.43090853095054626
E_D_52_P,D,52,2.8785650730133057
E_D_52_Q,D,52,0.6038031578063965
E_D_52_R,D,52,0.48623350262641907
E_D_52_S,D,52,0.5802916288375854
E_D_52_T,D,52,0.6606660485267639
E_D_52_V,D,52,0.1846483200788498
E_D_52_W,D,52,0.2743067443370819
E_D_52_Y,D,52,0.21530801057815552
W_D_53_A,D,53,2.6063685417175293
W_D_53_C,D,53,2.672792434692383
W_D_53_D,D,53,4.058510780334473
W_D_53_E,D,53,4.5807881355285645
W_D_53_F,D,53,0.9073311686515808
W_D_53_G,D,53,4.152220249176025
W_D_53_H,D,53,2.969680070877075
W_D_53_I,D,53,1.5992614030838013
W_D_53_K,D,53,3.810533046722412
W_D_53_L,D,53,2.4860291481018066
W_D_53_M,D,53,2.814134120941162
W_D_53_N,D,53,3.9144320487976074
W_D_53_P,D,53,5.104313850402832
W_D_53_Q,D,53,4.21164083480835
W_D_53_R,D,53,4.108835220336914
W_D_53_S,D,53,3.3122599124908447
W_D_53_T,D,53,3.5159010887145996
W_D_53_V,D,53,1.6839327812194824
W_D_53_Y,D,53,0.7621384859085083
R_D_54_A,D,54,0.21267330646514893
R_D_54_C,D,54,0.60219806432724
R_D_54_D,D,54,0.6871981024742126
R_D_54_E,D,54,0.42964231967926025
R_D_54_F,D,54,0.11835984140634537
R_D_54_G,D,54,0.4455157518386841
R_D_54_H,D,54,0.006705906242132187
R_D_54_I,D,54,0.5778049230575562
R_D_54_K,D,54,0.1726164072751999
R_D_54_L,D,54,0.22084307670593262
R_D_54_M,D,54,0.46788516640663147
R_D_54_N,D,54,0.10085280984640121
R_D_54_P,D,54,1.1635346412658691
R_D_54_Q,D,54,0.1299677938222885
R_D_54_S,D,54,0.27635321021080017
R_D_54_T,D,54,0.2711777985095978
R_D_54_V,D,54,0.6999573707580566
R_D_54_W,D,54,0.35438328981399536
R_D_54_Y,D,54,0.03672615438699722
Q_D_55_A,D,55,-0.15501868724822998
Q_D_55_C,D,55,0.02204146981239319
Q_D_55_D,D,55,0.006888208910822868
Q_D_55_E,D,55,0.09402305632829666
Q_D_55_F,D,55,0.03504791855812073
Q_D_55_G,D,55,0.11861804127693176
Q_D_55_H,D,55,-0.26235532760620117
Q_D_55_I,D,55,1.3895047903060913
Q_D_55_K,D,55,-0.2510450780391693
Q_D_55_L,D,55,0.5213173627853394
Q_D_55_M,D,55,0.22519871592521667
Q_D_55_N,D,55,-0.2017735242843628
Q_D_55_P,D,55,1.6291460990905762
Q_D_55_R,D,55,-0.21165718138217926
Q_D_55_S,D,55,0.021033616736531258
Q_D_55_T,D,55,0.6819543838500977
Q_D_55_V,D,55,1.2153314352035522
Q_D_55_W,D,55,0.22334134578704834
Q_D_55_Y,D,55,-0.24130335450172424
F_D_56_A,D,56,1.4011344909667969
F_D_56_C,D,56,1.3758032321929932
F_D_56_D,D,56,2.578068494796753
F_D_56_E,D,56,2.086470603942871
F_D_56_G,D,56,1.8507450819015503
F_D_56_H,D,56,1.1041995286941528
F_D_56_I,D,56,0.47276854515075684
F_D_56_K,D,56,1.638864517211914
F_D_56_L,D,56,0.07642073184251785
F_D_56_M,D,56,0.6876155138015747
F_D_56_N,D,56,2.030332326889038
F_D_56_P,D,56,1.9573520421981812
F_D_56_Q,D,56,1.3306386470794678
F_D_56_R,D,56,1.4265282154083252
F_D_56_S,D,56,1.8199347257614136
F_D_56_T,D,56,1.3794443607330322
F_D_56_V,D,56,0.21847569942474365
F_D_56_W,D,56,0.46570244431495667
F_D_56_Y,D,56,-0.08817987889051437
E_D_57_A,D,57,0.21244099736213684
E_D_57_C,D,57,1.1441946029663086
E_D_57_D,D,57,0.30485787987709045
E_D_57_F,D,57,0.8134275674819946
E_D_57_G,D,57,0.5282512903213501
E_D_57_H,D,57,0.5199326872825623
E_D_57_I,D,57,0.8330210447311401
E_D_57_K,D,57,0.6313655972480774
E_D_57_L,D,57,0.5137699842453003
E_D_57_M,D,57,0.8178509473800659
E_D_57_N,D,57,0.5178126096725464
E_D_57_P,D,57,0.8130232095718384
E_D_57_Q,D,57,0.3193483352661133
E_D_57_R,D,57,0.5462008118629456
E_D_57_S,D,57,0.42876964807510376
E_D_57_T,D,57,0.6401156187057495
E_D_57_V,D,57,0.877782940864563
E_D_57_W,D,57,0.7996625304222107
E_D_57_Y,D,57,0.5474939346313477
Q_D_58_A,D,58,-0.35362616181373596
Q_D_58_C,D,58,0.5756672620773315
Q_D_58_D,D,58,0.4176523983478546
Q_D_58_E,D,58,0.07747860252857208
Q_D_58_F,D,58,0.4480389654636383
Q_D_58_G,D,58,0.6444298028945923
Q_D_58_H,D,58,0.14497017860412598
Q_D_58_I,D,58,0.5787603259086609
Q_D_58_K,D,58,-0.028288451954722404
Q_D_58_L,D,58,0.5117087364196777
Q_D_58_M,D,58,0.39646613597869873
Q_D_58_N,D,58,0.20945970714092255
Q_D_58_P,D,58,1.3792897462844849
Q_D_58_R,D,58,0.19521059095859528
Q_D_58_S,D,58,0.12193820625543594
Q_D_58_T,D,58,0.23910655081272125
Q_D_58_V,D,58,0.4422147870063782
Q_D_58_W,D,58,0.48855745792388916
Q_D_58_Y,D,58,0.1949157863855362
S_D_59_A,D,59,-0.6164977550506592
S_D_59_C,D,59,0.3942413330078125
S_D_59_D,D,59,1.6432392597198486
S_D_59_E,D,59,1.5325207710266113
S_D_59_F,D,59,1.7653539180755615
S_D_59_G,D,59,0.876311182975769
S_D_59_H,D,59,0.8374344706535339
S_D_59_I,D,59,1.3312870264053345
S_D_59_K,D,59,0.9227350354194641
S_D_59_L,D,59,1.146003007888794
S_D_59_M,D,59,0.4671913981437683
S_D_59_N,D,59,1.4818029403686523
S_D_59_P,D,59,2.4432175159454346
S_D_59_Q,D,59,1.0686038732528687
S_D_59_R,D,59,0.5515946745872498
S_D_59_T,D,59,0.2591286301612854
S_D_59_V,D,59,0.6414784789085388
S_D_59_W,D,59,0.5251472592353821
S_D_59_Y,D,59,1.0945022106170654
K_D_60_A,D,60,0.35264843702316284
K_D_60_C,D,60,0.745812177658081
K_D_60_D,D,60,0.7827315330505371
K_D_60_E,D,60,0.47271549701690674
K_D_60_F,D,60,0.5174840092658997
K_D_60_G,D,60,1.1632874011993408
K_D_60_H,D,60,0.4411889314651489
K_D_60_I,D,60,0.7032126188278198
K_D_60_L,D,60,-0.048316292464733124
K_D_60_M,D,60,0.5548320412635803
K_D_60_N,D,60,0.9038318395614624
K_D_60_P,D,60,3.2280404567718506
K_D_60_Q,D,60,0.39872393012046814
K_D_60_R,D,60,-0.3252143859863281
K_D_60_S,D,60,0.442423015832901
K_D_60_T,D,60,0.5522429347038269
K_D_60_V,D,60,0.3384510576725006
K_D_60_W,D,60,0.32376566529273987
K_D_60_Y,D,60,0.20560690760612488
Q_D_61_A,D,61,-0.10645738989114761
Q_D_61_C,D,61,0.5541061162948608
Q_D_61_D,D,61,0.07664617896080017
Q_D_61_E,D,61,-0.07476997375488281
Q_D_61_F,D,61,0.3179141581058502
Q_D_61_G,D,61,0.286009281873703
Q_D_61_H,D,61,0.28308001160621643
Q_D_61_I,D,61,0.15045607089996338
Q_D_61_K,D,61,-0.048542000353336334
Q_D_61_L,D,61,0.016554050147533417
Q_D_61_M,D,61,0.22426941990852356
Q_D_61_N,D,61,0.21588416397571564
Q_D_61_P,D,61,1.1984868049621582
Q_D_61_R,D,61,-0.10275661200284958
Q_D_61_S,D,61,0.1251687854528427
Q_D_61_T,D,61,0.07938895374536514
Q_D_61_V,D,61,0.13389858603477478
Q_D_61_W,D,61,0.4767647981643677
Q_D_61_Y,D,61,0.23782935738563538
L_D_62_A,D,62,-1.597246766090393
L_D_62_C,D,62,-0.6891779899597168
L_D_62_D,D,62,-0.5819973349571228
L_D_62_E,D,62,-0.6548577547073364
L_D_62_F,D,62,-0.5946078300476074
L_D_62_G,D,62,-0.759119987487793
L_D_62_H,D,62,-1.825681209564209
L_D_62_I,D,62,1.5191810131072998
L_D_62_K,D,62,-1.1972748041152954
L_D_62_M,D,62,-0.8174809813499451
L_D_62_N,D,62,-2.607661724090576
L_D_62_P,D,62,0.9066368341445923
L_D_62_Q,D,62,-1.1897951364517212
L_D_62_R,D,62,-1.4731347560882568
L_D_62_S,D,62,-1.3593003749847412
L_D_62_T,D,62,-0.381507009267807
L_D_62_V,D,62,0.8460513353347778
L_D_62_W,D,62,-0.3396958112716675
L_D_62_Y,D,62,-1.040091872215271
T_D_63_A,D,63,0.46914589405059814
T_D_63_C,D,63,0.2782137095928192
T_D_63_D,D,63,2.9208219051361084
T_D_63_E,D,63,2.361213207244873
T_D_63_F,D,63,3.139918565750122
T_D_63_G,D,63,1.40655517578125
T_D_63_H,D,63,2.6480119228363037
T_D_63_I,D,63,0.7783361673355103
T_D_63_K,D,63,3.2510910034179688
T_D_63_L,D,63,1.3247182369232178
T_D_63_M,D,63,0.4794957637786865
T_D_63_N,D,63,1.9958823919296265
T_D_63_P,D,63,2.9443271160125732
T_D_63_Q,D,63,1.315366268157959
T_D_63_R,D,63,3.4269638061523438
T_D_63_S,D,63,0.5233805775642395
T_D_63_V,D,63,0.8927325010299683
T_D_63_W,D,63,2.522773504257202
T_D_63_Y,D,63,3.0382747650146484
G_D_66_A,D,66,0.28832197189331055
G_D_66_C,D,66,0.8006630539894104
G_D_66_D,D,66,1.0128434896469116
G_D_66_E,D,66,0.8768514394760132
G_D_66_F,D,66,0.988642692565918
G_D_66_H,D,66,1.001230239868164
G_D_66_I,D,66,1.0342373847961426
G_D_66_K,D,66,0.5939009785652161
G_D_66_L,D,66,0.7869809865951538
G_D_66_M,D,66,0.9166563749313354
G_D_66_N,D,66,0.725619912147522
G_D_66_P,D,66,0.829992413520813
G_D_66_Q,D,66,0.7617374062538147
G_D_66_R,D,66,0.5026890635490417
G_D_66_S,D,66,0.4386875629425049
G_D_66_T,D,66,0.8776360750198364
G_D_66_V,D,66,1.063603401184082
G_D_66_W,D,66,1.286353588104248
G_D_66_Y,D,66,0.9548840522766113
A_D_67_C,D,67,0.6485800743103027
A_D_67_D,D,67,1.828194499015808
A_D_67_E,D,67,1.1053684949874878
A_D_67_F,D,67,0.06541430205106735
A_D_67_G,D,67,0.9331801533699036
A_D_67_H,D,67,0.8306049704551697
A_D_67_I,D,67,1.0496079921722412
A_D_67_K,D,67,1.248175859451294
A_D_67_L,D,67,0.4017757177352905
A_D_67_M,D,67,-0.467218279838562
A_D_67_N,D,67,1.042619228363037
A_D_67_P,D,67,0.9501073360443115
A_D_67_Q,D,67,0.34881260991096497
A_D_67_R,D,67,0.727718710899353
A_D_67_S,D,67,0.40503421425819397
A_D_67_T,D,67,0.0010194778442382812
A_D_67_V,D,67,0.9343175888061523
A_D_67_W,D,67,-0.7158481478691101
A_D_67_Y,D,67,0.503237783908844
E_D_68_A,D,68,0.45229390263557434
E_D_68_C,D,68,1.0159257650375366
E_D_68_D,D,68,0.28743165731430054
E_D_68_F,D,68,0.6915528774261475
E_D_68_G,D,68,0.6204957962036133
E_D_68_H,D,68,0.6582746505737305
E_D_68_I,D,68,0.526464581489563
E_D_68_K,D,68,0.674525260925293
E_D_68_L,D,68,0.38418588042259216
E_D_68_M,D,68,0.719028651714325
E_D_68_N,D,68,0.698336660861969
E_D_68_P,D,68,1.8947498798370361
E_D_68_Q,D,68,0.35657668113708496
E_D_68_R,D,68,0.5461340546607971
E_D_68_S,D,68,0.4608258605003357
E_D_68_T,D,68,0.46978968381881714
E_D_68_V,D,68,0.4943998157978058
E_D_68_W,D,68,0.7789850234985352
E_D_68_Y,D,68,0.5078808069229126
S_D_69_A,D,69,0.029588358476758003
S_D_69_C,D,69,0.6431643962860107
S_D_69_D,D,69,-0.18155537545681
S_D_69_E,D,69,-0.14065510034561157
S_D_69_F,D,69,0.6064445972442627
S_D_69_G,D,69,0.5422823429107666
S_D_69_H,D,69,0.19547691941261292
S_D_69_I,D,69,0.8153008222579956
S_D_69_K,D,69,-0.11640478670597076
S_D_69_L,D,69,0.2521491050720215
S_D_69_M,D,69,0.28190529346466064
S_D_69_N,D,69,-0.04582852125167847
S_D_69_P,D,69,0.8550422191619873
S_D_69_Q,D,69,-0.04922329634428024
S_D_69_R,D,69,-0.017086846753954887
S_D_69_T,D,69,0.4549320638179779
S_D_69_V,D,69,0.8174808025360107
S_D_69_W,D,69,0.8516401052474976
S_D_69_Y,D,69,0.4708893895149231
V_D_70_A,D,70,1.1248506307601929
V_D_70_C,D,70,1.1407461166381836
V_D_70_D,D,70,2.748709201812744
V_D_70_E,D,70,1.8561575412750244
V_D_70_F,D,70,0.022916704416275024
V_D_70_G,D,70,2.6848175525665283
V_D_70_H,D,70,0.9556959271430969
V_D_70_I,D,70,-0.17744460701942444
V_D_70_K,D,70,2.0233280658721924
V_D_70_L,D,70,0.32211965322494507
V_D_70_M,D,70,0.41649535298347473
V_D_70_N,D,70,2.131305456161499
V_D_70_P,D,70,3.6817233562469482
V_D_70_Q,D,70,1.4937787055969238
V_D_70_R,D,70,1.4322643280029297
V_D_70_S,D,70,1.975142240524292
V_D_70_T,D,70,1.1244547367095947
V_D_70_W,D,70,0.3970579206943512
V_D_70_Y,D,70,0.04735683649778366
L_D_71_A,D,71,2.7920706272125244
L_D_71_C,D,71,2.961876630783081
L_D_71_D,D,71,3.9402849674224854
L_D_71_E,D,71,2.5228281021118164
L_D_71_F,D,71,1.609374761581421
L_D_71_G,D,71,3.44600510597229
L_D_71_H,D,71,2.0351006984710693
L_D_71_I,D,71,2.3075056076049805
L_D_71_K,D,71,2.2434680461883545
L_D_71_M,D,71,1.950817346572876
L_D_71_N,D,71,3.7423880100250244
L_D_71_P,D,71,5.36163330078125
L_D_71_Q,D,71,2.5307507514953613
L_D_71_R,D,71,1.859982967376709
L_D_71_S,D,71,3.0668575763702393
L_D_71_T,D,71,3.23412823677063
L_D_71_V,D,71,2.4217758178710938
L_D_71_W,D,71,1.898898959159851
L_D_71_Y,D,71,1.3543727397918701
Q_D_72_A,D,72,-0.03010370582342148
Q_D_72_C,D,72,0.45770710706710815
Q_D_72_D,D,72,-0.03531786799430847
Q_D_72_E,D,72,-0.3334493041038513
Q_D_72_F,D,72,0.38780897855758667
Q_D_72_G,D,72,0.29031631350517273
Q_D_72_H,D,72,0.0043939948081970215
Q_D_72_I,D,72,0.40567564964294434
Q_D_72_K,D,72,-0.02387537620961666
Q_D_72_L,D,72,0.1463451385498047
Q_D_72_M,D,72,0.45592814683914185
Q_D_72_N,D,72,0.1543835550546646
Q_D_72_P,D,72,2.189608335494995
Q_D_72_R,D,72,-0.051286906003952026
Q_D_72_S,D,72,0.056817539036273956
Q_D_72_T,D,72,-0.013633394613862038
Q_D_72_V,D,72,0.3497605323791504
Q_D_72_W,D,72,0.20310334861278534
Q_D_72_Y,D,72,0.18670117855072021
V_D_73_A,D,73,0.9512887001037598
V_D_73_C,D,73,0.655684769153595
V_D_73_D,D,73,2.4450936317443848
V_D_73_E,D,73,1.5446871519088745
V_D_73_F,D,73,2.3946373462677
V_D_73_G,D,73,1.6513638496398926
V_D_73_H,D,73,2.546786069869995
V_D_73_I,D,73,0.5688287019729614
V_D_73_K,D,73,3.002967596054077
V_D_73_L,D,73,1.7317315340042114
V_D_73_M,D,73,1.6313154697418213
V_D_73_N,D,73,1.3715474605560303
V_D_73_P,D,73,3.7015557289123535
V_D_73_Q,D,73,1.737518072128296
V_D_73_R,D,73,2.258455276489258
V_D_73_S,D,73,1.6676548719406128
V_D_73_T,D,73,1.0579603910446167
V_D_73_W,D,73,3.053285837173462
V_D_73_Y,D,73,2.617558479309082
F_D_74_A,D,74,1.6163954734802246
F_D_74_C,D,74,1.422847032546997
F_D_74_D,D,74,3.4806907176971436
F_D_74_E,D,74,2.9861347675323486
F_D_74_G,D,74,3.1425466537475586
F_D_74_H,D,74,1.5348353385925293
F_D_74_I,D,74,0.7484285831451416
F_D_74_K,D,74,2.9409451484680176
F_D_74_L,D,74,0.7597076892852783
F_D_74_M,D,74,1.4915944337844849
F_D_74_N,D,74,2.645873785018921
F_D_74_P,D,74,3.851207733154297
F_D_74_Q,D,74,2.570551872253418
F_D_74_R,D,74,2.601924180984497
F_D_74_S,D,74,2.6547188758850098
F_D_74_T,D,74,2.231142997741699
F_D_74_V,D,74,0.4539683759212494
F_D_74_W,D,74,0.8552603125572205
F_D_74_Y,D,74,0.31548458337783813
R_D_75_A,D,75,0.1471303403377533
R_D_75_C,D,75,0.6553418636322021
R_D_75_D,D,75,0.7925668954849243
R_D_75_E,D,75,0.06948599219322205
R_D_75_F,D,75,0.6589695811271667
R_D_75_G,D,75,0.7834657430648804
R_D_75_H,D,75,0.5171390175819397
R_D_75_I,D,75,0.26332762837409973
R_D_75_K,D,75,0.06706028431653976
R_D_75_L,D,75,-0.0338277667760849
R_D_75_M,D,75,0.5341463685035706
R_D_75_N,D,75,0.6261404752731323
R_D_75_P,D,75,2.991347312927246
R_D_75_Q,D,75,0.1356543004512787
R_D_75_S,D,75,0.46942850947380066
R_D_75_T,D,75,0.5791530609130859
R_D_75_V,D,75,0.3626096546649933
R_D_75_W,D,75,0.9038266539573669
R_D_75_Y,D,75,0.3963291049003601
E_D_76_A,D,76,1.100597620010376
E_D_76_C,D,76,1.8678233623504639
E_D_76_D,D,76,0.5969774723052979
E_D_76_F,D,76,1.6988497972488403
E_D_76_G,D,76,1.5865920782089233
E_D_76_H,D,76,1.2002441883087158
E_D_76_I,D,76,1.38375985622406
E_D_76_K,D,76,1.3072690963745117
E_D_76_L,D,76,1.126656174659729
E_D_76_M,D,76,1.6046772003173828
E_D_76_N,D,76,1.571123719215393
E_D_76_P,D,76,3.4808244705200195
E_D_76_Q,D,76,0.7561026215553284
E_D_76_R,D,76,1.1148701906204224
E_D_76_S,D,76,1.2477092742919922
E_D_76_T,D,76,1.3291211128234863
E_D_76_V,D,76,1.40260648727417
E_D_76_W,D,76,1.357753872871399
E_D_76_Y,D,76,1.462420105934143
A_D_77_C,D,77,0.4128322899341583
A_D_77_D,D,77,2.445805072784424
A_D_77_E,D,77,1.992521047592163
A_D_77_F,D,77,2.4498748779296875
A_D_77_G,D,77,1.8765251636505127
A_D_77_H,D,77,2.1172313690185547
A_D_77_I,D,77,1.467726469039917
A_D_77_K,D,77,1.8554725646972656
A_D_77_L,D,77,2.556070566177368
A_D_77_M,D,77,1.7818310260772705
A_D_77_N,D,77,1.796212911605835
A_D_77_P,D,77,3.3014285564422607
A_D_77_Q,D,77,1.9482405185699463
A_D_77_R,D,77,1.7178020477294922
A_D_77_S,D,77,0.9868528246879578
A_D_77_T,D,77,0.7852336764335632
A_D_77_V,D,77,0.5530527234077454
A_D_77_W,D,77,2.3556344509124756
A_D_77_Y,D,77,2.565761089324951
K_D_78_A,D,78,0.4124474823474884
K_D_78_C,D,78,1.1144942045211792
K_D_78_D,D,78,1.1220784187316895
K_D_78_E,D,78,0.6453132629394531
K_D_78_F,D,78,1.353837490081787
K_D_78_G,D,78,1.1589844226837158
K_D_78_H,D,78,0.6593824625015259
K_D_78_I,D,78,1.0989195108413696
K_D_78_L,D,78,0.7758535146713257
K_D_78_M,D,78,0.9077847003936768
K_D_78_N,D,78,1.5737991333007812
K_D_78_P,D,78,3.3537466526031494
K_D_78_Q,D,78,0.48540112376213074
K_D_78_R,D,78,-0.11609268188476562
K_D_78_S,D,78,0.9164777994155884
K_D_78_T,D,78,0.6972209215164185
K_D_78_V,D,78,0.7453106641769409
K_D_78_W,D,78,1.2136143445968628
K_D_78_Y,D,78,0.9856427907943726
A_D_79_C,D,79,0.9860272407531738
A_D_79_D,D,79,0.3624335825443268
A_D_79_E,D,79,0.034413546323776245
A_D_79_F,D,79,0.7336856126785278
A_D_79_G,D,79,0.8795759081840515
A_D_79_H,D,79,0.5795687437057495
A_D_79_I,D,79,0.4558793604373932
A_D_79_K,D,79,0.10600126534700394
A_D_79_L,D,79,0.3057243525981903
A_D_79_M,D,79,0.6170864105224609
A_D_79_N,D,79,0.5784144997596741
A_D_79_P,D,79,2.6125662326812744
A_D_79_Q,D,79,0.3040114939212799
A_D_79_R,D,79,0.07417616993188858
A_D_79_S,D,79,0.3783576190471649
A_D_79_T,D,79,0.38134947419166565
A_D_79_V,D,79,0.5327694416046143
A_D_79_W,D,79,0.9496057033538818
A_D_79_Y,D,79,0.6132869720458984
E_D_80_A,D,80,0.20678378641605377
E_D_80_C,D,80,1.0170234441757202
E_D_80_D,D,80,0.42546704411506653
E_D_80_F,D,80,0.6434194445610046
E_D_80_G,D,80,0.560681164264679
E_D_80_H,D,80,0.5644534826278687
E_D_80_I,D,80,0.8272418975830078
E_D_80_K,D,80,0.4099781811237335
E_D_80_L,D,80,0.41304075717926025
E_D_80_M,D,80,0.5959454774856567
E_D_80_N,D,80,0.6385961174964905
E_D_80_P,D,80,2.889153003692627
E_D_80_Q,D,80,0.337989866733551
E_D_80_R,D,80,0.23838283121585846
E_D_80_S,D,80,0.4411727488040924
E_D_80_T,D,80,0.6927022337913513
E_D_80_V,D,80,1.0436022281646729
E_D_80_W,D,80,0.8765338063240051
E_D_80_Y,D,80,0.4187738299369812
G_D_81_A,D,81,1.1569088697433472
G_D_81_C,D,81,2.1918530464172363
G_D_81_D,D,81,1.4405685663223267
G_D_81_E,D,81,1.5132606029510498
G_D_81_F,D,81,2.2256431579589844
G_D_81_H,D,81,1.9230393171310425
G_D_81_I,D,81,2.1170525550842285
G_D_81_K,D,81,1.4151339530944824
G_D_81_L,D,81,1.7749770879745483
G_D_81_M,D,81,2.42686128616333
G_D_81_N,D,81,1.4993960857391357
G_D_81_P,D,81,2.1004061698913574
G_D_81_Q,D,81,1.715590476989746
G_D_81_R,D,81,1.3929924964904785
G_D_81_S,D,81,1.3975622653961182
G_D_81_T,D,81,1.8753187656402588
G_D_81_V,D,81,2.0830254554748535
G_D_81_W,D,81,2.6092031002044678
G_D_81_Y,D,81,2.196485996246338
A_D_82_C,D,82,0.33684056997299194
A_D_82_D,D,82,1.8514856100082397
A_D_82_E,D,82,0.642853856086731
A_D_82_F,D,82,0.45992863178253174
A_D_82_G,D,82,1.1961665153503418
A_D_82_H,D,82,-0.1859014332294464
A_D_82_I,D,82,0.40621888637542725
A_D_82_K,D,82,-0.00009377114474773407
A_D_82_L,D,82,-0.4064038097858429
A_D_82_M,D,82,0.060435228049755096
A_D_82_N,D,82,-0.049193479120731354
A_D_82_P,D,82,2.3811373710632324
A_D_82_Q,D,82,0.19441671669483185
A_D_82_R,D,82,-0.3070454001426697
A_D_82_S,D,82,0.5594160556793213
A_D_82_T,D,82,0.8403732776641846
A_D_82_V,D,82,0.479137659072876
A_D_82_W,D,82,0.6180080771446228
A_D_82_Y,D,82,0.1068795919418335
D_D_83_A,D,83,0.5038584470748901
D_D_83_C,D,83,1.1974992752075195
D_D_83_E,D,83,0.41390493512153625
D_D_83_F,D,83,0.9700426459312439
D_D_83_G,D,83,1.0594662427902222
D_D_83_H,D,83,0.7008373737335205
D_D_83_I,D,83,0.8442542552947998
D_D_83_K,D,83,0.4237881600856781
D_D_83_L,D,83,0.6908210515975952
D_D_83_M,D,83,1.1241191625595093
D_D_83_N,D,83,0.45574435591697693
D_D_83_P,D,83,0.45384177565574646
D_D_83_Q,D,83,0.6796200275421143
D_D_83_R,D,83,0.5357890129089355
D_D_83_S,D,83,0.6207243204116821
D_D_83_T,D,83,0.8780030012130737
D_D_83_V,D,83,0.8250535130500793
D_D_83_W,D,83,1.2593402862548828
D_D_83_Y,D,83,0.8517516851425171
I_D_84_A,D,84,3.042609691619873
I_D_84_C,D,84,2.7847468852996826
I_D_84_D,D,84,4.8575639724731445
I_D_84_E,D,84,4.583072662353516
I_D_84_F,D,84,1.6378145217895508
I_D_84_G,D,84,3.8938255310058594
I_D_84_H,D,84,3.511362075805664
I_D_84_K,D,84,3.8619494438171387
I_D_84_L,D,84,0.9595738649368286
I_D_84_M,D,84,2.254882574081421
I_D_84_N,D,84,3.783663272857666
I_D_84_P,D,84,4.891119003295898
I_D_84_Q,D,84,3.69124436378479
I_D_84_R,D,84,3.101064682006836
I_D_84_S,D,84,3.7282662391662598
I_D_84_T,D,84,3.2635979652404785
I_D_84_V,D,84,1.103258728981018
I_D_84_W,D,84,2.5547146797180176
I_D_84_Y,D,84,2.2941641807556152
T_D_85_A,D,85,0.1523854285478592
T_D_85_C,D,85,0.9804283976554871
T_D_85_D,D,85,-0.0006577521562576294
T_D_85_E,D,85,-0.2176005244255066
T_D_85_F,D,85,0.7828835248947144
T_D_85_G,D,85,1.0045673847198486
T_D_85_H,D,85,0.4928336441516876
T_D_85_I,D,85,0.3884405493736267
T_D_85_K,D,85,0.17393341660499573
T_D_85_L,D,85,0.29021039605140686
T_D_85_M,D,85,0.8167219161987305
T_D_85_N,D,85,0.4505194425582886
T_D_85_P,D,85,2.4761269092559814
T_D_85_Q,D,85,0.23875877261161804
T_D_85_R,D,85,0.3301463723182678
T_D_85_S,D,85,0.4514605402946472
T_D_85_V,D,85,0.40652355551719666
T_D_85_W,D,85,1.196811318397522
T_D_85_Y,D,85,0.7751346826553345
I_D_86_A,D,86,2.527977466583252
I_D_86_C,D,86,2.3917040824890137
I_D_86_D,D,86,3.39424204826355
I_D_86_E,D,86,2.418027639389038
I_D_86_F,D,86,1.5439661741256714
I_D_86_G,D,86,3.110748052597046
I_D_86_H,D,86,2.83459734916687
I_D_86_K,D,86,3.6460988521575928
I_D_86_L,D,86,0.518342912197113
I_D_86_M,D,86,1.472527027130127
I_D_86_N,D,86,3.634239435195923
I_D_86_P,D,86,3.9703726768493652
I_D_86_Q,D,86,2.265462875366211
I_D_86_R,D,86,3.111877918243408
I_D_86_S,D,86,2.709827184677124
I_D_86_T,D,86,2.1479411125183105
I_D_86_V,D,86,1.0652159452438354
I_D_86_W,D,86,2.837120532989502
I_D_86_Y,D,86,2.3132517337799072
I_D_87_A,D,87,0.7133710980415344
I_D_87_C,D,87,1.1376402378082275
I_D_87_D,D,87,1.105149745941162
I_D_87_E,D,87,0.5845284461975098
I_D_87_F,D,87,0.7494783401489258
I_D_87_G,D,87,1.4750404357910156
I_D_87_H,D,87,0.7353438138961792
I_D_87_K,D,87,0.42118650674819946
I_D_87_L,D,87,0.2955681383609772
I_D_87_M,D,87,0.8707364797592163
I_D_87_N,D,87,0.75178062915802
I_D_87_P,D,87,3.0133397579193115
I_D_87_Q,D,87,0.6387245655059814
I_D_87_R,D,87,0.532052218914032
I_D_87_S,D,87,0.9723312854766846
I_D_87_T,D,87,0.8574378490447998
I_D_87_V,D,87,0.3425193130970001
I_D_87_W,D,87,1.3197345733642578
I_D_87_Y,D,87,0.6783393621444702
L_D_88_A,D,88,1.0133678913116455
L_D_88_C,D,88,1.283501386642456
L_D_88_D,D,88,1.5011515617370605
L_D_88_E,D,88,1.1560590267181396
L_D_88_F,D,88,0.9695435762405396
L_D_88_G,D,88,1.4811460971832275
L_D_88_H,D,88,1.2565057277679443
L_D_88_I,D,88,0.5342303514480591
L_D_88_K,D,88,0.7231087684631348
L_D_88_M,D,88,0.9483952522277832
L_D_88_N,D,88,1.4694344997406006
L_D_88_P,D,88,1.9570634365081787
L_D_88_Q,D,88,1.042919635772705
L_D_88_R,D,88,0.6544525027275085
L_D_88_S,D,88,1.2759511470794678
L_D_88_T,D,88,1.0627977848052979
L_D_88_V,D,88,0.8068618774414062
L_D_88_W,D,88,1.4097671508789062
L_D_88_Y,D,88,0.9233793616294861
S_D_89_A,D,89,0.18249472975730896
S_D_89_C,D,89,0.7539554238319397
S_D_89_D,D,89,0.2550184726715088
S_D_89_E,D,89,0.1566040962934494
S_D_89_F,D,89,0.792090117931366
S_D_89_G,D,89,0.6471502780914307
S_D_89_H,D,89,0.3953656256198883
S_D_89_I,D,89,0.3506115674972534
S_D_89_K,D,89,0.05204034596681595
S_D_89_L,D,89,0.3295744061470032
S_D_89_M,D,89,0.6629520654678345
S_D_89_N,D,89,0.2972354292869568
S_D_89_P,D,89,2.3041841983795166
S_D_89_Q,D,89,0.178156316280365
S_D_89_R,D,89,0.021601088345050812
S_D_89_T,D,89,0.08400071412324905
S_D_89_V,D,89,0.27909359335899353
S_D_89_W,D,89,1.0686228275299072
S_D_89_Y,D,89,0.6297549605369568